{"type": "FeatureCollection", "features": [{"type": "Feature", "properties": {"id": "0708020806", "name": "Walnut Creek", "code": "0708020806", "states": "IA", "area_km2": 234.39, "level": "HUC10", "dataset": "us-wbd", "outline": "source"}, "geometry": {"type": "MultiPolygon", "coordinates": [[[[-92.43612918779428, 41.88838625373086], [-92.43538307737879, 41.88836829018925], [-92.43470220446318, 41.88851239227233], [-92.43457893258835, 41.88842153289749], [-92.43431306383877, 41.888191445397865], [-92.43339803259016, 41.88780088081512], [-92.43282464092442, 41.887726556856876], [-92.43219347113369, 41.88769484227362], [-92.43169623780113, 41.887663786023666], [-92.43102641176051, 41.88767476831532], [-92.4303370784283, 41.88772854435688], [-92.43026258051174, 41.88775038602353], [-92.42995337947052, 41.8878410266484], [-92.42930014822156, 41.88813804539791], [-92.42882090030558, 41.8882357506061], [-92.42855464301437, 41.88827700268939], [-92.42802889614018, 41.88821349018945], [-92.42794097530697, 41.88820277456449], [-92.42762822634914, 41.888083974564665], [-92.42755969614092, 41.88804359435642], [-92.42687354926697, 41.887739906856886], [-92.42630272530954, 41.88737960060746], [-92.42573190864374, 41.88701928810797], [-92.42540816906092, 41.886846090191625], [-92.42515171697801, 41.88674866831673], [-92.42495335760327, 41.88674372665008], [-92.42475851177025, 41.88674275060845], [-92.42410783572959, 41.88675378706676], [-92.42326633573089, 41.886706669358475], [-92.42223413781585, 41.88658709540032], [-92.4214112607338, 41.88659725060864], [-92.42060648052671, 41.88672187665014], [-92.4197636909447, 41.886817711025], [-92.41938049823693, 41.88687296623323], [-92.41878282636287, 41.88683659435827], [-92.41809917532225, 41.88679498915002], [-92.41708560761549, 41.886732655816786], [-92.4165113357414, 41.886758336025075], [-92.41624347115845, 41.8868177704], [-92.41616640032527, 41.886813775608346], [-92.41536369511816, 41.88670960477515], [-92.41475259095245, 41.886577805817], [-92.41433295553644, 41.88643268602556], [-92.41419993470333, 41.88633191831741], [-92.4142032003283, 41.88597447352629], [-92.41413123887008, 41.88547366519373], [-92.41405914720353, 41.8849871579028], [-92.41396557116201, 41.88475790686152], [-92.41370324616238, 41.884432093320356], [-92.41126784095786, 41.88441524748703], [-92.40891969304482, 41.884403187070404], [-92.40887917950323, 41.884402977695395], [-92.40817218054599, 41.884299247487206], [-92.40769517742177, 41.88415380477909], [-92.40725617117243, 41.88403715477932], [-92.40688095971466, 41.88391942561281], [-92.40674984929818, 41.88387828915455], [-92.4067026388816, 41.88389131311288], [-92.40624490763236, 41.88373166207145], [-92.40582583992466, 41.88352931728008], [-92.40557949930002, 41.883270674572145], [-92.40537248680033, 41.882897845406085], [-92.40522512950886, 41.882282257907036], [-92.40515324096737, 41.88178144436614], [-92.40515761805068, 41.881309620408544], [-92.40515872013401, 41.88119061728372], [-92.40516133055068, 41.88090928499247], [-92.4049354597177, 41.880507762076434], [-92.40469411909305, 41.88015496832696], [-92.40427235659371, 41.87999023916057], [-92.4037553940945, 41.87984392145245], [-92.4033537638868, 41.879827536035805], [-92.40278903680434, 41.87985607457745], [-92.40225925451352, 41.880011253743874], [-92.40212720763873, 41.880049929785514], [-92.4020075107639, 41.88010630270206], [-92.40192498368071, 41.880145174577024], [-92.40164678159778, 41.88027620166012], [-92.40130053472336, 41.88047457145149], [-92.40083963368238, 41.88065804645123], [-92.40039826493307, 41.88079872665935], [-92.39980423993399, 41.8808957099925], [-92.39944059930957, 41.880908107909136], [-92.39905849410184, 41.88084891520087], [-92.39882447743551, 41.88066311415952], [-92.39869098681072, 41.88043950165991], [-92.39866101493575, 41.880389290201606], [-92.39837739201954, 41.88003034749386], [-92.39790016702027, 41.87991345895239], [-92.39736528889614, 41.87982486416081], [-92.3971264951465, 41.87984144436916], [-92.39698238681333, 41.87985144957747], [-92.39665634098054, 41.879935527702344], [-92.3964160097309, 41.880028002702204], [-92.3960799701481, 41.88018986832691], [-92.39563859202374, 41.880330529785056], [-92.3954843597324, 41.880343538118375], [-92.39515988889951, 41.88037090478497], [-92.39445228265066, 41.88033857874336], [-92.39405159827623, 41.88022207770189], [-92.39359351806866, 41.88010527457709], [-92.39311657848606, 41.879959772493976], [-92.39288889411137, 41.879758392285964], [-92.39271941598668, 41.87947152978636], [-92.39264663786176, 41.87928547457835], [-92.39255440973693, 41.878712843329254], [-92.39263526702847, 41.878255725621614], [-92.39266470765341, 41.87818222353836], [-92.39277243369492, 41.877913291247125], [-92.39302668265287, 41.87732840374804], [-92.39310780661103, 41.87684268604045], [-92.39306197119447, 41.87647382770768], [-92.39305447223614, 41.87641345583278], [-92.39294262015295, 41.876033204791725], [-92.39277468786156, 41.87565416729228], [-92.39237053994555, 41.875002529793335], [-92.39199900973779, 41.87473497041872], [-92.39171463577985, 41.874461793335854], [-92.39148629619689, 41.874331897502714], [-92.39131561807216, 41.87417371312796], [-92.39131738161382, 41.87398784333657], [-92.3913958014054, 41.87378808187856], [-92.39149977953019, 41.87361860375381], [-92.3915706795301, 41.87350304333734], [-92.39182302640472, 41.87311832458789], [-92.39197350244615, 41.87272813604686], [-92.39198676077945, 41.872643970421954], [-92.39197514723782, 41.87255458083877], [-92.39185780244634, 41.87249059542222], [-92.39163070661334, 41.87247485167222], [-92.39121644203067, 41.8725288818805], [-92.39045045140682, 41.87261060688036], [-92.38981890869951, 41.87263585167199], [-92.388862974326, 41.87257357354706], [-92.38788928474418, 41.87236820792242], [-92.38696793995393, 41.87204644750625], [-92.38668372432936, 41.872404674589], [-92.38639254620483, 41.87284636729669], [-92.38615874516353, 41.87328836625431], [-92.38592909099718, 41.873649424587086], [-92.38577136183079, 41.8737867370869], [-92.38519390662333, 41.87415540062795], [-92.38448198683278, 41.87458053708565], [-92.38352177433427, 41.874961445418364], [-92.38294635454349, 41.87511563708483], [-92.38235249308607, 41.875198235001335], [-92.38198860662833, 41.87523917145961], [-92.38181225871192, 41.87531323083448], [-92.38171968058708, 41.87535211000113], [-92.38148846392073, 41.87552244645917], [-92.38129481808771, 41.87576447354212], [-92.38117753996289, 41.87595436833351], [-92.38113736183794, 41.8762211714581], [-92.38113515454631, 41.87644993187439], [-92.3810181628798, 41.8766780745824], [-92.38080510454682, 41.876948597498654], [-92.38066716808868, 41.87705655687347], [-92.38049666496397, 41.87719000583161], [-92.3803032857976, 41.87740343708128], [-92.38029435454763, 41.87744784228954], [-92.38024298579768, 41.87770337458079], [-92.38021219829773, 41.877763419372336], [-92.38018448996445, 41.87781744541393], [-92.38010776392292, 41.8778384766639], [-92.38002507538135, 41.877858669372245], [-92.37982086288167, 41.87782978187226], [-92.3794196649656, 41.87777042041404], [-92.37934459517408, 41.87777802249735], [-92.37920070767433, 41.87779259228898], [-92.37901750142458, 41.87781114228896], [-92.37893933163303, 41.87786295687221], [-92.37890958371645, 41.87788268083051], [-92.37882494517486, 41.87793878499707], [-92.37874946288332, 41.87808597145522], [-92.37870794309174, 41.87816692562177], [-92.37868461392509, 41.87831795062152], [-92.37865708371677, 41.8784962141629], [-92.37856696184194, 41.87889537457892], [-92.37836276705059, 41.87922867874511], [-92.37812236809263, 41.87936481728656], [-92.37762439621841, 41.8794193131198], [-92.37712627955248, 41.87948810374468], [-92.37696392434447, 41.87950338499468], [-92.37683903059462, 41.87951514020301], [-92.37671722955315, 41.879528689161305], [-92.37622612851226, 41.87958330582785], [-92.37591947017938, 41.8796388329111], [-92.37581725142955, 41.879657340202755], [-92.37557721080489, 41.8797008027027], [-92.3753641003886, 41.87969300582773], [-92.37513493893061, 41.87964886520278], [-92.37508912538902, 41.87963389332782], [-92.37486793476438, 41.87956162249458], [-92.3744857233066, 41.879516645411286], [-92.37404513684896, 41.87957143811957], [-92.37396077226575, 41.879596864161215], [-92.37371892434948, 41.87966974853606], [-92.37335444935007, 41.879767847494236], [-92.37289445455912, 41.87985112561915], [-92.37243557643478, 41.87982002353584], [-92.37213059310193, 41.87970396936935], [-92.37201692331047, 41.87958896207789], [-92.37182855039407, 41.87928766624498], [-92.37180138685244, 41.87924441728671], [-92.37162132747773, 41.87895766937049], [-92.37145222643636, 41.87864218187099], [-92.37111108477018, 41.87831145270485], [-92.37061684727098, 41.87780326103899], [-92.37022357539655, 41.8771198308317], [-92.37003353373018, 41.876990102706884], [-92.36976725039727, 41.8768313610405], [-92.36964861602246, 41.876750374582286], [-92.36938716602288, 41.8765719016659], [-92.36904450456507, 41.87639843916617], [-92.36875797019053, 41.876353968332864], [-92.36854668998251, 41.87643859645777], [-92.36821795248301, 41.87679425166556], [-92.36810510977489, 41.8768546381238], [-92.3679291233168, 41.87694881729032], [-92.36779481706702, 41.87702069541518], [-92.36748816185916, 41.87707619958178], [-92.36731327331773, 41.87710242458172], [-92.36702832123484, 41.87714515895664], [-92.36656805665223, 41.87725700687315], [-92.36623767123609, 41.87741899541459], [-92.3661643316529, 41.87745495583118], [-92.36595965873651, 41.87751917978943], [-92.36576131290347, 41.8775814141643], [-92.36551275457055, 41.8775657443727], [-92.36528417436256, 41.87746439228948], [-92.36519593373771, 41.87736386728966], [-92.36513281915447, 41.877291976664765], [-92.36505186186292, 41.87719974020654], [-92.36494363582142, 41.87707645687345], [-92.3649163535298, 41.876970406873625], [-92.36488836811321, 41.87686167770709], [-92.36490207540481, 41.876675557915746], [-92.3649104722798, 41.87656153083259], [-92.36489346394649, 41.876346961041236], [-92.36482133165497, 41.875903315208575], [-92.3647405816551, 41.8756111475007], [-92.36444665665556, 41.87510053708484], [-92.36439630769729, 41.87504042354328], [-92.36431133373907, 41.87493897666843], [-92.36418195353093, 41.87478450896032], [-92.36393623894799, 41.87448287979413], [-92.3634249826988, 41.873951008961626], [-92.36310318478263, 41.873606066253835], [-92.36266419624167, 41.87350354437899], [-92.36258607540843, 41.87349779958731], [-92.36224362957563, 41.87347261104571], [-92.36176581082638, 41.873427062087444], [-92.36123160770222, 41.873281111045955], [-92.36096521603591, 41.87313664437954], [-92.36090517957768, 41.87308841625463], [-92.36064258166145, 41.872877479796614], [-92.36045342437005, 41.8726619527136], [-92.36026426916203, 41.87244642458892], [-92.35997973374582, 41.872269760005906], [-92.35984599312104, 41.87218671938103], [-92.35954206812147, 41.87197054958972], [-92.35923814312196, 41.87175437875669], [-92.35905027541389, 41.871410173548895], [-92.35882315562256, 41.87116583292425], [-92.35840575353987, 41.870820342299794], [-92.35804588270713, 41.87046087459203], [-92.3578002149992, 41.870159236050824], [-92.35762920145777, 41.87004389334271], [-92.35736168895818, 41.87001380063441], [-92.3569589868755, 41.870111633967554], [-92.35657498166773, 41.870252466259046], [-92.35636327750143, 41.87037996417547], [-92.35613272333512, 41.87047876105032], [-92.35583134521056, 41.87053759646693], [-92.35563437229422, 41.87057605271684], [-92.35521138583653, 41.870788153758205], [-92.3550036285452, 41.87091559646632], [-92.35493924417028, 41.870955090216285], [-92.35486491187874, 41.87100068188289], [-92.35463148271242, 41.87138542563224], [-92.35451046708761, 41.87180874229829], [-92.35445241604606, 41.872070738131185], [-92.35433562750454, 41.87227026313087], [-92.35418144208813, 41.87238378188073], [-92.35373959833885, 41.87256717354711], [-92.35349048479753, 41.87260866625535], [-92.35326107750625, 41.8725930777137], [-92.35313724313141, 41.87254233708882], [-92.35308948479815, 41.87253491833883], [-92.35290438063178, 41.87243758188066], [-92.35284210146523, 41.872404839172354], [-92.35255703896564, 41.87221735375596], [-92.35246705250745, 41.87218616625603], [-92.35213764104964, 41.87207200063119], [-92.35162375459214, 41.87181173188162], [-92.35139594000913, 41.87163886729854], [-92.35125621709267, 41.87144328188219], [-92.35115189105119, 41.871179941257594], [-92.35105798375962, 41.871007830841165], [-92.35081133376, 41.870806261049836], [-92.35033542959411, 41.87057479750854], [-92.34976315876168, 41.870414276675426], [-92.34922915251252, 41.870253969383995], [-92.34919647855423, 41.87024198188402], [-92.34871456709662, 41.870065175634295], [-92.34808550563929, 41.86984712667635], [-92.34751237855681, 41.86977238084313], [-92.34714966084908, 41.86969882875991], [-92.34676854626632, 41.8695536787601], [-92.3464843889751, 41.86928039334384], [-92.34621936085051, 41.869007217302624], [-92.34604739210079, 41.86874516209468], [-92.3460121577258, 41.86869147459481], [-92.34584364835109, 41.868333056887025], [-92.34565455460135, 41.86811750480399], [-92.34542662439338, 41.86795892459594], [-92.34528007647697, 41.86791623501267], [-92.34507019418561, 41.867846148554406], [-92.34487352335259, 41.867798489179506], [-92.34449184106154, 41.86771052251299], [-92.34407321710381, 41.867493652721635], [-92.3438305233542, 41.86734290168022], [-92.34365503793782, 41.86723389334702], [-92.34342887231315, 41.86690374022254], [-92.34337617231324, 41.8668537162643], [-92.34319838481355, 41.866684975639544], [-92.34312575773032, 41.86661604126465], [-92.34268831606428, 41.86637046626504], [-92.3425019941896, 41.866325306890126], [-92.3423257743982, 41.86628260168186], [-92.34207711919026, 41.86628117668186], [-92.3417704941907, 41.866336613140106], [-92.34163586919095, 41.866407333973314], [-92.34148079523287, 41.866606620431355], [-92.34144392960792, 41.86666957772292], [-92.34136366189972, 41.866808488139384], [-92.34132249210808, 41.86712045063888], [-92.34131062960813, 41.86714759751385], [-92.34123707335823, 41.867315917305234], [-92.34110870773344, 41.867448087096705], [-92.34091654731708, 41.8675327735549], [-92.34070570148407, 41.867574457929834], [-92.34055267960929, 41.86757358084651], [-92.34040112960952, 41.867429726680086], [-92.34020431502647, 41.86729029230531], [-92.34011627127666, 41.86722791313872], [-92.33969708065229, 41.86706822251397], [-92.3396597702357, 41.86706048293063], [-92.33927950252792, 41.86698160793077], [-92.33920079419471, 41.86696527980581], [-92.33876203898704, 41.86684836938929], [-92.33841833377926, 41.86678919647272], [-92.33829342127945, 41.866853487097615], [-92.33822602752954, 41.86688817563925], [-92.33805357961319, 41.86691577980588], [-92.33791894836338, 41.86698649334743], [-92.33763144315549, 41.867042027722334], [-92.33721048898951, 41.86705390063901], [-92.33680963274008, 41.866927196472545], [-92.33670620357361, 41.86689450272257], [-92.33665756294869, 41.86687912668094], [-92.33641177024069, 41.866720149597825], [-92.33614452128279, 41.866547301681464], [-92.33591736086652, 41.86631721522349], [-92.3358429233666, 41.8661166079321], [-92.33574817440842, 41.866030271473896], [-92.33557662128366, 41.86597208605735], [-92.33549352128381, 41.865958268349004], [-92.33530928378411, 41.865927643349096], [-92.33502281399291, 41.865883090224145], [-92.3347176660767, 41.86579553293262], [-92.33465871399346, 41.86576141105768], [-92.33431836920232, 41.865564445432994], [-92.33393820149456, 41.86533346522498], [-92.33359569628675, 41.865159897516946], [-92.3332514108706, 41.865157899600256], [-92.33296316816273, 41.86528490897507], [-92.3327768942047, 41.865432544391524], [-92.33271243587149, 41.8654836350164], [-92.3325004014968, 41.86563968397451], [-92.33217390045564, 41.865766470432675], [-92.33194421920598, 41.865779433974296], [-92.33173382024796, 41.86577820897429], [-92.33142882754015, 41.86567634647446], [-92.3312613494154, 41.865642842307864], [-92.33100862754077, 41.86561670584956], [-92.33072201816623, 41.86558643814129], [-92.33030122233356, 41.865583987099626], [-92.32978568691766, 41.86549518918309], [-92.32946097441817, 41.8654503975165], [-92.32913715358534, 41.86531982251671], [-92.3287414587943, 41.865175504808576], [-92.3286988765027, 41.865159975641916], [-92.32854916296128, 41.86514976835031], [-92.3282401296284, 41.865128696475324], [-92.32798539421212, 41.865158262100294], [-92.32772220254589, 41.86526864855841], [-92.32752913379619, 41.86543910272485], [-92.32747925567126, 41.865524249599666], [-92.32741227546302, 41.8656385943912], [-92.32727643587992, 41.86582367772422], [-92.32712176921348, 41.86598005376567], [-92.32696062233873, 41.86608037251551], [-92.32689348588048, 41.86609111105713], [-92.32679525671398, 41.86610682355711], [-92.32643213796456, 41.86607609751553], [-92.32620246296486, 41.86608904855717], [-92.32587549004876, 41.866258711056894], [-92.32558782859087, 41.86632851418176], [-92.3251465483832, 41.866454605848276], [-92.32487801400862, 41.86652452043148], [-92.324647882759, 41.86658035897306], [-92.3244745317176, 41.866693726681206], [-92.32416698796806, 41.86683490063933], [-92.32395598276007, 41.866890850639265], [-92.32372600151041, 41.866932391264186], [-92.32363591296888, 41.866998678764105], [-92.32361033171895, 41.867017500639065], [-92.32349405984411, 41.867159799597175], [-92.32342228380253, 41.86726501626367], [-92.32339691296926, 41.867302210013634], [-92.32318545463625, 41.86740105063848], [-92.32276418797022, 41.86744146313839], [-92.3224772754707, 41.86743977147171], [-92.32213343067957, 41.86739484647177], [-92.32198467963809, 41.867376842305134], [-92.32188507338827, 41.86736478397182], [-92.32161683380536, 41.86740609543011], [-92.32144438276396, 41.86743367355507], [-92.32140210047237, 41.86748541418001], [-92.321213186931, 41.86758959230485], [-92.32092521088975, 41.867687978763], [-92.3206571202652, 41.86771498917966], [-92.32015904318263, 41.86778353188788], [-92.31966247547507, 41.86770910063797], [-92.31928083068397, 41.86762104959644], [-92.31874631818482, 41.867517792304966], [-92.31834585360212, 41.8674010245968], [-92.31806045672755, 41.86725634751366], [-92.31775532964468, 41.86716874543049], [-92.31752640672833, 41.86711019334723], [-92.31720063068718, 41.86716544855551], [-92.31693253381263, 41.86719245168047], [-92.31643506610504, 41.86720378918045], [-92.3161674338138, 41.86718789751376], [-92.31590086714755, 41.86707192563898], [-92.31573085464782, 41.866870736055944], [-92.31552182443983, 41.86674080480617], [-92.31545957339824, 41.866710671472845], [-92.31531249110678, 41.86663946938961], [-92.31521413069032, 41.86664806522293], [-92.31500614944058, 41.86666623918125], [-92.31475764423266, 41.86665045688959], [-92.31462405985786, 41.866621065223], [-92.31453487964967, 41.866443530848294], [-92.31443645152484, 41.86627678605686], [-92.31434295464999, 41.866076050640515], [-92.31424823590015, 41.86598969543229], [-92.31401962027547, 41.86590254022411], [-92.3139369609006, 41.865871027724154], [-92.31382911194243, 41.86582991209922], [-92.3137149619426, 41.86577203605765], [-92.31337235673482, 41.86561270689123], [-92.31323908069334, 41.86555471730799], [-92.31287582027727, 41.865538245433015], [-92.31272326194414, 41.865494438141404], [-92.31255249840274, 41.865364730849926], [-92.31250698798618, 41.86527412876677], [-92.31245885361125, 41.86517828814192], [-92.31246099736126, 41.864978124600555], [-92.31246277236124, 41.86481251314244], [-92.31231261715311, 41.86454471105958], [-92.31227927756987, 41.86448525168464], [-92.31214369632005, 41.8642434339767], [-92.31207705048683, 41.86415204439351], [-92.31200231194524, 41.86404956210197], [-92.31165941402912, 41.86391882251887], [-92.31144501611283, 41.86386809960226], [-92.3113293213213, 41.863840727727336], [-92.31128736923807, 41.86383080376902], [-92.31105292757178, 41.863873540227246], [-92.31082717653044, 41.863935277727194], [-92.31030960673957, 41.86403941106033], [-92.3098496473653, 41.8641224360602], [-92.30953474632412, 41.86405619856032], [-92.30916293694969, 41.86394672876884], [-92.30911878486643, 41.863916912102184], [-92.30890657340842, 41.86377360793574], [-92.3088804275751, 41.863537524602805], [-92.3088836588251, 41.86323727876992], [-92.308743444242, 41.86293617147874], [-92.30872485570035, 41.862893340228766], [-92.30860346507558, 41.86261361314586], [-92.30858697549223, 41.862479480854404], [-92.30855070986729, 41.86218434647985], [-92.30855371195065, 41.861905545438674], [-92.30850925465904, 41.86168347773065], [-92.30853033382564, 41.86141211627273], [-92.30876446507528, 41.86098457356506], [-92.30882599945022, 41.86059888710736], [-92.30900066715826, 41.8603640183577], [-92.30923178903294, 41.86021527356627], [-92.30963527028229, 41.8600461193999], [-92.30995268486515, 41.85987644752515], [-92.31044153590602, 41.85977214440026], [-92.31087277444703, 41.859688942317064], [-92.31141876715452, 41.85960642877558], [-92.31173525673731, 41.85952253502569], [-92.31182361715386, 41.85930859023432], [-92.31188444215377, 41.8589872391932], [-92.31188697132046, 41.858751335026845], [-92.31189179944545, 41.85830096419426], [-92.31203914527856, 41.85793724127814], [-92.31207219632017, 41.857529935028765], [-92.31201758173694, 41.85727223815417], [-92.3118782890288, 41.85688534857144], [-92.31142459423785, 41.85638933503054], [-92.3110562692384, 41.85595817565621], [-92.31062965778074, 41.85561245169839], [-92.31020167444808, 41.855395406907064], [-92.30931517444947, 41.85513270899082], [-92.30834077965932, 41.85504105586597], [-92.3075940161188, 41.85512234544916], [-92.30701867861964, 41.85526901003226], [-92.30604011091287, 41.8555633673235], [-92.30549484112203, 41.85558151524015], [-92.30489196716462, 41.8556207683651], [-92.30473042758155, 41.85564312774005], [-92.30342781091689, 41.855719132948245], [-92.2972266650932, 41.865735991266035], [-92.29522474426301, 41.865307748558386], [-92.29509004009651, 41.86525947460012], [-92.2947300057221, 41.86513867147528], [-92.2940263796815, 41.864902590225654], [-92.29351518280731, 41.86482159126746], [-92.29306424009968, 41.86478637460084], [-92.29276112030846, 41.864726116267605], [-92.29264950885033, 41.86461513189277], [-92.29262646822536, 41.864595235017816], [-92.29246036093394, 41.86445176835139], [-92.29225399635094, 41.86427532355998], [-92.29187654426818, 41.86406654751863], [-92.29155003593536, 41.86393660897714], [-92.29144979739385, 41.86386042876893], [-92.29129061406073, 41.863709146477504], [-92.29115001197765, 41.863450907936226], [-92.29127039531078, 41.86312707356177], [-92.29150138906044, 41.86280964752058], [-92.29184991822653, 41.86242574335449], [-92.29268852239193, 41.86183038189711], [-92.29315155676619, 41.861468624606005], [-92.2934766848907, 41.86033160169109], [-92.29388865364005, 41.859056702734726], [-92.29434549218104, 41.857957067319774], [-92.29518122134641, 41.856457276697085], [-92.29608482238666, 41.85516788711578], [-92.29644375780275, 41.854452625658546], [-92.29647521821936, 41.85371785170133], [-92.2961550400949, 41.853033425660776], [-92.29548553697094, 41.852189366287064], [-92.29469826718048, 41.851414573579916], [-92.29414859322297, 41.85081176003922], [-92.29409405572304, 41.850554054831264], [-92.29407367447311, 41.85029314545665], [-92.29406900676479, 41.85023343295677], [-92.29416908280632, 41.84981815379075], [-92.29436423176432, 41.84946188920799], [-92.29453164322238, 41.84931640379153], [-92.29468280780549, 41.84918502775008], [-92.29494566926343, 41.84875769025075], [-92.29506416926324, 41.84841525795957], [-92.2949549755134, 41.84805940379346], [-92.2949257025968, 41.847964005876975], [-92.29493590572179, 41.84788071629373], [-92.2949572088467, 41.84770683087737], [-92.29504537863829, 41.847514346502635], [-92.2953639411378, 41.84723748191976], [-92.29556824947076, 41.84691701942023], [-92.29557154322077, 41.846616775670725], [-92.29542954009597, 41.84648721942091], [-92.29511804634649, 41.84612070275483], [-92.29469229218046, 41.845710581922106], [-92.2943114786394, 41.845384892339254], [-92.29417294218125, 41.84511758504806], [-92.29415676718133, 41.84484939129845], [-92.29418710155625, 41.84469944338201], [-92.29444735051419, 41.84450801109068], [-92.29470689530547, 41.844380921507536], [-92.29482279634692, 41.84427439859104], [-92.29487838593019, 41.84417956421618], [-92.29491049218012, 41.84412480171625], [-92.29522856613801, 41.843890831924966], [-92.29530512134619, 41.843862795466634], [-92.29545895363765, 41.843806455883396], [-92.29551725572088, 41.843721023591854], [-92.29566419113726, 41.84340020900902], [-92.29575328697052, 41.84312193505116], [-92.29567030572065, 41.84284261109326], [-92.29547212967928, 41.84260547046858], [-92.29521565780465, 41.842453762135506], [-92.2949755932217, 41.842336687135685], [-92.29483584113859, 41.842280843385765], [-92.29489632447184, 41.84225122880247], [-92.2950750786382, 41.84219552880256], [-92.2952767848879, 41.842110977761024], [-92.29556569947079, 41.84191972255303], [-92.29579913801211, 41.841556544428556], [-92.2958325921787, 41.84142450172044], [-92.29585931822032, 41.84129954234561], [-92.29597709322013, 41.84102144338772], [-92.29626600155302, 41.84083018922138], [-92.29649316509438, 41.840740507971475], [-92.29659288280254, 41.84070194755491], [-92.29685587238544, 41.84066890067993], [-92.29699419530192, 41.84066641422163], [-92.29715907550997, 41.840663744429946], [-92.29740825467627, 41.840668660054966], [-92.29753970155105, 41.840666073596594], [-92.29758074113431, 41.84064260380501], [-92.2976129400926, 41.84059874963839], [-92.29761338384259, 41.84055823297177], [-92.29761375571763, 41.840524202763504], [-92.29755592342603, 41.840425579846965], [-92.29742150467627, 41.840285823597185], [-92.29733457759306, 41.84020461422233], [-92.29713577134333, 41.839977607972685], [-92.29685250467713, 41.83965416526485], [-92.29668301509406, 41.83941720172356], [-92.29660073801085, 41.83907353609907], [-92.29660425988584, 41.83875184234961], [-92.2966046828025, 41.838713372558004], [-92.29660825363584, 41.83838726110013], [-92.29644276196944, 41.83800560485076], [-92.29592843072021, 41.83761097985136], [-92.29544467238765, 41.8372648517269], [-92.29530433905455, 41.83698517568564], [-92.29530503697117, 41.83692161422742], [-92.29530669113785, 41.83677071006099], [-92.29548275572091, 41.836407182978235], [-92.29560193384572, 41.83600040797887], [-92.29568328488728, 41.83561700277113], [-92.29583816926203, 41.83537987464649], [-92.29604337655336, 41.834973631938794], [-92.29621778801146, 41.834760224647425], [-92.29647682030269, 41.83467601631423], [-92.29685149113544, 41.83450672985617], [-92.29708348488509, 41.83427223089819], [-92.29723320467656, 41.833694060065795], [-92.29723787655155, 41.83326699235812], [-92.29738784113462, 41.83266552256737], [-92.29743004738458, 41.83259897152578], [-92.29754766405102, 41.832413491317766], [-92.29782337238395, 41.83217488819315], [-92.29851720571622, 41.83166438611062], [-92.2989350848822, 41.831408239236], [-92.29903687134038, 41.831345843402744], [-92.2995595775896, 41.83074849965368], [-92.29997060571395, 41.82987165382172], [-92.3002335796719, 41.82942285278074], [-92.30025883383848, 41.82937026319746], [-92.30044219425491, 41.82898857465642], [-92.30058560987963, 41.828695778823544], [-92.30081710154599, 41.82850415903215], [-92.3008774827959, 41.82822570799095], [-92.30059401404634, 41.827923712158054], [-92.29996809842231, 41.827469502783735], [-92.29937156613153, 41.82695112257624], [-92.29904464217373, 41.826510141326935], [-92.29900419842379, 41.826455584035315], [-92.29892297029892, 41.82623789341068], [-92.29897856300715, 41.82617660695246], [-92.29930124738165, 41.82620115070239], [-92.29986625675576, 41.826289261118916], [-92.30022974842188, 41.826376659035475], [-92.30032385675507, 41.826399286118765], [-92.30072387862944, 41.82653040695192], [-92.30100991508732, 41.826596493410136], [-92.30141133800339, 41.82659893507679], [-92.30201440258577, 41.82651681111861], [-92.30241629008515, 41.82647635695196], [-92.30278857758458, 41.8265215132019], [-92.3031886046673, 41.826652626743396], [-92.30356089320838, 41.826697778826656], [-92.30360232758326, 41.82669459028494], [-92.30371522133316, 41.82668589861834], [-92.30407747549924, 41.826658015285034], [-92.3043743369571, 41.82656939445184], [-92.30502972341446, 41.82624353924399], [-92.30520129528918, 41.82615007570246], [-92.30574979007997, 41.82581023195302], [-92.3061835838293, 41.825469684036875], [-92.30638190466232, 41.82501359132925], [-92.30636279632904, 41.82480589341293], [-92.30636447237072, 41.82465067987147], [-92.30636742445404, 41.82437696528859], [-92.30651293695382, 41.82412183403897], [-92.30686017445328, 41.823886646539336], [-92.30726366299427, 41.823696051747945], [-92.30764009528536, 41.82335515799849], [-92.30775824736855, 41.823034154873994], [-92.3078206734101, 41.82256268404137], [-92.30771268695196, 41.82194004862566], [-92.30763054736872, 41.82175066216763], [-92.30757279424381, 41.82161749445953], [-92.3076058588271, 41.82121018612679], [-92.30778157861852, 41.820868083002324], [-92.30804214945141, 41.8206337267527], [-92.30811668486797, 41.82061564029442], [-92.30816757028458, 41.82060329133611], [-92.30830088070104, 41.82057094446116], [-92.30893047653336, 41.82068197154433], [-92.30955915257408, 41.82087878196069], [-92.30966111403222, 41.820923758002266], [-92.31010136507322, 41.8211179600853], [-92.31038715048948, 41.82120546737684], [-92.31053096923918, 41.821163437168536], [-92.31071743903061, 41.82111818404365], [-92.31096217757187, 41.821058788210394], [-92.31130760257133, 41.82093217258557], [-92.31173720569569, 41.82097764341887], [-92.31220204736161, 41.82113462154359], [-92.31268125673591, 41.82126822987675], [-92.31273747027745, 41.821283899668344], [-92.31333749735987, 41.82148051841807], [-92.31349286402627, 41.82161679966787], [-92.31357911402613, 41.82169245279272], [-92.31370678173431, 41.821804438209256], [-92.31404694319212, 41.822171081958686], [-92.3141452254836, 41.822315251750126], [-92.31441395152484, 41.82270946633281], [-92.31465453381615, 41.822881267374214], [-92.3148710942325, 41.822862323624236], [-92.314959626524, 41.822626930916265], [-92.31501995569062, 41.822410293416624], [-92.31504906714889, 41.82230574654176], [-92.3152252056903, 41.82192074237571], [-92.31564099527299, 41.82156368820961], [-92.31574608173115, 41.82147344237643], [-92.31632338381358, 41.82111226841863], [-92.31710364214568, 41.82053782466954], [-92.31791347756109, 41.81987775904554], [-92.31855036089343, 41.819302449671454], [-92.31900741089275, 41.81894614654698], [-92.31904183693432, 41.81891930696372], [-92.3196163733918, 41.81881547258888], [-92.3203328858907, 41.8188411642555], [-92.32071490151509, 41.818961480921985], [-92.32081868797326, 41.81899416842191], [-92.32154312338878, 41.81923410175489], [-92.32167584005526, 41.81927805487982], [-92.3217703785968, 41.81933555071305], [-92.32196072963814, 41.81945131737956], [-92.32224630567936, 41.81956024342105], [-92.32279080880352, 41.819584899670986], [-92.32336443588599, 41.81956683508769], [-92.32376601921868, 41.819569502796014], [-92.32413762963478, 41.819657177795875], [-92.32502505463339, 41.81979108092071], [-92.32576935463226, 41.81990269029552], [-92.32651455671441, 41.81992851112881], [-92.32731612337983, 41.81983339862893], [-92.32737579108806, 41.8198263163373], [-92.3279496442122, 41.81978677987905], [-92.32875061921095, 41.8199630444621], [-92.32923738066853, 41.82016535904512], [-92.3293786806683, 41.82022408508669], [-92.32950727754309, 41.8202647725866], [-92.32981009316761, 41.82036058091978], [-92.3302077535837, 41.82045365383635], [-92.3303507994168, 41.82048713300293], [-92.33051614941654, 41.82049988091961], [-92.33095242962418, 41.820533533002845], [-92.33138271608183, 41.82051459029457], [-92.3316709827481, 41.82036613508648], [-92.33174420878964, 41.8202693194616], [-92.33178958274787, 41.82020932675334], [-92.33181634524783, 41.82017395175342], [-92.33173389733133, 41.819830308003986], [-92.33167704108143, 41.81973868300412], [-92.33148010566504, 41.81942132571294], [-92.33094028379088, 41.818946334046984], [-92.33037135566678, 41.81851406633933], [-92.33011757129213, 41.81810507779829], [-92.33012338275046, 41.81754747259083], [-92.33038476087506, 41.81722728092467], [-92.33046057024995, 41.81717144759142], [-92.33055811504147, 41.81709960592485], [-92.33101815879074, 41.816973599675066], [-92.33133575045693, 41.81676097259208], [-92.33162645358146, 41.81637660696765], [-92.33191626087267, 41.81607802467647], [-92.33203472545586, 41.81571410071871], [-92.33195384212262, 41.81522033196944], [-92.33187207545609, 41.81481235384507], [-92.33193409212265, 41.81436231009576], [-92.332166330664, 41.814084839262875], [-92.33257012753836, 41.813851266346546], [-92.33283080878795, 41.813595406971956], [-92.33297748066275, 41.81327454238914], [-92.33300837649602, 41.813060245514464], [-92.33292283482945, 41.81272562884834], [-92.33308323274588, 41.81275505280661], [-92.33329771816219, 41.81280455280654], [-92.33395372649454, 41.813130070514376], [-92.33437952024389, 41.81354004551372], [-92.33500665565956, 41.813886840304846], [-92.33574980253343, 41.814105619471206], [-92.33652183586554, 41.814303110095864], [-92.33729334836437, 41.81437978197073], [-92.33743832753078, 41.814394191345734], [-92.33823992440455, 41.81450604863721], [-92.33869860982048, 41.81450869030391], [-92.3390125233617, 41.81448579447061], [-92.33924374523633, 41.81446893197062], [-92.33967353898566, 41.81449285384558], [-92.34010290148501, 41.81455966113714], [-92.34045782231777, 41.81465980801198], [-92.34064605565084, 41.81471291634523], [-92.34119030460826, 41.81475893509514], [-92.3416494327326, 41.81471867155358], [-92.34202409627368, 41.814527788220516], [-92.34209977023187, 41.814416697595675], [-92.3421405233568, 41.81435687363745], [-92.34231538273156, 41.81407905592954], [-92.342459821273, 41.813972643429736], [-92.34248870564795, 41.81395136217975], [-92.3426399243977, 41.81391836738811], [-92.34277604106414, 41.81388866217986], [-92.34312092856362, 41.81380484342997], [-92.34335137127164, 41.81369892572183], [-92.34369316606274, 41.81342911947223], [-92.34375600147933, 41.813379521555646], [-92.34418841606197, 41.813146063222675], [-92.34470639522783, 41.81295599343127], [-92.34521193897706, 41.81280462676489], [-92.34533904835189, 41.81276656947324], [-92.34582682230945, 41.8127264538483], [-92.3463430546003, 41.81270794655666], [-92.34694549730773, 41.81266847676505], [-92.34712222959911, 41.812634291348445], [-92.34717790043234, 41.812623525723495], [-92.3473763795987, 41.812585135098516], [-92.34777902438975, 41.81245873197372], [-92.34784277647299, 41.81242624968212], [-92.34803867126436, 41.812326426765594], [-92.34815365563918, 41.812267830932335], [-92.3481912045974, 41.812212696557424], [-92.34830087959728, 41.81205166426605], [-92.34832826605552, 41.81201144968275], [-92.34834071188884, 41.81183594551634], [-92.34835199938885, 41.81167672676662], [-92.34830633480561, 41.811346445517124], [-92.34833848272223, 41.811003464267685], [-92.3483990764721, 41.81068209030984], [-92.3485447941802, 41.81044699656019], [-92.3487754275132, 41.81031961635205], [-92.34917870667925, 41.810128871560664], [-92.34943865772048, 41.80993731218598], [-92.34969947438674, 41.809659971561416], [-92.34998895042798, 41.80938278718685], [-92.35003405355292, 41.80928405281202], [-92.35010724313611, 41.80910651635395], [-92.35007841292786, 41.80904013197903], [-92.34982367751155, 41.80871697260454], [-92.3495113941787, 41.80841493718833], [-92.34914373584598, 41.8079195528141], [-92.34889020876301, 41.807445375731504], [-92.34875111188825, 41.807059420523785], [-92.34875437230488, 41.80673772156592], [-92.34884492855474, 41.80628783719163], [-92.34893374105462, 41.806009516358756], [-92.34902386084616, 41.80560251948435], [-92.3490277712628, 41.80521648302664], [-92.34898216813787, 41.804963998652056], [-92.34903232855446, 41.80476611011068], [-92.34917919834587, 41.80457272052763], [-92.34952417022036, 41.80431849240301], [-92.34992740771975, 41.80412774240335], [-92.35035804417743, 41.80378921427888], [-92.35046554730224, 41.803658649695706], [-92.35062204209368, 41.80346679032101], [-92.35088434209325, 41.80303931844668], [-92.35100332230138, 41.80261103719738], [-92.35112078584291, 41.802332876781115], [-92.35123543584274, 41.80233352469776], [-92.35135051917587, 41.80229127990617], [-92.35155288271721, 41.80212084032314], [-92.35204122959145, 41.802016359073264], [-92.35241362750753, 41.802039904906565], [-92.3528437775069, 41.80202088407327], [-92.35300791083995, 41.80200016532331], [-92.35333168792278, 41.801959286156716], [-92.3537896400054, 41.80202620907323], [-92.35421302125474, 41.80221663094794], [-92.35441741500443, 41.80230855594783], [-92.35487515458709, 41.80239692053101], [-92.35544905771116, 41.8023357996978], [-92.35579408271064, 41.802230494489606], [-92.35594018479372, 41.80195249344836], [-92.35623024312662, 41.801610958032256], [-92.3565791264594, 41.801119613241326], [-92.35661648166767, 41.80102714553317], [-92.35672608583417, 41.80075582157525], [-92.35692972437556, 41.80045669449237], [-92.35724821500003, 41.80013675907617], [-92.35731564937493, 41.80005817782631], [-92.35759622333285, 41.79973120074351], [-92.35777917124919, 41.799403584077304], [-92.35785888999908, 41.79926081845258], [-92.35806336916545, 41.79887589866149], [-92.35825049104017, 41.79873795907838], [-92.35832324729006, 41.798684321578435], [-92.35854228895636, 41.79856329137032], [-92.35864738166453, 41.79851455699537], [-92.35889967333082, 41.79836582262061], [-92.35921516083033, 41.79834613824562], [-92.35967266499631, 41.79845592678714], [-92.36010258270397, 41.79845832157878], [-92.36050404520336, 41.79843911220382], [-92.36084968166112, 41.79826945282912], [-92.36113863166065, 41.79803513407944], [-92.36139373478527, 41.797660342413394], [-92.36145837957685, 41.79761696324675], [-92.36180400249299, 41.79741684449709], [-92.36232137853385, 41.79726958720562], [-92.36289607332463, 41.79712263928923], [-92.36332788999061, 41.79693200491448], [-92.36361682749015, 41.7966976788732], [-92.36399258582293, 41.796378041373714], [-92.36436961915564, 41.79592972679103], [-92.36448849728046, 41.7955014267917], [-92.36440291394729, 41.79511634345897], [-92.36437873165562, 41.79500752158418], [-92.36418320040593, 41.79449169033495], [-92.36404563061448, 41.793911843460876], [-92.36404817540614, 41.79365448304457], [-92.36419401082259, 41.79339791325333], [-92.36459672019697, 41.79325000804522], [-92.3649060160298, 41.79320837783694], [-92.36505589207125, 41.79318820179531], [-92.36562608686205, 41.79303800908724], [-92.36631517852766, 41.793366736170015], [-92.36665760456879, 41.79351876325313], [-92.36721922956792, 41.79375820491941], [-92.36737112435935, 41.793822961169326], [-92.36797022435842, 41.79410508304392], [-92.36842581914937, 41.794407855960046], [-92.36859482644076, 41.79470905491797], [-92.36861231498239, 41.79474475075125], [-92.36867911914896, 41.79488110075101], [-92.36902114310675, 41.79507601116738], [-92.36965101914745, 41.795143811167286], [-92.36990605456373, 41.795133986167286], [-92.37013843789668, 41.79512503825066], [-92.3703685524797, 41.79504050908412], [-92.37049260872948, 41.794985728875865], [-92.37123211393668, 41.79465917887637], [-92.37160719726944, 41.79440385387676], [-92.37215569935194, 41.79399934866905], [-92.37273306185102, 41.79357354762806], [-92.37310917955875, 41.793210986170266], [-92.37345600872487, 41.792912610129065], [-92.37385931393258, 41.79270032992104], [-92.37428274934857, 41.79255401950462], [-92.37434817955682, 41.79253141325465], [-92.37440253789009, 41.79252155179637], [-92.37458996809812, 41.79248756637975], [-92.37469270455631, 41.79246894137975], [-92.37504797018073, 41.79252412992133], [-92.37526503684711, 41.79255784762961], [-92.37578088788797, 41.79256065283795], [-92.3761768024707, 41.79252990908799], [-92.3769124743445, 41.79272373617101], [-92.3772637483023, 41.79275853096266], [-92.37729791496895, 41.792761917420975], [-92.37734977538554, 41.79275143929601], [-92.37781480246815, 41.79265747679614], [-92.37847539934211, 41.79251091950471], [-92.37892760663304, 41.79243386637984], [-92.37896342121633, 41.792427767421486], [-92.37948051288218, 41.792301871588336], [-92.37994049100648, 41.7921542236719], [-92.38040067433911, 41.791985122630535], [-92.38097672642152, 41.79168796013096], [-92.38163792537887, 41.791477043464624], [-92.38200438683663, 41.79136962367312], [-92.38206903058654, 41.791350676798174], [-92.3825275555858, 41.791353142423134], [-92.38268855141885, 41.791354009089844], [-92.38318668995981, 41.79135668304815], [-92.38381716183379, 41.79136006742317], [-92.38453299724937, 41.7914282465897], [-92.3852768722482, 41.7915609153395], [-92.38576385558076, 41.79158496950612], [-92.38615146287185, 41.791539773672866], [-92.38632759412154, 41.79148813617297], [-92.38642421287139, 41.79145981221467], [-92.38670005662101, 41.7913584309648], [-92.38683171495413, 41.791311355964865], [-92.38732340557833, 41.791263847631626], [-92.38747290870316, 41.791253174714996], [-92.38831645766015, 41.79138411221476], [-92.38891522015922, 41.791709012214255], [-92.38942678995011, 41.792162138255264], [-92.3895982670332, 41.792264935130106], [-92.38996824411595, 41.79248673304641], [-92.3901960941156, 41.792638075754496], [-92.39021946494887, 41.79319584033698], [-92.39024467015719, 41.793560589294714], [-92.39024009099052, 41.79359402991969], [-92.3901830836989, 41.79401066741906], [-92.39020747119889, 41.79446119866833], [-92.39046052953181, 41.79497729137586], [-92.39108616598918, 41.795495355958394], [-92.39162786598837, 41.79579849449959], [-92.39254214619524, 41.79610360074912], [-92.39319225348592, 41.79618496533231], [-92.39325783890251, 41.796193175748954], [-92.39334199723567, 41.79638665283204], [-92.39362536286023, 41.796731310123164], [-92.3938713847349, 41.7969046913729], [-92.39402398056795, 41.79701223616439], [-92.39425084098428, 41.79727080699729], [-92.39463900765037, 41.79765766012173], [-92.39470517744186, 41.79772360282993], [-92.39477773577511, 41.79776573616323], [-92.39518978577448, 41.79800497782952], [-92.39552828473228, 41.798222376787514], [-92.39556016389889, 41.79824285491247], [-92.39559368785717, 41.79825933928742], [-92.39626308889777, 41.7985884684536], [-92.39653021077243, 41.79871980491174], [-92.39665997535553, 41.79881070386995], [-92.39690039618853, 41.79897912261964], [-92.3970410857716, 41.799258679910906], [-92.39705250347993, 41.79942360595231], [-92.39706633160489, 41.79962342470196], [-92.39709016597986, 41.80013829761788], [-92.39713985035478, 41.80095357469992], [-92.39733164722952, 41.80189828303179], [-92.39761104202074, 41.80267187053062], [-92.39762865764573, 41.80274025073879], [-92.39766635868733, 41.80288662990523], [-92.39766475347895, 41.80305821115502], [-92.39748815243757, 41.80355058094591], [-92.3974807170209, 41.804344111153], [-92.39753382639583, 41.804794794485645], [-92.39752989827088, 41.805214044484956], [-92.39752578889585, 41.80565266010927], [-92.3974978545209, 41.80622632677506], [-92.39749029097925, 41.80638170073314], [-92.39750589722922, 41.806467735108015], [-92.3975171222292, 41.806529600732915], [-92.39757206597915, 41.806832528857456], [-92.39774164514552, 41.80709079135704], [-92.39808281493669, 41.80739285281493], [-92.39854005139426, 41.807545379898045], [-92.39885416806048, 41.80767570906447], [-92.39893041701866, 41.807719121564446], [-92.3989682263936, 41.80774065177274], [-92.398938156602, 41.80789062677252], [-92.39888822639375, 41.808139686147115], [-92.39884795243546, 41.80834055906348], [-92.39872867743566, 41.808833233021005], [-92.39881025972721, 41.80930551010363], [-92.39923484201817, 41.809886821561065], [-92.39988676076716, 41.81068379655983], [-92.40030955451653, 41.8114581226003], [-92.40044929201633, 41.81184491009969], [-92.40061007014106, 41.81234070697394], [-92.40087130659902, 41.81270502051501], [-92.40109518680697, 41.8128748632231], [-92.40126985451505, 41.813007370514526], [-92.40155553263962, 41.81311609447272], [-92.40178467430593, 41.81313873926432], [-92.40201461493056, 41.81307558926442], [-92.40226884930519, 41.8130226798895], [-92.40241675763825, 41.812991891347906], [-92.40301997534566, 41.81286634343144], [-92.40310170972054, 41.812841662181484], [-92.40350871909493, 41.812718745514985], [-92.40403306284412, 41.81253528093197], [-92.40448639305174, 41.812402105932165], [-92.40505973992583, 41.81240507676546], [-92.40580469304967, 41.812451826765425], [-92.4067497305482, 41.81256394864021], [-92.4074067138805, 41.81282471218151], [-92.40783237846318, 41.813298761139094], [-92.40822800554592, 41.81392277988812], [-92.40836739512906, 41.81435245697082], [-92.40842216596228, 41.814631558012024], [-92.40850198992047, 41.8153252288443], [-92.40864708054528, 41.81571345801035], [-92.40970082325197, 41.81588210384342], [-92.41081773470859, 41.81601652571822], [-92.41199316804006, 41.81602254967652], [-92.4128138513721, 41.815963279884954], [-92.41405890449522, 41.815861523635135], [-92.4146567951193, 41.81571116946867], [-92.41497845761876, 41.81563028405213], [-92.41506515970195, 41.8155855319689], [-92.41527511907663, 41.81547717676074], [-92.41555456386789, 41.8153329475943], [-92.41587362636739, 41.81492706217824], [-92.41625079303343, 41.81443568405399], [-92.41628946282509, 41.81435360280415], [-92.41654312011633, 41.813815185096644], [-92.41677830136598, 41.8131729486393], [-92.41687040032417, 41.81298556218126], [-92.41698634824064, 41.812749648639965], [-92.41700495344895, 41.812711787181684], [-92.41730074199015, 41.81246782364036], [-92.41734458053179, 41.81239694759881], [-92.41744238261492, 41.812238820515745], [-92.41759227219801, 41.81193310697455], [-92.41773638261446, 41.811848046558], [-92.41792569615586, 41.811783836141444], [-92.41810193261392, 41.81172406739153], [-92.41831147219693, 41.81165792884997], [-92.4186000784465, 41.8115031236419], [-92.41862836490475, 41.81148795072522], [-92.4190022013625, 41.8113611548921], [-92.4192495346955, 41.81140517468373], [-92.41937428677863, 41.81142738301702], [-92.41983199094454, 41.81153693093347], [-92.42028351802719, 41.81163467572503], [-92.4205572190684, 41.811693922599936], [-92.42094788469285, 41.81177849030814], [-92.42150700760862, 41.81187906739132], [-92.42206474927444, 41.81191279968294], [-92.42250909198208, 41.81191503509956], [-92.422781431565, 41.81191640176626], [-92.42312563156446, 41.811896688224635], [-92.42387213156331, 41.81177174134979], [-92.4244481638541, 41.8114743611419], [-92.42476427114525, 41.81139015489208], [-92.42539532843591, 41.811350417392134], [-92.4259680919767, 41.811417626767025], [-92.42659686072574, 41.811635243433315], [-92.42702571593338, 41.81176607155817], [-92.42754173259925, 41.811768644474796], [-92.4280307888485, 41.81157804760011], [-92.42843365238957, 41.81140847155871], [-92.4288942305138, 41.81119628510071], [-92.42897041280537, 41.811130678850816], [-92.42924090447161, 41.810897740309485], [-92.42942222217971, 41.81073880801807], [-92.4297031888459, 41.81049252781014], [-92.42984165967903, 41.81025850801882], [-92.42999422738711, 41.810000675727565], [-92.43037011592821, 41.80963792676977], [-92.43080258363585, 41.80936124760353], [-92.43140741800994, 41.80904253093735], [-92.43172596384278, 41.80867949343792], [-92.43236059300847, 41.80823222573031], [-92.4332829971737, 41.807657695522835], [-92.43434776904705, 41.80719108719023], [-92.43561204821174, 41.80685414239911], [-92.43638769925222, 41.80666492364941], [-92.43767968675019, 41.80643532677476], [-92.43783543570828, 41.80641704135808], [-92.43790919299983, 41.806415004899804], [-92.43879761904014, 41.806440795524736], [-92.43923553258111, 41.80645553823308], [-92.4392794346644, 41.80645701948305], [-92.43954272008062, 41.80646588198306], [-92.44034589612107, 41.80640545177482], [-92.44146494507766, 41.80628221219166], [-92.44238259090957, 41.80624377573338], [-92.44304299924187, 41.8061182934419], [-92.44378902319903, 41.80603611740037], [-92.44399427424042, 41.805979659067134], [-92.44424877632332, 41.805909654900574], [-92.44446038986467, 41.80575335490079], [-92.44491231798892, 41.80541956323463], [-92.44538389298819, 41.80498373927702], [-92.4454674565298, 41.8049074996938], [-92.44574802736268, 41.80490885386047], [-92.44626416590353, 41.80488989240217], [-92.4470381023607, 41.80489361948548], [-92.44784162110943, 41.80479024761064], [-92.44877280027464, 41.80442691844456], [-92.45004968152267, 41.80469359865247], [-92.45083716902144, 41.80479567781896], [-92.45092333256297, 41.80480932156894], [-92.45138830652058, 41.80494801948538], [-92.45183153776992, 41.8052376184433], [-92.4520499648529, 41.80543238510967], [-92.4527629294351, 41.80586473927565], [-92.45356298776721, 41.806168815316816], [-92.4540774981831, 41.806342844483254], [-92.45504756588991, 41.806883646565716], [-92.45599151797177, 41.80712404344035], [-92.45613013776324, 41.80714067364863], [-92.45748066901115, 41.807302667398396], [-92.45888491171729, 41.807352188231675], [-92.46017865650695, 41.80738950593991], [-92.46051865963142, 41.80738132156495], [-92.46123547838033, 41.80736323510666], [-92.46195085337922, 41.80751672468972], [-92.46260818775318, 41.80775572989768], [-92.46289430754439, 41.807821409064275], [-92.46332859400206, 41.807943428855765], [-92.4633933137936, 41.807961610105735], [-92.46343770441852, 41.80797408406403], [-92.46392305545947, 41.80821227364697], [-92.4643801002504, 41.808407438230006], [-92.46451110545854, 41.80853379447984], [-92.4646929221249, 41.80870916427125], [-92.46506397733269, 41.808903923645914], [-92.46540260337383, 41.808990125729096], [-92.46549307941535, 41.80901315697906], [-92.46586520233143, 41.809079234062324], [-92.46678056899668, 41.809319409061914], [-92.46789624295332, 41.809603406978155], [-92.46912624503472, 41.80993081531102], [-92.46919945440959, 41.809952719477614], [-92.4699269700335, 41.8101704371856], [-92.47127324919808, 41.810305325727086], [-92.47175987628066, 41.810393355935275], [-92.47267650752923, 41.81048335801847], [-92.47313465544516, 41.810549806976724], [-92.47342961481972, 41.810517239268385], [-92.47349312836127, 41.81051022676842], [-92.47388069502733, 41.81046743614348], [-92.47397633461053, 41.81041445281022], [-92.47425701794344, 41.810258953852156], [-92.47434146898496, 41.81021217156058], [-92.47451539710971, 41.80997704031091], [-92.47453173773465, 41.80992356947769], [-92.47463321794281, 41.809591519478204], [-92.47455002523463, 41.809247974687025], [-92.47449514815138, 41.80894745593753], [-92.47469808460943, 41.80866956010458], [-92.47495678252568, 41.80858495177142], [-92.47538711898335, 41.808544023646505], [-92.47590381273255, 41.808460592396614], [-92.47631823669025, 41.80829885073018], [-92.47639270127343, 41.808269788230234], [-92.47712323460564, 41.807826372605916], [-92.47719935648053, 41.807780166356], [-92.4773627273136, 41.80771997781443], [-92.47794693356269, 41.807504742398066], [-92.478165290854, 41.80739960698155], [-92.47860884502, 41.80718603094027], [-92.47898253981111, 41.80705903927378], [-92.47909752626924, 41.80701952469053], [-92.4794137377271, 41.806910862190705], [-92.47972905230995, 41.80691229239903], [-92.47981037939314, 41.80691586114898], [-92.4802735241841, 41.806936201773965], [-92.48116162939104, 41.807004562190514], [-92.48122037522427, 41.807004826773884], [-92.48161875230699, 41.807006625732186], [-92.48202193459804, 41.806965549690574], [-92.4824239387641, 41.8068815684407], [-92.48271162626367, 41.80675417781595], [-92.48302884397144, 41.80651967989962], [-92.48323173772116, 41.806241771566704], [-92.4832518418878, 41.80615476740019], [-92.48332083563767, 41.80585611115066], [-92.48332411167934, 41.805448620526306], [-92.48355773251234, 41.80491347469376], [-92.48379014813696, 41.80452845906939], [-92.48425440438626, 41.804200845528214], [-92.48436877313603, 41.8041201351117], [-92.48442437105261, 41.80408090282009], [-92.48466367417728, 41.803982828861876], [-92.48505653042668, 41.80389070594538], [-92.4856013127175, 41.80387170073709], [-92.48654688459101, 41.803918825737014], [-92.48729095021486, 41.80407228198675], [-92.48797787000545, 41.80420403198656], [-92.48866444292105, 41.804378677819614], [-92.48936244291997, 41.80463463927754], [-92.48955031062803, 41.80472578198572], [-92.4897091314611, 41.804836790318916], [-92.4899212439608, 41.804941905943735], [-92.4906052814597, 41.80543824344295], [-92.4910318606257, 41.805869088233976], [-92.49119909604212, 41.80647036635804], [-92.49128085333365, 41.807006923648885], [-92.49139059708352, 41.8076293976062], [-92.49158633458318, 41.80825224760525], [-92.49174507729128, 41.80842061739668], [-92.49201276895752, 41.80870453927122], [-92.49241307937359, 41.808834994479355], [-92.4926232752066, 41.808827190312684], [-92.49292923874775, 41.80881582781274], [-92.49344641270528, 41.808667973646266], [-92.49410640957927, 41.80858509135476], [-92.49475250228659, 41.808566711146455], [-92.49480813353654, 41.808583515313096], [-92.49525702728583, 41.808771020521135], [-92.49553450332706, 41.80925625489538], [-92.49564496374356, 41.809792930936226], [-92.49558409603532, 41.81024306843551], [-92.49540856270227, 41.81069270176812], [-92.49537517832732, 41.81129309239219], [-92.49552264082703, 41.81172639551653], [-92.49554331166041, 41.8117871309331], [-92.49597030124306, 41.8121750663492], [-92.4965114574922, 41.812627843431805], [-92.49672007728356, 41.812699888223335], [-92.49702008978309, 41.81280349968153], [-92.49745498561578, 41.812953689264646], [-92.4982568522812, 41.81306443405611], [-92.49917407102976, 41.81308988405607], [-92.49980460227877, 41.813114079889374], [-92.50032062831963, 41.81311632572271], [-92.50038539602787, 41.81308442988944], [-92.50066597936075, 41.81294624551464], [-92.5010988314434, 41.8125835121819], [-92.50138900227631, 41.81213436739091], [-92.50182317519233, 41.811600060100076], [-92.50231334185821, 41.81123757051728], [-92.50288735644068, 41.811154265309085], [-92.50299672935716, 41.811184952809064], [-92.50343087310648, 41.81130675280883], [-92.50397505748066, 41.811373443433745], [-92.50437689706337, 41.81131083926721], [-92.5046652220629, 41.81109760385084], [-92.50476025956277, 41.810949710101056], [-92.50492636789583, 41.81069122155981], [-92.50507250643727, 41.810327236143735], [-92.50556347518648, 41.80985749968613], [-92.50613878664393, 41.809602601769825], [-92.50728709185051, 41.80939305593682], [-92.50829173455725, 41.80922577781206], [-92.50898038976453, 41.80914293302055], [-92.50952141893038, 41.80904899552069], [-92.5095831991386, 41.80903826739569], [-92.51061248976202, 41.80887994656263], [-92.51096114496977, 41.80878676947941], [-92.51153684913555, 41.80855297572981], [-92.51173533871861, 41.80844732989664], [-92.51225584705111, 41.808170286147046], [-92.51294594288339, 41.80789439656416], [-92.51315414288302, 41.80777666948103], [-92.51343537517425, 41.80761764656461], [-92.51381062100705, 41.80727607052347], [-92.51386521892363, 41.80696737677391], [-92.51381386371537, 41.80672853510765], [-92.5136030480907, 41.80648901219132], [-92.51331295954945, 41.80618950281678], [-92.512970318925, 41.80581022260906], [-92.51281356371692, 41.805451617401275], [-92.51284194496685, 41.80521311115166], [-92.51289811684177, 41.804815636152284], [-92.5130335595499, 41.80447815594448], [-92.5133026335078, 41.80404181323678], [-92.51362696059067, 41.803327303862886], [-92.51367236475727, 41.80281434136373], [-92.51347512934086, 41.80236309969774], [-92.51339221892437, 41.801955238240055], [-92.5133654991327, 41.801697751782115], [-92.51350995538252, 41.801548231990694], [-92.51385391059029, 41.801549687198985], [-92.51436822621451, 41.80176634032363], [-92.51442411371443, 41.80178894553194], [-92.51479688038052, 41.801939734073414], [-92.51559735017094, 41.802221936156286], [-92.51619670121164, 41.80256762573907], [-92.5171690064185, 41.80287198615531], [-92.51845582204152, 41.80328489761297], [-92.51965602308124, 41.80378321844552], [-92.52100068141254, 41.804131998653304], [-92.52182986578622, 41.80441427469458], [-92.52231541057716, 41.80465222365251], [-92.52300224286779, 41.804805209068945], [-92.52324777620072, 41.80483347052723], [-92.52354400015861, 41.80486756115221], [-92.52377555328324, 41.80489420906883], [-92.52432065849068, 41.80483212781887], [-92.52483820328159, 41.80461978927758], [-92.52538504078075, 41.80432177781972], [-92.52576147515514, 41.803808585112165], [-92.52581563348838, 41.80367942990404], [-92.52599489807147, 41.803251908029665], [-92.52614591265456, 41.802656950738935], [-92.52623242515443, 41.802137602823095], [-92.52623447723772, 41.801858787198505], [-92.52629370015433, 41.80160165803227], [-92.52655151265388, 41.80162416636556], [-92.52684595432012, 41.801705659073775], [-92.52718083869462, 41.801798340323614], [-92.52801050015165, 41.802016230948254], [-92.52841147202604, 41.80206077261488], [-92.52869873452556, 41.80197616011503], [-92.52890126577527, 41.80171961740706], [-92.52896251890019, 41.8011836767829], [-92.5288809251503, 41.80058279865881], [-92.52888406785864, 41.80015385595118], [-92.52900060223345, 41.79989696011825], [-92.52904115223339, 41.79985696532662], [-92.52926044910805, 41.79964065282695], [-92.52966344702409, 41.7994063747023], [-92.52981336056553, 41.799295418452516], [-92.53023981993988, 41.798979776786325], [-92.53081650118895, 41.79851028199539], [-92.53102624389697, 41.79804786532941], [-92.53116857098007, 41.79739642991376], [-92.53123216889668, 41.79721952991406], [-92.53131732097984, 41.79698550387275], [-92.53160489493774, 41.796518851790154], [-92.53189712202061, 41.795747916374694], [-92.53194353139553, 41.795615181999885], [-92.53221909702012, 41.79482697054277], [-92.53265678660277, 41.793756361169415], [-92.5327050813944, 41.79357378825306], [-92.53280413660258, 41.793199316378605], [-92.53283699806082, 41.79262035804618], [-92.53298356576892, 41.79217054554687], [-92.5333326063934, 41.79146418408965], [-92.53388255951756, 41.79071573929917], [-92.53468980014128, 41.79005413200849], [-92.53583874909782, 41.78969416430073], [-92.53635490638868, 41.78965335180078], [-92.53692759909615, 41.7897200049257], [-92.53795866471955, 41.789809950758865], [-92.5388747959681, 41.78994231950867], [-92.53953362617546, 41.78998785700861], [-92.5402788855493, 41.78996939242528], [-92.54070860534028, 41.78999256221692], [-92.54088857408999, 41.79004886221684], [-92.54119472408951, 41.79014463617506], [-92.54202458242156, 41.79031953096643], [-92.5423678751294, 41.79040668929963], [-92.5428841803369, 41.790344404924724], [-92.54342006471107, 41.7902200955499], [-92.54345714283602, 41.79021627471661], [-92.54411769804335, 41.7901777226333], [-92.54483308658388, 41.790330691383076], [-92.54548168137453, 41.79052359867444], [-92.54594924283214, 41.79054958825776], [-92.54627157199832, 41.79056235284105], [-92.54655091783121, 41.79057341325773], [-92.54725317408014, 41.79042923929961], [-92.54805659074555, 41.79036486950804], [-92.54870179699452, 41.790367404924666], [-92.55001962720081, 41.79043691534126], [-92.55047800949177, 41.790460160132895], [-92.55102296157429, 41.79039794659133], [-92.55185644282295, 41.79005803409183], [-92.55297723761288, 41.78961199555084], [-92.55390099073645, 41.788792474718775], [-92.55418340115273, 41.78925206950976], [-92.55429468656916, 41.789636257009136], [-92.55440731469399, 41.79002506117524], [-92.5547776407351, 41.79034821742469], [-92.55566471573371, 41.79054467992444], [-92.5566364355239, 41.79093449659047], [-92.55680715844028, 41.79108819971526], [-92.55723457718959, 41.79147299971464], [-92.55747593031424, 41.79172078929757], [-92.55763299698066, 41.79188204658902], [-92.5579622178135, 41.792010766380486], [-92.55801820323006, 41.79200632888046], [-92.55820543864644, 41.79199148617215], [-92.55849335322931, 41.79179956429749], [-92.55861064385414, 41.791413953881374], [-92.55858418864585, 41.791092132006895], [-92.55860478968748, 41.790775053882385], [-92.55861623552084, 41.790598953882686], [-92.5587329271873, 41.79029913096644], [-92.55916456156166, 41.790043414300214], [-92.55965189593587, 41.79002383825854], [-92.55991791781048, 41.790024859091886], [-92.56031103551815, 41.79002636325856], [-92.56142679801643, 41.790309448674805], [-92.56248438343145, 41.79072099034079], [-92.56334358863847, 41.790960787215454], [-92.56342836676333, 41.790981955965364], [-92.56425685217874, 41.791371163256485], [-92.56491295946938, 41.79182405596407], [-92.5650822032191, 41.79196622888054], [-92.56542592092693, 41.79225495492176], [-92.56616859905074, 41.7926223767962], [-92.56633606155049, 41.79270301846276], [-92.56679708134143, 41.792925017420714], [-92.56728184175739, 41.793291461170156], [-92.56748270217372, 41.79346862262821], [-92.56762373759017, 41.793593018461365], [-92.56772933133999, 41.7936330236696], [-92.56790961467306, 41.7937013309612], [-92.56839755113066, 41.79359592783635], [-92.5686860417552, 41.79355981637809], [-92.56922940321266, 41.793491809086504], [-92.5700618209197, 41.79330189971182], [-92.5704927198774, 41.79315337367034], [-92.57081335008525, 41.792915814295725], [-92.57089595633511, 41.792854610129154], [-92.57152888862578, 41.792492359088044], [-92.57224680112466, 41.79228055388006], [-92.5733944438312, 41.79209178929699], [-92.57420475424664, 41.79204320804711], [-92.57474198966247, 41.792010993463805], [-92.57485513028728, 41.79197354346388], [-92.57557494382779, 41.79173525492257], [-92.57603503966044, 41.79150102575625], [-92.5768679823675, 41.79122527575669], [-92.57761465528301, 41.79099209450703], [-92.57771755528285, 41.79096684450707], [-92.57808831361558, 41.79087586742389], [-92.57824671257364, 41.79081384867402], [-92.57833252819852, 41.79078025388236], [-92.57847694903165, 41.79060920179933], [-92.57849493236495, 41.790556468466086], [-92.57853538861491, 41.790437833049566], [-92.5785941104898, 41.79022356950827], [-92.57865311153137, 41.789966412216984], [-92.57873968757292, 41.78983839450882], [-92.5788556823644, 41.789666880967445], [-92.57902319903081, 41.78946537784276], [-92.57908676882238, 41.78938890700954], [-92.57918101569726, 41.78931906117634], [-92.57946114590513, 41.789111454926626], [-92.57966039277983, 41.789007284093486], [-92.5799500104877, 41.788855868468715], [-92.5806389115283, 41.78868680180233], [-92.58184280840146, 41.788648294510665], [-92.58293152194142, 41.78869514763562], [-92.58381921048168, 41.78880560492712], [-92.58385680006494, 41.78882172784374], [-92.58467659173037, 41.789173324718206], [-92.58584769797852, 41.78977809138394], [-92.58612631776981, 41.789961647633675], [-92.58696067922679, 41.790511328882815], [-92.58756058235087, 41.790813753882325], [-92.58765364589243, 41.7908577497156], [-92.58801774693353, 41.79102987263201], [-92.58847232193277, 41.79139242054811], [-92.5885309948494, 41.79143922471467], [-92.58935977713975, 41.79180680075581], [-92.59047570422138, 41.792089608047036], [-92.59107686776211, 41.792198986171854], [-92.59176468859437, 41.7922014340885], [-92.59240857921839, 41.79207816950537], [-92.59253957505148, 41.792032599713764], [-92.59287575213432, 41.7918613861724], [-92.59299960942576, 41.79179830908913], [-92.59316219171717, 41.79167025388102], [-92.59340587088349, 41.791478319506325], [-92.59346045942505, 41.791435324714705], [-92.5936057885915, 41.7911141184652], [-92.59369447088307, 41.79068547575753], [-92.59361332088315, 41.790294068466494], [-92.59358322400823, 41.79014888825838], [-92.59358498442487, 41.78987007055048], [-92.59370137713302, 41.78959165805088], [-92.59372489900801, 41.78939186325954], [-92.59373166359131, 41.7893343893013], [-92.59356174796658, 41.789012073676815], [-92.59321974796711, 41.78871058721893], [-92.59309777192561, 41.78861842888574], [-92.59290600942592, 41.78847355284432], [-92.59276543338447, 41.78804409763666], [-92.59285425942602, 41.78759400388731], [-92.59317111046721, 41.78733775284604], [-92.59365936567474, 41.787167896596316], [-92.5942042562989, 41.787105476804754], [-92.5951827740057, 41.78712679555474], [-92.59537905629705, 41.78713107159638], [-92.59635298858723, 41.78719883826295], [-92.59724108858583, 41.78724485180453], [-92.59801850420968, 41.787377010137675], [-92.59827166983428, 41.78742004242929], [-92.59918572608285, 41.78775114867875], [-92.59943508337415, 41.78784147576192], [-92.59958696358221, 41.7878964924285], [-92.60010398128975, 41.78821272263639], [-92.60078604274702, 41.788629892427366], [-92.60167151149568, 41.78910481846833], [-92.6025876344109, 41.78925812888474], [-92.6033901854513, 41.78923945180145], [-92.60387271461724, 41.78920830075981], [-92.60433629690816, 41.78917837367652], [-92.60510927294865, 41.78930972055133], [-92.6062817552385, 41.789721250759044], [-92.607242383362, 41.79017774867498], [-92.60728191357025, 41.79019653304994], [-92.60814061773561, 41.790371047633016], [-92.60820307398552, 41.79037710492469], [-92.60848438752674, 41.79039366638301], [-92.60865784794315, 41.790434880966245], [-92.60875304273466, 41.7904575028412], [-92.60894226981769, 41.790502466382804], [-92.60948483231687, 41.79082602679898], [-92.6099694291911, 41.79125663513162], [-92.61025380939901, 41.79162221117275], [-92.61027599169063, 41.791689919505984], [-92.61033822398218, 41.79187987263066], [-92.61053806356523, 41.79200923721378], [-92.61079547398151, 41.79209589971367], [-92.61128281043909, 41.79207610388039], [-92.61176963127164, 41.792142092421955], [-92.61245706668723, 41.792208758046854], [-92.61305788126964, 41.79238236742157], [-92.61351578439394, 41.792491149713044], [-92.61420245314287, 41.79268648721273], [-92.61457977293395, 41.792896508045764], [-92.61474518855866, 41.79298857679561], [-92.61531491564114, 41.79356957991973], [-92.61611393647325, 41.79415134762718], [-92.61615546772315, 41.79419652575206], [-92.61682584480548, 41.7949258465843], [-92.61779520313728, 41.795786994499615], [-92.61816461355339, 41.796324415332094], [-92.61876319480244, 41.7968840528312], [-92.62013450625864, 41.79763926845504], [-92.62220822604712, 41.79837176116229], [-92.62333871771204, 41.79865786845352], [-92.62357967917, 41.79873685282836], [-92.62361209791993, 41.79874747887004], [-92.62525546145906, 41.799286125744175], [-92.62619106874928, 41.799700629910205], [-92.62691365937314, 41.80002074970139], [-92.62885765312012, 41.800906409075026], [-92.63060142811742, 41.80172705178205], [-92.63194554894864, 41.80226755803125], [-92.63349107811291, 41.80268001011393], [-92.6351505458187, 41.80322149136305], [-92.63636011977513, 41.80371591323728], [-92.63729516977367, 41.80415054136165], [-92.63741502706517, 41.80421412573651], [-92.6377522124813, 41.804392999694585], [-92.63835262914705, 41.80471151740244], [-92.63903986456266, 41.80484236636056], [-92.63934294268714, 41.80485749344386], [-92.63949838227029, 41.80486525698552], [-92.63984631976973, 41.805004474693646], [-92.63998460935284, 41.8050598101102], [-92.64109990935111, 41.805535151776155], [-92.642472034349, 41.8062257642751], [-92.64387403643013, 41.806701971565985], [-92.64492435726186, 41.8068915257324], [-92.64496227184515, 41.806898367399015], [-92.64599401351018, 41.80694444760729], [-92.64688265309212, 41.806947181982295], [-92.6473076905915, 41.80702194864887], [-92.6476272676743, 41.80707815906544], [-92.64794588225715, 41.80718147781528], [-92.64822819475671, 41.807273028856784], [-92.64832573329824, 41.80732618927333], [-92.64874266038092, 41.80755342573133], [-92.64922917079684, 41.807705045522766], [-92.64985982704587, 41.8077069694811], [-92.65021048642029, 41.80765560906451], [-92.6505774187114, 41.80753757260635], [-92.6509419957942, 41.807384860106595], [-92.65123825725203, 41.80726076219014], [-92.6521193291257, 41.807166545523614], [-92.65221348225054, 41.80715647573197], [-92.65228336141712, 41.807158375731944], [-92.65310201766584, 41.80718061427359], [-92.65424808120568, 41.80729130489839], [-92.65530769474572, 41.80748752156477], [-92.65616426245276, 41.80763040385625], [-92.65623883016093, 41.80764392052288], [-92.65699793745142, 41.807826500730926], [-92.65739804370081, 41.80792273093908], [-92.6584294697409, 41.80803303823057], [-92.65900257182335, 41.80807763823054], [-92.6594034468227, 41.80816461739704], [-92.65963164369737, 41.8083797778134], [-92.65968670723896, 41.80880889760442], [-92.65968454994726, 41.80921639552042], [-92.6595102770309, 41.80964484135307], [-92.65927866661457, 41.81007311010245], [-92.65927722703121, 41.81034462989366], [-92.65927684890625, 41.81041626843523], [-92.6594179155727, 41.810845642392906], [-92.65987501140528, 41.8111472653091], [-92.66059034473756, 41.81140675697537], [-92.66104547286182, 41.811551129891825], [-92.66147758640284, 41.811688198641605], [-92.6624782697346, 41.81220588926578], [-92.66308366660866, 41.812568001765214], [-92.66324637598342, 41.81266532155672], [-92.66330707077498, 41.812701622598354], [-92.66340579056651, 41.81276431218156], [-92.66436456139832, 41.813326703847395], [-92.66463554473125, 41.81356509447204], [-92.66470702181446, 41.813627973638575], [-92.6651354874388, 41.81392949342978], [-92.66567919993798, 41.814124110096145], [-92.66650916243668, 41.81440534134572], [-92.66748258847684, 41.81466553613699], [-92.66811242910083, 41.81483893926173], [-92.66865693222502, 41.81488340801161], [-92.66911597389094, 41.81482038926173], [-92.669293263474, 41.81476021842849], [-92.66980525513992, 41.81458644447042], [-92.67023595826424, 41.81445899447061], [-92.67060888222198, 41.81441716947069], [-92.67109744784625, 41.814504651762206], [-92.6718118988868, 41.814635089262026], [-92.67238430305258, 41.81482975592837], [-92.6724441707608, 41.81484419551168], [-92.67261232284386, 41.814884750719955], [-92.67301427388492, 41.814981685094835], [-92.67378780617535, 41.81509112467796], [-92.67473282075723, 41.81530828301101], [-92.67550636450602, 41.81541771113581], [-92.6759490572137, 41.81540669238581], [-92.67628056033817, 41.81539844551082], [-92.67671028012916, 41.81546399967738], [-92.67717122492012, 41.8155481298856], [-92.67742638325308, 41.815594699677206], [-92.67848684783473, 41.815662016343765], [-92.67938980304172, 41.81555432155227], [-92.67949829470817, 41.81555462363559], [-92.68037796554017, 41.815665031968756], [-92.68092283428933, 41.81586183821844], [-92.6822966676205, 41.81633749863436], [-92.68324172491072, 41.81655458613403], [-92.68361433636845, 41.81657706217567], [-92.68385574574307, 41.81654335280075], [-92.68421683636751, 41.81649292884248], [-92.68438885928389, 41.816493401759146], [-92.6845130228254, 41.81652163821741], [-92.68553441032381, 41.81675391738372], [-92.6865373551139, 41.816863895508554], [-92.68713922802965, 41.8169084330085], [-92.6874555384458, 41.81671626530044], [-92.68783065302858, 41.816223983009536], [-92.68800548427834, 41.81564536738546], [-92.6884966176109, 41.81487457884498], [-92.68887274365198, 41.81416781842944], [-92.68918914573482, 41.81395419759639], [-92.6896482665674, 41.81386964863822], [-92.69042212906623, 41.81391463092979], [-92.6910230498986, 41.81415217780443], [-92.69182373218905, 41.81458328405375], [-92.69230498947996, 41.81489098717827], [-92.69276695718759, 41.81518634863619], [-92.69356684781133, 41.815789023635205], [-92.69421064676868, 41.81616099655133], [-92.69442460093501, 41.81628460905114], [-92.69470947072625, 41.81640399342592], [-92.69493964885089, 41.81650045592579], [-92.6954772009334, 41.81671137988381], [-92.69553067384999, 41.816732359050434], [-92.69576936447459, 41.81686727050857], [-92.69594111655766, 41.81692491946683], [-92.69608866655744, 41.81697444342507], [-92.69654225614005, 41.81712668821649], [-92.69711415093082, 41.81744991634099], [-92.69730520093054, 41.81753061009084], [-92.6978295113464, 41.81775206946554], [-92.69807791134599, 41.81787890279867], [-92.69871620092835, 41.818204800714796], [-92.6990881186361, 41.81837735800622], [-92.69928872071914, 41.8183993330062], [-92.6997192853018, 41.81829321633967], [-92.6999496592598, 41.81807934238167], [-92.70016461967612, 41.817898372590264], [-92.70038142280077, 41.81771586009057], [-92.70072687071689, 41.81741649134102], [-92.70104305092474, 41.817245725716305], [-92.70112885925795, 41.81720858509134], [-92.70138567904922, 41.81709740904989], [-92.70181785717351, 41.81709760904988], [-92.70238948008931, 41.817485150715925], [-92.70287509779689, 41.81787246946533], [-92.7031364384215, 41.81839566321452], [-92.70344416758769, 41.81881764550553], [-92.70392930717026, 41.81931219342141], [-92.70418616966987, 41.81957022883767], [-92.70420058633651, 41.81964764446258], [-92.70424213112813, 41.8198706455039], [-92.70411488633664, 41.82016847883676], [-92.70406822279506, 41.820277702794954], [-92.70400959675345, 41.82055637466947], [-92.70417945821157, 41.82102866321041], [-92.70452066654434, 41.821651529876135], [-92.70475003737732, 41.82185087987579], [-92.70489193529374, 41.821974201750606], [-92.70511964571006, 41.82233939758339], [-92.70544752904289, 41.82267193195787], [-92.70586170612557, 41.82309197362388], [-92.7067478415409, 41.823694775706315], [-92.70777843112262, 41.82406201633073], [-92.70842089153831, 41.8242440902888], [-92.70846572487153, 41.82425679549709], [-92.70856444778809, 41.824302085080376], [-92.70881580612104, 41.82441740383018], [-92.7091238665372, 41.82455873195492], [-92.70960987174475, 41.8248816777878], [-92.70991197278596, 41.825109171537406], [-92.71005619466075, 41.82533516841209], [-92.71012349049396, 41.82544061945356], [-92.71018025820223, 41.825569449661714], [-92.71032217695199, 41.82589152153622], [-92.71043581861852, 41.826127735077534], [-92.71072073111804, 41.82653596320188], [-92.71109166965914, 41.82694440070122], [-92.71189062694958, 41.82782576632489], [-92.71234627069884, 41.828534687157116], [-92.71244277278203, 41.82869489757354], [-92.71248858944864, 41.82877097153175], [-92.71260262278179, 41.82892138715653], [-92.71285575819809, 41.82896412778143], [-92.71314698840598, 41.82902999132301], [-92.71336436861395, 41.829152778822845], [-92.71400545402963, 41.82943963507239], [-92.71424032590426, 41.82957116736384], [-92.71500949777806, 41.83000191527986], [-92.71512106861121, 41.830064394446424], [-92.71640724881757, 41.83103272777822], [-92.71709256652485, 41.83169929965219], [-92.7172634956912, 41.83195709131847], [-92.71726226964955, 41.832235912151354], [-92.7172397894413, 41.83233072673453], [-92.71711746964979, 41.83255726944253], [-92.71705850819154, 41.83292173715028], [-92.71685426548356, 41.83371480277407], [-92.71673718631706, 41.83425070381492], [-92.71682095715026, 41.834765660064136], [-92.71710556964979, 41.83525965589666], [-92.71736999048272, 41.83554414339625], [-92.71750518527419, 41.835689599646], [-92.71773244985718, 41.836183453811884], [-92.71773028214884, 41.836676747561164], [-92.71744169673264, 41.837083547560496], [-92.71698168839997, 41.83733978714343], [-92.71655101756733, 41.837445962143306], [-92.71622132485953, 41.83744514755995], [-92.71594874152662, 41.837444473601636], [-92.71531826236094, 41.83733567672681], [-92.71494089777815, 41.83736294964342], [-92.71474447902844, 41.83737714860172], [-92.7145192175705, 41.8375779340181], [-92.71445653736225, 41.837633805893006], [-92.71441759569564, 41.83777692776778], [-92.71436906652906, 41.83795530589247], [-92.71416535090432, 41.838619675683105], [-92.71387635194651, 41.839112254849056], [-92.71353093944703, 41.83939021734858], [-92.71313323632262, 41.83958000380664], [-92.71280091653148, 41.83963902359824], [-92.71264059257336, 41.83966681109814], [-92.71251155611526, 41.83966648818148], [-92.7123251040322, 41.839666020473146], [-92.71219115507408, 41.83969070693149], [-92.71215788632418, 41.839703042348106], [-92.71188470715794, 41.83980432984794], [-92.71145333736689, 41.84006062047257], [-92.71084949570121, 41.84040226526372], [-92.71038963320188, 41.840615581930024], [-92.7100744290357, 41.84055044755513], [-92.70932939987023, 41.84039842776371], [-92.70844125924657, 41.84018169963906], [-92.70723773216514, 41.83994271109776], [-92.70713108945694, 41.83993323401444], [-92.7067293727909, 41.83989753297283], [-92.70649232383295, 41.83987646838949], [-92.70597636550042, 41.8398108038063], [-92.70592842591711, 41.839791527764646], [-92.70544113737623, 41.83977726005634], [-92.7042362446698, 41.839838509014555], [-92.70314578112982, 41.8399643808894], [-92.70214065925637, 41.84024060172225], [-92.70154235092394, 41.84045236422196], [-92.70104828842472, 41.840773953804785], [-92.70087450404998, 41.841138114220875], [-92.70086637175837, 41.8411940173458], [-92.70082629259173, 41.8414695194287], [-92.70081524155012, 41.841545468386926], [-92.70084149780007, 41.84171403297], [-92.70084703530004, 41.84174959442827], [-92.70089878738332, 41.84208187567776], [-92.70103899571643, 41.84268104338514], [-92.70121428738281, 41.84317707150939], [-92.70151270196567, 41.843702778800264], [-92.70173937279867, 41.844303902757645], [-92.70162294779884, 41.84466821213209], [-92.70156359154896, 41.84474526629862], [-92.70145199675744, 41.84489011629841], [-92.7013920884242, 41.84496787983993], [-92.70090327384162, 41.8452239808812], [-92.7003865780091, 41.845308423589415], [-92.69998627488474, 41.84536354338097], [-92.69929731967744, 41.84515544650634], [-92.69883949676148, 41.84491832046501], [-92.69850430613701, 41.84466591942373], [-92.69838218009556, 41.84457395900722], [-92.69789759676296, 41.84392925379989], [-92.69782742280472, 41.84378145171678], [-92.69772681238823, 41.843649981925296], [-92.69737223009713, 41.84308136109286], [-92.6972713321806, 41.84291956109314], [-92.69678586030636, 41.84246787671884], [-92.69632188009876, 41.842292868385755], [-92.69552609364166, 41.841992695469564], [-92.69473128739287, 41.84178230588656], [-92.6943802478101, 41.84168938609503], [-92.69363534676955, 41.84151581526197], [-92.69328377593678, 41.841326613178914], [-92.69300630093718, 41.84110663192927], [-92.69238877906315, 41.84074647776316], [-92.69211964677191, 41.84058951422173], [-92.69107694364857, 41.83999099651436], [-92.69091834469043, 41.83989995588945], [-92.68974471135894, 41.83942494443187], [-92.68897116344345, 41.83925126943216], [-92.6884845311526, 41.83905691943244], [-92.68722457802954, 41.83864599130811], [-92.6857097144902, 41.838181910058765], [-92.68510539469946, 41.83799676630912], [-92.68476155824166, 41.83783723505934], [-92.68436140407562, 41.83765156110132], [-92.68409169053439, 41.83746462985158], [-92.6836468374101, 41.83715630068542], [-92.683476135327, 41.83687700797747], [-92.68304974991099, 41.83610371422872], [-92.68276550199477, 41.83558817985448], [-92.68233712803709, 41.83522238610503], [-92.68165064053818, 41.83485587360565], [-92.68082003324781, 41.83463909131433], [-92.68044699679007, 41.83468094860592], [-92.6803206207486, 41.83471206423087], [-92.6801885697071, 41.834744575689115], [-92.67941777595831, 41.834445838189595], [-92.67855668845965, 41.83418237673169], [-92.67784113429411, 41.833901552773796], [-92.67756826971117, 41.83382275589888], [-92.67626610929653, 41.83344672152447], [-92.67564792388083, 41.83324774235814], [-92.67495969159023, 41.83302620902514], [-92.67472000096558, 41.83294905277529], [-92.67371867805048, 41.83247436319266], [-92.67323475513456, 41.83218256423481], [-92.67257508117726, 41.83178478194372], [-92.6717180551369, 41.831138900694725], [-92.67086104263825, 41.8304930152791], [-92.67020181555597, 41.8304267829875], [-92.6699669749313, 41.83044206944584], [-92.66960890201523, 41.830465376737436], [-92.66957070826524, 41.830467865279104], [-92.66944034159877, 41.83049068298743], [-92.66896795305786, 41.83057336736226], [-92.66871375826662, 41.830563126737275], [-92.66839453430873, 41.83055026736229], [-92.66762026243498, 41.830548029862314], [-92.66676030306127, 41.83048119236241], [-92.6664735322284, 41.83048036007073], [-92.6661575384789, 41.83058668402895], [-92.66575361243787, 41.83105735694488], [-92.66567265410463, 41.831102399653105], [-92.66529344160523, 41.83131339131944], [-92.66469044473115, 41.83146176944422], [-92.66436558743999, 41.83154422256911], [-92.66405854160718, 41.831652949652266], [-92.66342685723309, 41.83180123611038], [-92.66291021973393, 41.83188551215193], [-92.66225132494326, 41.831754890277125], [-92.66208626348521, 41.83160172465233], [-92.66188032702718, 41.831410634027634], [-92.66153778744439, 41.83110935277813], [-92.66116105723665, 41.830967086111684], [-92.66096538536198, 41.830893189236804], [-92.66042120619613, 41.830762895487], [-92.65970519578059, 41.830589194445565], [-92.65910435307316, 41.83033004132102], [-92.65847506765749, 41.83002790277982], [-92.65753092078391, 41.82961758298876], [-92.65684315411835, 41.829529739238914], [-92.65624142078593, 41.829442147572365], [-92.65579449578665, 41.829303842364254], [-92.6556115780786, 41.829247235072664], [-92.65509633120439, 41.829074107989584], [-92.6547810176632, 41.82905170903132], [-92.6541785916225, 41.829092793406225], [-92.65354700412348, 41.8291238371562], [-92.65294518120771, 41.829153419447834], [-92.65205622600081, 41.829150729864466], [-92.65136800725185, 41.82914864340614], [-92.65010591454546, 41.829209145489415], [-92.64953251558799, 41.82918595173942], [-92.64896028642227, 41.828948278823134], [-92.64850147600629, 41.82894687465648], [-92.64804195829868, 41.8290741548646], [-92.6479797385071, 41.82910127257293], [-92.64755329163279, 41.82928713298929], [-92.64697847705028, 41.82952129548892], [-92.64676199059232, 41.82966297882205], [-92.64669053850912, 41.82973488715527], [-92.64605753851009, 41.83011899757133], [-92.64539667913613, 41.830352886112614], [-92.64528602184464, 41.830405609029185], [-92.64499414372004, 41.83054466944566], [-92.64492090934522, 41.83059612882056], [-92.64451418955417, 41.830881935070124], [-92.64444715309594, 41.83092903611173], [-92.64434173122105, 41.8310462506949], [-92.64398547393, 41.83144235694425], [-92.64335148955598, 41.83199803090173], [-92.64300438434816, 41.832533147567574], [-92.64248401143232, 41.83328219548308], [-92.64234609476586, 41.83347911319112], [-92.6421067770579, 41.83382079652392], [-92.64207929789126, 41.833860025690505], [-92.6399127135196, 41.83383373194056], [-92.6396991499783, 41.833831139232245], [-92.63944068539536, 41.833894668398784], [-92.63892721977118, 41.83399205173197], [-92.63886652289625, 41.83400010589861], [-92.63783375310618, 41.834061194440196], [-92.63634249373348, 41.834056481940195], [-92.6347648374859, 41.83411582256514], [-92.63381919998744, 41.833984125690336], [-92.63307479165525, 41.83376727360735], [-92.63258898957264, 41.83346544860779], [-92.63167436978244, 41.83292632777528], [-92.63081737603373, 41.83234448610955], [-92.62998968749338, 41.83165549756893], [-92.62983308541027, 41.83150582048586], [-92.62956188645234, 41.83124661006957], [-92.62904743332814, 41.83094467986171], [-92.62867479166208, 41.83092024444504], [-92.62835944270421, 41.83089956111178], [-92.62778591145513, 41.8308977048618], [-92.62739877812237, 41.83089644861178], [-92.62721238228934, 41.83089584548679], [-92.62663885208188, 41.83089398298676], [-92.62645844374885, 41.83088053819511], [-92.62635221145734, 41.83087160173682], [-92.62616841145763, 41.83081711944521], [-92.62569377187504, 41.83067642986213], [-92.62538346041718, 41.830593748612266], [-92.62463436979334, 41.83039414965424], [-92.62459286458503, 41.83039228923757], [-92.62403229271092, 41.83037073611257], [-92.6236022750033, 41.83034787569596], [-92.62274135312964, 41.830452293404164], [-92.62246468438002, 41.83053859027899], [-92.62151852083986, 41.83083371111189], [-92.62144851458993, 41.83085554548683], [-92.62135849688178, 41.830915252778425], [-92.62035450000832, 41.831581159027394], [-92.61940536667646, 41.832049867360006], [-92.61825484376158, 41.83262514027575], [-92.61694536563863, 41.83298461631688], [-92.61603848855668, 41.83399040485699], [-92.61575029793212, 41.83422536839828], [-92.61546043126594, 41.834739143397485], [-92.61551548334916, 41.83512538506358], [-92.61582343230702, 41.835527323604595], [-92.61611324168152, 41.835878057979066], [-92.61619723022312, 41.83622150172852], [-92.61633767501456, 41.83671526839441], [-92.61653459063928, 41.837359357976766], [-92.61655981043087, 41.83793853089253], [-92.61632716980625, 41.83847394860004], [-92.61572181564051, 41.838986669432586], [-92.6154238895993, 41.83911899130737], [-92.61511389168311, 41.83925667464047], [-92.614773312517, 41.83932665484872], [-92.61451480105902, 41.83939013297362], [-92.61425590835114, 41.83951794964008], [-92.6142393073095, 41.83973522151473], [-92.61425281668448, 41.840032682972605], [-92.61453537605898, 41.84074140797151], [-92.61496628647501, 41.841311227762276], [-92.61510449480812, 41.84149398713703], [-92.61527362814121, 41.8419878475529], [-92.61486835730852, 41.842608474635256], [-92.61374538231023, 41.84333392255081], [-92.61256618022873, 41.843866144424965], [-92.61041135106541, 41.844702785048696], [-92.61026612710731, 41.844759170465224], [-92.60958024898338, 41.84508877671476], [-92.60862637710989, 41.84554715483904], [-92.60698763648742, 41.84616354337976], [-92.60611462190542, 41.846477752754254], [-92.60520349482351, 41.84669082358727], [-92.60503347919877, 41.84675737567051], [-92.6047449989909, 41.846924842336875], [-92.60396835003377, 41.84737569129453], [-92.60344886253455, 41.84788864129376], [-92.60298739170196, 41.848294554834744], [-92.60246974795274, 41.84850724129279], [-92.60222680836978, 41.84861786941757], [-92.60209579170333, 41.84867752775085], [-92.60169247503728, 41.848954950667064], [-92.60137495212109, 41.84927556524991], [-92.60137255524614, 41.84966161524932], [-92.60135846357944, 41.84972639233257], [-92.60128396774627, 41.85006881004034], [-92.60114072607979, 41.850298056914994], [-92.60111012503818, 41.85034702983158], [-92.60093574795513, 41.85071103503935], [-92.60087597712192, 41.85109688399711], [-92.60096043753845, 41.8513545496217], [-92.60130266670456, 41.85167745378788], [-92.60149028857927, 41.851811587121006], [-92.60184529795373, 41.85206539441225], [-92.60252938441099, 41.8527755371195], [-92.60282658545219, 41.85326761628539], [-92.60285605316051, 41.853316395452], [-92.60298372191028, 41.85352777357667], [-92.60315199586836, 41.854150337117346], [-92.6030906437851, 41.85479355899133], [-92.60308719795177, 41.85535118399048], [-92.60317033857666, 41.85582332044811], [-92.60306068336848, 41.856254865239066], [-92.60302332399357, 41.85640189857219], [-92.60290653441041, 41.856688116280054], [-92.6028485427438, 41.85683024752984], [-92.6025308458693, 41.857172308987685], [-92.60204155524508, 41.85742798711226], [-92.6012216510797, 41.85759087877869], [-92.60057764899733, 41.85755159023705], [-92.59986030316514, 41.85757054232039], [-92.59868047191696, 41.85766814752856], [-92.59836769795913, 41.85769401940354], [-92.59727673025247, 41.85781888398668], [-92.5965289437953, 41.858116526694516], [-92.59586802296297, 41.858285783985934], [-92.59526805733894, 41.85828950690262], [-92.59477839588135, 41.85819615481938], [-92.5942624021321, 41.858129992319505], [-92.59386035421612, 41.858192912111065], [-92.59351514067498, 41.858341826694186], [-92.59319725838375, 41.858705306901925], [-92.59310054380063, 41.858830448568426], [-92.59285013338433, 41.85915447877625], [-92.59261871150972, 41.859453924609106], [-92.59244385213498, 41.85988225690011], [-92.59246982088496, 41.86031130064947], [-92.5926666969263, 41.86093398085682], [-92.59275073025952, 41.86125599439799], [-92.59300662921743, 41.86162151314744], [-92.5931622698422, 41.86175705585555], [-92.59337756046688, 41.86194453814693], [-92.59342743963344, 41.862004831896854], [-92.59364751671643, 41.862270853771406], [-92.59371681879969, 41.86273930272904], [-92.59336967921689, 41.86318847564502], [-92.5925936625514, 41.86340020064466], [-92.59176040109435, 41.863590267311054], [-92.59155158651134, 41.86365628918594], [-92.59095540422061, 41.863844778768964], [-92.5905314510963, 41.863994493352095], [-92.59029400526333, 41.864078343351935], [-92.5901393833885, 41.86412987772684], [-92.58940265318137, 41.86437542668483], [-92.58885476776555, 41.864802417309136], [-92.5885373760994, 41.86508010064205], [-92.5881332083917, 41.86546470897479], [-92.58798686047521, 41.86591458605744], [-92.58804217922517, 41.866236499598585], [-92.58812605005835, 41.86657996209806], [-92.58806632610009, 41.8669443527225], [-92.58809075318338, 41.86760931730481], [-92.58823133026652, 41.86806022251244], [-92.58857248339098, 41.86855474230333], [-92.5886399073492, 41.86859637771994], [-92.5888868677655, 41.86874889334467], [-92.58908886672347, 41.868942962094366], [-92.58912844172346, 41.86917004438572], [-92.58896855630707, 41.86943551209362], [-92.58885836984888, 41.86950892251019], [-92.58868038234914, 41.86962750584331], [-92.58839261880792, 41.869755161051444], [-92.58804787505846, 41.86981826938472], [-92.58789300943369, 41.86983010584299], [-92.58744530735106, 41.869816106884684], [-92.58678507193542, 41.869856628759635], [-92.58626747818622, 41.87002634542603], [-92.58548872193744, 41.870645518341746], [-92.58517028339628, 41.87096360584127], [-92.58491109277168, 41.87122251313252], [-92.58439167610581, 41.87167103500684], [-92.58370036048188, 41.87207603708953], [-92.58295867402472, 41.87243539333895], [-92.58229040527571, 41.872671448546946], [-92.58171495944325, 41.872905279796555], [-92.58128173652733, 41.87333265167092], [-92.58099212090274, 41.873739096461975], [-92.58078774590308, 41.87427454125276], [-92.58064634486163, 41.874630401668924], [-92.58058350944503, 41.87478853604364], [-92.58017881777903, 41.87523745791793], [-92.57957409173827, 41.875556961042435], [-92.57905614590575, 41.87576953916715], [-92.57856774486487, 41.875853539167], [-92.57796511778247, 41.875851324583664], [-92.57739189486665, 41.87574197562549], [-92.57712174174208, 41.87572078500057], [-92.57681825007592, 41.875696970417266], [-92.57587069799405, 41.875779264167136], [-92.57546057403636, 41.87582611208369], [-92.5753250386199, 41.87584159229203], [-92.5748089292457, 41.875775338125436], [-92.57472277403745, 41.87573627041718], [-92.57466584591259, 41.87571045479222], [-92.57437976049636, 41.87558072354244], [-92.57398043341362, 41.875214631876304], [-92.5735865750809, 41.87487766208517], [-92.57355241883096, 41.87484843396021], [-92.57325875528977, 41.87470722875213], [-92.57320920737317, 41.87467557875215], [-92.57277948029048, 41.874566745418974], [-92.5722061354997, 41.87447881937749], [-92.57171916362546, 41.87434832041936], [-92.57123147508457, 41.874325050627704], [-92.57062929904384, 41.87425846104445], [-92.57045594071074, 41.87422242458621], [-92.56999884904477, 41.874127416253025], [-92.56925348342097, 41.874017385003185], [-92.56893754696313, 41.87405909437814], [-92.56863868029694, 41.874155482919655], [-92.56847739904718, 41.874207500627904], [-92.56790247508974, 41.87435546937763], [-92.56732725946563, 41.874546332919], [-92.56683884696639, 41.874630282918865], [-92.56646565842533, 41.87465032041888], [-92.56586348030123, 41.87458370479396], [-92.56550008759345, 41.87452508812736], [-92.56531883759374, 41.87449585583579], [-92.56480158446952, 41.874601129793916], [-92.56428345842869, 41.874835091251896], [-92.56423973134542, 41.874876671460186], [-92.56408127717899, 41.87502735375159], [-92.56385009905438, 41.87526239750127], [-92.56356240842977, 41.875368543334446], [-92.56321863863866, 41.875281448542864], [-92.56316957613876, 41.87529498187621], [-92.56298863134737, 41.87534491208447], [-92.56278659176432, 41.875515724584204], [-92.56255570634806, 41.875707874583895], [-92.56226624697348, 41.876071380833295], [-92.56214941259867, 41.87637120166619], [-92.56206112926547, 41.87669257562402], [-92.56228836259845, 41.87703660166517], [-92.56254845843137, 41.87734040270635], [-92.56260154593127, 41.87740240478962], [-92.56260022926466, 41.87759543083098], [-92.56239773655659, 41.87783057874725], [-92.56213799280704, 41.87804406416359], [-92.56179303864084, 41.87812853916347], [-92.56121865114176, 41.878190689163375], [-92.5609985136421, 41.878171556871735], [-92.56070239072588, 41.878145822496776], [-92.56018627926841, 41.87807950270519], [-92.55969900843581, 41.87799184437199], [-92.55923985322816, 41.8779900829137], [-92.55875155322894, 41.8780525537469], [-92.55829017927132, 41.87837249541309], [-92.55826394802133, 41.87841120478805], [-92.55800024802176, 41.87880032978745], [-92.55782643656369, 41.87903557978705], [-92.55736756677277, 41.87899091728712], [-92.55708133031487, 41.87888257874562], [-92.55690133969017, 41.878827965204025], [-92.55679494489863, 41.87879568395408], [-92.55663369385724, 41.87891495478726], [-92.556573698024, 41.87895168395386], [-92.55630735323273, 41.87910642353694], [-92.55621861260789, 41.87913661937023], [-92.55578770115022, 41.87919929332849], [-92.555271288651, 41.87917584853682], [-92.5546683334436, 41.879216406870114], [-92.55409497406953, 41.879128393328585], [-92.55382252615328, 41.8790652683287], [-92.55343596469555, 41.878975697495484], [-92.55263272615508, 41.87892967562055], [-92.5519161803229, 41.87879819645411], [-92.55140022199038, 41.87871039332924], [-92.55115637199071, 41.87866816207929], [-92.55082115740794, 41.87867937457929], [-92.55055589594997, 41.87872154332922], [-92.55025110740883, 41.878877478745665], [-92.55022371574216, 41.878892664162265], [-92.54990538240935, 41.87906915374532], [-92.54973244282627, 41.879175712078506], [-92.54967354074302, 41.8793899589532], [-92.54984211574276, 41.879905361035696], [-92.54992490220097, 41.880377529784994], [-92.5498653980344, 41.88067756311784], [-92.54979966574282, 41.88076249228436], [-92.54963370220145, 41.880976919367356], [-92.54938262824349, 41.881069506867206], [-92.54859933761969, 41.88114443915879], [-92.54782417407921, 41.881184283950404], [-92.5472201334552, 41.8813749339501], [-92.54690277720567, 41.88160960686639], [-92.54644147303969, 41.88190805061594], [-92.546038470957, 41.882078037073995], [-92.54554997512446, 41.88216189749056], [-92.5449472959587, 41.88215950999057], [-92.54394358554362, 41.88204828915741], [-92.54334151366953, 41.88196010582419], [-92.54310352721154, 41.88193461207425], [-92.54250985012914, 41.88187100582432], [-92.54233190429608, 41.88188090582428], [-92.54229323137946, 41.88195205582423], [-92.54216316471303, 41.88219133811548], [-92.54198775429666, 41.882641034989774], [-92.54166930533881, 41.883025823530886], [-92.54146610533911, 41.88334672248868], [-92.54123873242281, 41.88365430686321], [-92.54111833450634, 41.88381718394629], [-92.54096156888153, 41.88411696936248], [-92.54082734284009, 41.884373654778756], [-92.54048540846559, 41.884644503736695], [-92.54036583554915, 41.884693517278265], [-92.53999288346637, 41.88467057873663], [-92.53953506575873, 41.88447571415361], [-92.53907725013448, 41.88428085373726], [-92.53896023659297, 41.88423104852898], [-92.5386194365935, 41.88408598602922], [-92.53839110534386, 41.88409724957086], [-92.5382310115941, 41.88410515269584], [-92.53794396055292, 41.88419211727904], [-92.53781474909476, 41.88423288498734], [-92.5375553699285, 41.88438197144541], [-92.5373538470121, 41.884466948528654], [-92.53703752930431, 41.8845514641535], [-92.53663572097162, 41.88454984436186], [-92.53634918451371, 41.88448434540362], [-92.5359194615977, 41.88437537144546], [-92.53540472514015, 41.884115920404156], [-92.53477705222451, 41.88359863915496], [-92.53436177410015, 41.88320224228062], [-92.53423549805865, 41.88308170478081], [-92.53377973035106, 41.88260800686487], [-92.53356912305969, 41.882534325614984], [-92.53340758035158, 41.882477809990064], [-92.53308519910212, 41.882489177698346], [-92.53286213451912, 41.882497041240015], [-92.53260306264451, 41.88260322353153], [-92.53228595847838, 41.882794962072865], [-92.53208459181201, 41.882858486031125], [-92.53142419389636, 41.882898687072725], [-92.53125675952163, 41.88288482353107], [-92.53087921577219, 41.88285356832279], [-92.53033298243975, 41.88298002144762], [-92.53017953243994, 41.88303138915586], [-92.53001650639857, 41.88308596103076], [-92.52958491056586, 41.88323432978052], [-92.52909670014998, 41.883275222488805], [-92.52875230431715, 41.883273811030506], [-92.52840838140105, 41.88320805373894], [-92.52777920223537, 41.88290520478108], [-92.52706440536144, 41.88253765269832], [-92.5265447553623, 41.882358549573546], [-92.52643460432078, 41.882320581865315], [-92.52634033765423, 41.88232459749031], [-92.52597525848813, 41.88234013603193], [-92.52557347098877, 41.882338477698625], [-92.52526838661424, 41.88245090165674], [-92.52522812932267, 41.88246573603175], [-92.5251946824477, 41.88248144540671], [-92.52491132307313, 41.88261455582318], [-92.52469045849017, 41.882716451656336], [-92.52450810119876, 41.88280591623953], [-92.52438338974065, 41.882851871447826], [-92.52380865953319, 41.88294957873933], [-92.52306226474269, 41.88297507665594], [-92.5226505584933, 41.88302682248917], [-92.52218129495236, 41.88308580061408], [-92.5214529553702, 41.8832543485305], [-92.52138216057864, 41.88326783394717], [-92.52101225537086, 41.88333830165538], [-92.52068386162136, 41.883307696447105], [-92.52042493349677, 41.88328356519713], [-92.52020920224707, 41.88326345686386], [-92.51963596162301, 41.883160971447296], [-92.51885268766586, 41.88300041207259], [-92.51837586266663, 41.882798237072905], [-92.51793784808393, 41.882524731864976], [-92.51750130954295, 41.88224798290707], [-92.51734752933487, 41.88215049436553], [-92.51730587829326, 41.88213971519888], [-92.51693648037718, 41.882044120407386], [-92.5163927282947, 41.88190340374092], [-92.51587636371215, 41.88187263082432], [-92.51563206267087, 41.88187953915764], [-92.51543620017117, 41.88188507144929], [-92.51495799392194, 41.881868755824314], [-92.51465154808902, 41.881910354782576], [-92.51438293246446, 41.88200931103245], [-92.51396082309014, 41.88216480894886], [-92.51359730225738, 41.882163270407204], [-92.51340608454933, 41.88214815999054], [-92.5130451147582, 41.88201524019911], [-92.51275730642533, 41.88191663186592], [-92.51237606580094, 41.8817291360329], [-92.51188046996836, 41.88148395999161], [-92.51138400642746, 41.881353163116785], [-92.51088808976158, 41.881150875617095], [-92.51052490226213, 41.88110643290884], [-92.51025693976254, 41.881119589158786], [-92.50994951267967, 41.881289856866886], [-92.5096797939301, 41.88153177769988], [-92.50963368455518, 41.8815573131165], [-92.50960282622191, 41.88158864228308], [-92.5094105168472, 41.881716505824556], [-92.5092187543475, 41.88177287978283], [-92.50904634393112, 41.881800740199424], [-92.50888095226469, 41.881810332907776], [-92.50881664288977, 41.88181405582441], [-92.5086748564317, 41.88183787144936], [-92.50852866476521, 41.88190968186592], [-92.50832020434888, 41.8820955235323], [-92.50804826997432, 41.88221112353216], [-92.5076844189332, 41.882252458948756], [-92.50751255435011, 41.88220882874049], [-92.50705392101753, 41.882135369365585], [-92.50648103456007, 41.88198992457416], [-92.50584927206108, 41.88176442040782], [-92.50550791789493, 41.881642575616354], [-92.50543609602005, 41.88161604749138], [-92.50476384914606, 41.88136770061675], [-92.50447796685484, 41.88122348395035], [-92.50405826998048, 41.88106439124226], [-92.50360030643952, 41.88090513186751], [-92.50333529081495, 41.88080467145096], [-92.50274101581587, 41.88068693915949], [-92.50265030019102, 41.88069783603447], [-92.50249942206624, 41.880715957909445], [-92.50239630435806, 41.880728340201074], [-92.50226707727495, 41.88078552353437], [-92.5020724699836, 41.88087164124255], [-92.50147306894286, 41.881353463116795], [-92.50141468769293, 41.881439463116635], [-92.50120210019327, 41.88175263915785], [-92.50102790644353, 41.88200925790744], [-92.50085426686044, 41.88219437978216], [-92.50060442206919, 41.88233627665693], [-92.50033611998626, 41.88239230269852], [-92.50014643144493, 41.88239147769849], [-92.49999173144516, 41.88239080374018], [-92.49970496269559, 41.88236095790688], [-92.4993490293628, 41.88235940686525], [-92.49913098248817, 41.882358456865234], [-92.498786259572, 41.882399848531854], [-92.49861406478061, 41.88239909644852], [-92.49830827623941, 41.882354865198565], [-92.49802128561487, 41.88235361207359], [-92.49761960644882, 41.88233755790691], [-92.49712260436627, 41.88227818811537], [-92.49658488665875, 41.88216479749053], [-92.49652902728388, 41.88216120061554], [-92.49647893874226, 41.88216098290724], [-92.49593727832644, 41.88215860582386], [-92.4951902064526, 41.88226971103205], [-92.494920997078, 41.882440105823434], [-92.49470907416168, 41.882625051656476], [-92.49459325645353, 41.88275322769795], [-92.49450000749533, 41.8828134818645], [-92.49443940645375, 41.88285263915611], [-92.49434340332891, 41.882895111031075], [-92.4940179189544, 41.88292227353105], [-92.49361613041339, 41.882920504781055], [-92.49313837312246, 41.882846903739505], [-92.49268020437319, 41.88271619644803], [-92.49214686479064, 41.88241357457348], [-92.49172730541629, 41.882240138115435], [-92.49146545125006, 41.88210126415731], [-92.49124728145868, 41.88245248707341], [-92.49111097104225, 41.88275214957298], [-92.49095597833417, 41.882994531864256], [-92.4908203439594, 41.883208405822245], [-92.4907237731262, 41.88332236415539], [-92.49053164708482, 41.88342160061359], [-92.49038960021002, 41.883437718321886], [-92.49016777937709, 41.88346288082187], [-92.49001446375227, 41.88351298915512], [-92.48982247729424, 41.883575732905], [-92.48953445646139, 41.88370313707151], [-92.48916864917027, 41.88398747769605], [-92.48863143458777, 41.884170970404114], [-92.48849750333801, 41.884170372487404], [-92.48819216896345, 41.884068920404275], [-92.48777158146413, 41.88402414957096], [-92.4873701293814, 41.883979465196035], [-92.48694851375706, 41.884063371445905], [-92.48674193146569, 41.884129814154164], [-92.48664158146583, 41.88416209123744], [-92.48639182000795, 41.884289659987246], [-92.48633083459134, 41.884401644362065], [-92.48627530229976, 41.88450361311192], [-92.48604478667511, 41.88461696832007], [-92.48585368146709, 41.884587516236756], [-92.48564355438407, 41.88454368082017], [-92.48522376792641, 41.884398817278736], [-92.48504624501004, 41.88428893915392], [-92.48501433563507, 41.88426919332062], [-92.48459581792736, 41.88396704644606], [-92.48419574813636, 41.88375077457141], [-92.48385273251188, 41.88357765478003], [-92.48361833563722, 41.88348287978016], [-92.48356665855397, 41.883461980821835], [-92.48352350855407, 41.88342934540525], [-92.48341451792919, 41.88334690998869], [-92.48328722938777, 41.88327947144717], [-92.48303347209645, 41.883145020405664], [-92.48282393251344, 41.883029689155876], [-92.4825896991805, 41.88279334853121], [-92.48236843147248, 41.88257009228158], [-92.48218246688947, 41.88250953394834], [-92.48196768355643, 41.882439599573445], [-92.48187561897328, 41.88242328394846], [-92.48171930543185, 41.88239558290684], [-92.48146932522388, 41.88249918290671], [-92.48141214189064, 41.882522881864986], [-92.48106682834951, 41.88263570998981], [-92.48077937522498, 41.882691601656404], [-92.4806264283502, 41.88267661311476], [-92.48018742001756, 41.882545941239925], [-92.48002479189277, 41.882488953740044], [-92.47969135960165, 41.88237211519856], [-92.47940482939379, 41.88231362457361], [-92.47929312418563, 41.88232503394863], [-92.47925165231067, 41.882327227698624], [-92.47896477939446, 41.88231162769864], [-92.47869750439486, 41.8822389235321], [-92.47820168564559, 41.882036496449075], [-92.47776162418795, 41.881881370407655], [-92.47766748772978, 41.88184818915772], [-92.47730467106366, 41.8817607454078], [-92.47701768356416, 41.88175943707449], [-92.47678774398116, 41.88180128603278], [-92.47644230335669, 41.88192839957423], [-92.4759238564825, 41.88215480790723], [-92.47530939190011, 41.882423669365146], [-92.47492474815073, 41.88266498290642], [-92.47452085440136, 41.8829205058227], [-92.47407856169372, 41.883118690197364], [-92.47313917627848, 41.883414617280266], [-92.4728677731539, 41.88347031623851], [-92.47252586482114, 41.883540486030086], [-92.47213558669671, 41.88357020269672], [-92.47208555544681, 41.883574013113325], [-92.47181747315557, 41.88359442248832], [-92.47147343253107, 41.88354994644669], [-92.4711873804482, 41.88343424228026], [-92.47093995024022, 41.88327582040546], [-92.47084511274039, 41.883175295405636], [-92.47088550232365, 41.882918113114386], [-92.4709763710735, 41.88260192873986], [-92.47098399711518, 41.88257540686487], [-92.47100222419846, 41.882354746448584], [-92.47100525128178, 41.882318133948615], [-92.47093098565693, 41.88203458707409], [-92.47076101169887, 41.881773670407824], [-92.47066411169902, 41.881514182908234], [-92.47064869399068, 41.88147288811659], [-92.47044094815766, 41.8811430672838], [-92.47004188982498, 41.88081236624265], [-92.46964129607557, 41.88066753499288], [-92.46933589086774, 41.88058033290969], [-92.46928425857612, 41.880587800618], [-92.46911616586806, 41.88061212040964], [-92.4689840564933, 41.88066305478452], [-92.46876050857696, 41.88074925270109], [-92.46824287628607, 41.88087554124252], [-92.4677058700369, 41.88103033499232], [-92.46734223253748, 41.881042948533945], [-92.46709387003787, 41.88099890061733], [-92.46694200128809, 41.88085521311757], [-92.4667524637884, 41.88063985790956], [-92.4664863981638, 41.88042414645155], [-92.46631751899741, 41.88037908915998], [-92.46610459087275, 41.88032228603504], [-92.46566467524843, 41.88030594124342], [-92.46551804920699, 41.880347770410026], [-92.46531946379065, 41.8804044214516], [-92.46515482108254, 41.880495512076436], [-92.46501192004109, 41.88057456936798], [-92.46484612420801, 41.880681627701165], [-92.46455023775017, 41.88087268290923], [-92.46428095545889, 41.88104300686728], [-92.46384019920959, 41.88112674020049], [-92.4633435981687, 41.88102433186731], [-92.46273268566964, 41.880864194367575], [-92.4623883065035, 41.88086258290923], [-92.46194754921254, 41.88094630686743], [-92.46143097421331, 41.88094388603412], [-92.46093341900576, 41.88095585165905], [-92.460800900256, 41.880908790200806], [-92.46050157213142, 41.880824336034266], [-92.46026892004846, 41.880740194367775], [-92.46005778567383, 41.880739203742735], [-92.45994652942397, 41.88075529332605], [-92.45983435754914, 41.88087933395087], [-92.45983295859082, 41.88104541832558], [-92.45983058046585, 41.88132775999185], [-92.45970554609102, 41.881659357908006], [-92.45943243254976, 41.88197827769915], [-92.4589121169256, 41.88241907457348], [-92.4585721804678, 41.88266991936473], [-92.45845003255128, 41.88276005582293], [-92.45783488463559, 41.88310031311408], [-92.45756484921935, 41.88335640790535], [-92.45740863984457, 41.88372742457141], [-92.45735130963635, 41.88399463811271], [-92.45732896380304, 41.88409880998756], [-92.4573210460947, 41.884169845404074], [-92.4572722960948, 41.884607238111755], [-92.45724686380316, 41.88475614331986], [-92.45695683880359, 41.88511223081929], [-92.45671128672069, 41.88534509331896], [-92.45655176588758, 41.88549636727703], [-92.45633838880457, 41.88583851727651], [-92.45627609192968, 41.88609866310941], [-92.45623920442972, 41.88625270165085], [-92.45604422838835, 41.88668072873355], [-92.45587008255528, 41.8869086756082], [-92.45578845026375, 41.886943019358114], [-92.45569418672227, 41.886982679774746], [-92.45560123776403, 41.88702178810797], [-92.45540989193101, 41.887020880816344], [-92.454989431515, 41.88696169227478], [-92.45386320651676, 41.886641780816944], [-92.45319510755945, 41.88645272560886], [-92.45302944818472, 41.88642093290059], [-92.45243097214399, 41.88630609852578], [-92.45234303672743, 41.886301293317445], [-92.4521976533943, 41.88629335477577], [-92.45185720547818, 41.88627476519247], [-92.45093939818793, 41.88619888498425], [-92.45075749402156, 41.88617533706764], [-92.45048068048033, 41.886139496442695], [-92.45043002423039, 41.88616438810931], [-92.44982547423137, 41.88667970060851], [-92.44807493673409, 41.887757970398525], [-92.44709465652724, 41.8882679933144], [-92.44702510548568, 41.88829439539768], [-92.44662062215298, 41.88844793185581], [-92.44649951902818, 41.888493903730705], [-92.44567315236282, 41.88890456831342], [-92.44477166590588, 41.889507911020814], [-92.44467095236433, 41.88964902456223], [-92.44440048882308, 41.890027981853336], [-92.44414814194852, 41.89044141101937], [-92.44391492528217, 41.89085493706039], [-92.44360529090766, 41.89125379018475], [-92.44333068778309, 41.892024566225246], [-92.44326868778317, 41.89255330268276], [-92.4432285554916, 41.8927675808074], [-92.4430748502835, 41.892838327682284], [-92.44292139090874, 41.89288047768224], [-92.44276855445065, 41.89285114122396], [-92.44244461695115, 41.8926922849742], [-92.44172144820226, 41.89223122872494], [-92.4414937013276, 41.892116176641764], [-92.4413785034111, 41.89205797976683], [-92.44094001070344, 41.89186997039212], [-92.44038607737099, 41.89175288497563], [-92.4400842169548, 41.89175141310068], [-92.44000337007992, 41.89175102039235], [-92.43988893570508, 41.8917075662257], [-92.43978056487197, 41.8915567870593], [-92.4396247898722, 41.8912773287264], [-92.43935891383092, 41.89100401726847], [-92.43903672841475, 41.8906882287273], [-92.43875358258185, 41.89024359435301], [-92.43863597112374, 41.89013225893649], [-92.43858657945714, 41.89008550060322], [-92.43845030654069, 41.889913250603506], [-92.43820305654104, 41.88974046206209], [-92.43820527737437, 41.88948698602081], [-92.43809288570787, 41.88921088602125], [-92.43780849820831, 41.8889092308134], [-92.43737028362568, 41.888692611022066], [-92.4366448086268, 41.888503175605706], [-92.43612918779428, 41.88838625373086]]]]}}]}
