{"type": "FeatureCollection", "features": [{"type": "Feature", "properties": {}, "geometry": {"type": "LineString", "coordinates": [[-92.31086752550881, 41.85528112190204], [-92.31122892331743, 41.855283289814246], [-92.31159032116574, 41.855285456589385], [-92.31195171905367, 41.85528762222747]]}}, {"type": "Feature", "properties": {}, "geometry": {"type": "LineString", "coordinates": [[-92.31195171905367, 41.85528762222747], [-92.31231601140013, 41.85501959935879], [-92.31267451494838, 41.855291950092465], [-92.31303591295512, 41.85529411231936], [-92.31339731100141, 41.855296273409216], [-92.31375870908725, 41.855298433361995], [-92.31412299402749, 41.85503040470617], [-92.31448439067152, 41.85503256236449], [-92.31484578735504, 41.85503471888576], [-92.31521006629103, 41.85476668672453], [-92.31556858084039, 41.85503902851715], [-92.31556570010873, 41.85530921606998], [-92.31592709843136, 41.85531136920039], [-92.31628849679338, 41.85531352119374], [-92.31664989519477, 41.85531567205002], [-92.3170141682839, 41.85504763413529], [-92.31737556524317, 41.85504978269719], [-92.31773983380924, 41.854781742434675], [-92.31809835927957, 41.855054076409836], [-92.31845688779153, 41.855326409275456], [-92.31881541934513, 41.85559874103153], [-92.31917681954236, 41.855600883948554], [-92.31953535569771, 41.85587321347814], [-92.31989675749419, 41.85587535414119], [-92.32025815932984, 41.855877493667144], [-92.32062242072315, 41.85560944424587], [-92.32098667907476, 41.85534139363429], [-92.32135093438472, 41.85507334183245], [-92.32171233181431, 41.85507547674968], [-92.32207372928295, 41.85507761052985], [-92.32243797858779, 41.85480955522345], [-92.32244083034594, 41.85453936726103], [-92.32244368206507, 41.8542691792857], [-92.3224465337452, 41.85399899129745], [-92.3228079252088, 41.85400112272315], [-92.32316931671141, 41.854003253011825], [-92.323530708253, 41.85400538216348], [-92.32389209983354, 41.85400751017812], [-92.32425633549053, 41.85373944895424], [-92.32425917948913, 41.85346926083982], [-92.3246205681061, 41.853471386540356], [-92.32498479768029, 41.8532033229365], [-92.32534618485431, 41.853205446343026], [-92.32570473419021, 41.85347775681997], [-92.32606895931892, 41.85320968974511], [-92.32607179563641, 41.8529395015048], [-92.32643601616432, 41.85267143320717], [-92.32680023365097, 41.852403363719716], [-92.3271616164571, 41.85240548138142], [-92.32752299930198, 41.85240759790616], [-92.32788438218557, 41.85240971329395], [-92.32824293799172, 41.852682015930654], [-92.32860432247331, 41.85268412906445], [-92.32896570699356, 41.85268624106127], [-92.32932991410675, 41.852418163475534], [-92.32969411817871, 41.85215008470016], [-92.33005549977358, 41.85215219324633], [-92.33041688140705, 41.85215430065555], [-92.33077826307904, 41.85215640692782], [-92.33113964478957, 41.85215851206314], [-92.33149821314657, 41.852430804639155], [-92.33185678454478, 41.85270309610496], [-92.33222097980132, 41.85243500926468], [-92.33258236318638, 41.852437109872], [-92.33294374660986, 41.852439209342364], [-92.33330232424436, 41.852711496339495], [-92.33366370926528, 41.8527135935557], [-92.33402509432455, 41.852715689634934], [-92.33438367811836, 41.852987973287284], [-92.33474506477495, 41.852990067112295], [-92.33510365316906, 41.85326234853697], [-92.33510085482997, 41.85353253726072], [-92.33545944774788, 41.85380481758175], [-92.33581804370725, 41.85407709679226], [-92.33581524829481, 41.854347285516695], [-92.3361766427081, 41.85434937489224], [-92.33654082953052, 41.85408127436692], [-92.33690222249948, 41.85408336144871], [-92.33726640479784, 41.85381525857741], [-92.33763058405475, 41.85354715451688], [-92.33799476027023, 41.85327904926714], [-92.33799754640562, 41.85300886037307], [-92.33800033250289, 41.852738671466106], [-92.33836450255944, 41.852470564962125], [-92.33872588659497, 41.85247264624105], [-92.33908727066856, 41.852474726383], [-92.3394486547802, 41.852476805387994], [-92.33981003892987, 41.85247888325602], [-92.34017142311755, 41.85248095998707], [-92.34053558271994, 41.852212846511215], [-92.34089973928108, 41.85194473184636], [-92.34126112054146, 41.851946805127426], [-92.34162527257878, 41.85167868811714]]}}, {"type": "Feature", "properties": {}, "geometry": {"type": "LineString", "coordinates": [[-92.34162527257878, 41.85167868811714], [-92.3416280432799, 41.85140849894986], [-92.34163081394308, 41.851138309769645], [-92.34163358456838, 41.85086812057654], [-92.34199772888927, 41.850600002280096], [-92.3423618701692, 41.85033188279481], [-92.34272047646992, 41.85060414068854], [-92.343081850317, 41.850606208187415], [-92.34344322420193, 41.8506082745494], [-92.34380459812465, 41.85061033977448], [-92.34416597208514, 41.85061240386267], [-92.34453010446903, 41.85034427743918], [-92.34453286281693, 41.85007408805151], [-92.34417425169023, 41.849801835757965], [-92.34417701148308, 41.84953164636392], [-92.34417977123819, 41.84926145695698], [-92.34418253095552, 41.84899126753714], [-92.34418529063511, 41.84872107810438], [-92.34418805027694, 41.848450888658725], [-92.34455217019567, 41.84818276197647], [-92.3445549282417, 41.847912572485555], [-92.3449162870738, 41.84791463410562], [-92.34527764594361, 41.84791669458889], [-92.3456390048511, 41.84791875393536], [-92.34600311572346, 41.84765062256357], [-92.346364473186, 41.84765267961707], [-92.34672583068617, 41.84765473553379], [-92.34708718822394, 41.847656790313735], [-92.3474512916078, 41.84738865428503], [-92.34745403737875, 41.84711846460026], [-92.34745678311212, 41.846848274902584], [-92.34782088033997, 41.846580137621], [-92.34818497452743, 41.846311999151084], [-92.34854906567455, 41.84604385949289], [-92.34855180669729, 41.8457736696856], [-92.34855454768251, 41.84550347986541], [-92.34891863267414, 41.845235338954524], [-92.34892137206431, 41.84496514908922], [-92.34928545245823, 41.84469700695792], [-92.34964679353692, 41.84469905356816], [-92.35001086940817, 41.84443090909276], [-92.35037494223936, 41.84416276342925], [-92.35073628039024, 41.844164806590975], [-92.35109761857849, 41.84416684861605], [-92.3514616854044, 41.84389869945268], [-92.35182574919035, 41.84363054910131], [-92.35218980993636, 41.84336239756198], [-92.35255114371397, 41.84336443498286]]}}, {"type": "Feature", "properties": {}, "geometry": {"type": "LineString", "coordinates": [[-92.35255114371397, 41.84336443498286], [-92.35291247752883, 41.84336647126712], [-92.35327109045504, 41.84363869658837], [-92.35363242586433, 41.843640730618574], [-92.3539964791968, 41.84337257330019], [-92.35435781316049, 41.84337460503798], [-92.35436052948936, 41.843104414793984], [-92.35472186197028, 41.843106445376016], [-92.3550859077402, 41.842838284526266], [-92.35544995047032, 41.84257012248877], [-92.35581128002279, 41.84257214962277], [-92.35616990095728, 41.84284436598558], [-92.35653123210379, 41.84284639086548], [-92.35652852493162, 41.84311658123707], [-92.35688985763507, 41.843118604999454], [-92.35725389450788, 41.8428504372155], [-92.35761522576541, 41.84285245868561], [-92.35797655705993, 41.842854479019124], [-92.35834058792703, 41.84258630773628], [-92.35870461575435, 41.842318135265906], [-92.35906594411988, 41.84232015215159], [-92.35942727252228, 41.84232216790071], [-92.35978860096155, 41.84232418251324], [-92.36014992943767, 41.842326195989195], [-92.36051125795062, 41.84232820832857], [-92.36087258650038, 41.84233021953136], [-92.36123122774725, 41.842602420242095]]}}, {"type": "Feature", "properties": {}, "geometry": {"type": "LineString", "coordinates": [[-92.36123122774725, 41.842602420242095], [-92.36159255789045, 41.842604429190665], [-92.36195388807036, 41.842606437002644], [-92.36231521828702, 41.842608443678024], [-92.36231790106699, 41.84233825297672], [-92.36232058381027, 41.84206806226252], [-92.3619619408598, 41.84179586491679], [-92.361603300949, 41.84152366645944], [-92.3616059866218, 41.841253475744395], [-92.36160867225784, 41.84098328501645], [-92.36196999331877, 41.84098529271487], [-92.36233399697619, 41.8407171084981], [-92.3626979975941, 41.84044892309407], [-92.36306199517254, 41.840180736502866], [-92.36342598971156, 41.8399125487245], [-92.3637899812112, 41.839644359758985], [-92.36379265750887, 41.839374168840294], [-92.3641566444129, 41.83910597865593], [-92.36415931911773, 41.83883578769258], [-92.36416199378596, 41.83856559671634], [-92.36452597453838, 41.83829740528144], [-92.36488995225167, 41.83802921265953], [-92.36525392692586, 41.83776101885065], [-92.36561789856098, 41.83749282385483], [-92.36598186715709, 41.8372246276721], [-92.36634583271422, 41.83695643030251], [-92.36670979523242, 41.83668823174608], [-92.36707109249168, 41.83669022323271], [-92.36743505048796, 41.83642202233433], [-92.36779634630058, 41.83642401152948], [-92.36816029977496, 41.83615580828926]]}}, {"type": "Feature", "properties": {}, "geometry": {"type": "LineString", "coordinates": [[-92.36816029977496, 41.83615580828926], [-92.36852425021053, 41.83588760386234], [-92.3688855430934, 41.835889589611], [-92.36924683601258, 41.835891574223325], [-92.36960812896805, 41.835893557699315], [-92.36996942195981, 41.83589554003898], [-92.3703307149878, 41.83589752124232], [-92.3706893610988, 41.83616969275211], [-92.37105065571865, 41.83617167170144], [-92.37141195037468, 41.83617364951442], [-92.37177324506688, 41.83617562619105], [-92.37213718067082, 41.835907410214006], [-92.37249847391588, 41.83590938459934], [-92.37285976719706, 41.835911357848346], [-92.3732210605143, 41.835913329961016], [-92.3735823538676, 41.835915300937344], [-92.37394364725698, 41.835917270777344]]}}, {"type": "Feature", "properties": {}, "geometry": {"type": "LineString", "coordinates": [[-92.37394364725698, 41.835917270777344], [-92.37430494068235, 41.835919239481015], [-92.37466623414373, 41.83592120704834], [-92.3750275276411, 41.83592317347934], [-92.37538619397345, 41.83619533045845], [-92.37574748906214, 41.836197294635284], [-92.37610878418673, 41.83619925767577], [-92.37646745666862, 41.836471411306995], [-92.3768287533844, 41.836473372093266], [-92.37719005013605, 41.83647533174318], [-92.37755396504383, 41.83620709847424], [-92.3775565831283, 41.83593690667885], [-92.37791787691276, 41.83593886401914], [-92.37827655568735, 41.83621101205539], [-92.37863785106278, 41.83621296714142], [-92.37899914647397, 41.83621492109112], [-92.3793604419209, 41.83621687390446], [-92.37972173740351, 41.83621882558146], [-92.38008303292182, 41.836220776122104], [-92.38044432847582, 41.8362227255264], [-92.38080301962007, 41.83649486574251], [-92.3811643167648, 41.836496812892456], [-92.38152301250302, 41.83676895087802], [-92.38188431123838, 41.83677089577357], [-92.38224561000929, 41.83677283953274], [-92.38260431189656, 41.837044974169594], [-92.38296301682281, 41.83731710769379], [-92.3833243187393, 41.837319048080424], [-92.38368562069127, 41.83732098733066], [-92.38404692267868, 41.8373229254445], [-92.38440822470156, 41.83732486242194], [-92.38477211459755, 41.83705660615216], [-92.38513082885355, 41.83732873296763], [-92.38512824249999, 41.8375989250838], [-92.38548954614859, 41.83760085867027], [-92.38585084983255, 41.83760279112034], [-92.38621215355187, 41.83760472243399], [-92.3865734573065, 41.83760665261123], [-92.38693218230522, 41.83787877384637], [-92.38692960347875, 41.8381489660278], [-92.38728833300091, 41.83842108615529], [-92.38764706556229, 41.83869320516979], [-92.38800837553633, 41.838695130873994], [-92.38836968554557, 41.83869705544174], [-92.38873099559001, 41.83869897887303], [-92.38908973585515, 41.83897109341953], [-92.38944847915958, 41.83924320685291], [-92.38944591079448, 41.839513399096916], [-92.38980722550336, 41.83951531917314], [-92.39016597488651, 41.83978743038017], [-92.39052472730911, 41.840059540474], [-92.39052216339782, 41.840329732733615], [-92.39088092034456, 41.84060184171938], [-92.39124224127274, 41.84060375732187], [-92.39160356223593, 41.840605671787834], [-92.39196488323414, 41.84060758511727], [-92.39232364788485, 41.84087968963425], [-92.39268497047281, 41.84088160070863], [-92.39304373971788, 41.84115370299367], [-92.39340506389553, 41.84115561181295], [-92.3937663881081, 41.841157519495674], [-92.39412771235556, 41.84115942604184], [-92.39448903663788, 41.84116133145145], [-92.39484781514145, 41.84143342814871]]}}, {"type": "Feature", "properties": {}, "geometry": {"type": "LineString", "coordinates": [[-92.39484781514145, 41.84143342814871], [-92.3952065966847, 41.8417055237324], [-92.39556792411119, 41.8417074257682], [-92.39592925157248, 41.84170932666742], [-92.39629057906852, 41.84171122643006], [-92.39664936831544, 41.841983317544134], [-92.39700816060214, 41.84225540754453], [-92.39736949124213, 41.842257303933174], [-92.39772828812326, 41.84252939170112], [-92.39808962035252, 41.84253128583442], [-92.3984484218281, 41.842803371369804], [-92.3988097556466, 41.84280526324772], [-92.39917108949967, 41.842807153989], [-92.39953242338734, 41.84280904359366], [-92.39989123256645, 41.84308112465878], [-92.40025004478555, 41.84335320460998], [-92.40024752149338, 41.8436233971991], [-92.40060633823798, 41.84389547604124], [-92.40060381639682, 41.844165668622395], [-92.40096515802266, 41.844167553769395], [-92.40132398084745, 41.84443963038352], [-92.40168280671242, 41.84471170588356], [-92.4020441514818, 41.844713587655995], [-92.4020416356176, 41.84498378026952], [-92.40203911971899, 41.84525397287017], [-92.40203660378596, 41.84552416545794], [-92.40239795315016, 41.84552604614685], [-92.40275678962168, 41.845798118309354], [-92.40311814057483, 41.8457999967425], [-92.40347949156235, 41.8458018740389], [-92.40383833418333, 41.84607394284911], [-92.40419717984476, 41.84634601054503], [-92.40455853397565, 41.84634788446652], [-92.40491738423205, 41.84661994992901], [-92.40527623752897, 41.84689201427715], [-92.40563759480312, 41.846893884823594], [-92.4059964526951, 41.847165946938155], [-92.40635781155797, 41.84716781522862], [-92.406719170455, 41.847169682382294], [-92.4070805293862, 41.84717154839916], [-92.40744438168679, 41.84690322050394], [-92.40780573916594, 41.84690508422963], [-92.40816709667916, 41.846906946818535]]}}, {"type": "Feature", "properties": {}, "geometry": {"type": "LineString", "coordinates": [[-92.40816709667916, 41.846906946818535], [-92.4085309429668, 41.84663861542979], [-92.40889478621392, 41.84637028285632], [-92.40853592034533, 41.84609822970948], [-92.40853840898353, 41.845828036830014], [-92.40817954764151, 41.8455559825733], [-92.40818203773179, 41.845285789685626], [-92.40818452778798, 41.845015596785075], [-92.40782567245847, 41.84474354142319], [-92.40782816396666, 41.844473348514455], [-92.40783065544075, 41.84420315559282], [-92.40783314688075, 41.843932962658315], [-92.40819697755803, 41.84366463208917], [-92.40819946740986, 41.84339443911137], [-92.40820195722762, 41.84312424612069], [-92.40820444701131, 41.84285405311713], [-92.40820693676095, 41.842583860100696], [-92.40857075818205, 41.84231552822523], [-92.40857324634364, 41.8420453351655], [-92.4085757344712, 41.8417751420929], [-92.40857822256473, 41.841504949007415], [-92.40894203628422, 41.84123661585615], [-92.40930584696402, 41.84096828152041], [-92.40966965460417, 41.840699946000186], [-92.41003345920473, 41.84043160929553], [-92.4103972607657, 41.84016327140648], [-92.41076105928714, 41.83989493233305], [-92.4111248547691, 41.8396265920753], [-92.4114886472116, 41.839358250633225], [-92.41149112284127, 41.8390880572919], [-92.41149359843706, 41.83881786393773], [-92.41149607399902, 41.83854767057066], [-92.41185985874156, 41.838279327853364], [-92.41222364044485, 41.83801098395186], [-92.41258741910895, 41.83774263886618]]}}, {"type": "Feature", "properties": {}, "geometry": {"type": "LineString", "coordinates": [[-92.41258741910895, 41.83774263886618], [-92.41295119473388, 41.837474292596355], [-92.41331249952482, 41.837476138660975], [-92.41367380434953, 41.83747798358917], [-92.41403757396374, 41.83720963382763], [-92.41404003868578, 41.83693944026144], [-92.41404250337412, 41.836669246682376], [-92.41440626684282, 41.836400895676306], [-92.41477002727255, 41.83613254348625], [-92.41513378466337, 41.835864190112254], [-92.4154975390153, 41.83559583555434], [-92.41549999745743, 41.8353256418415], [-92.41586374721751, 41.8350572860695], [-92.41622749393883, 41.834788929113664], [-92.41622994924138, 41.83451873532756], [-92.41659369137108, 41.834250377157744], [-92.41695743046215, 41.833982017804146], [-92.4173211665146, 41.833713657266834], [-92.41768489952852, 41.83344529554581], [-92.41804862950393, 41.833176932641116], [-92.41841235644085, 41.832908568552796], [-92.41877608033936, 41.83264020328087], [-92.41913980119946, 41.83237183682535], [-92.41950107769341, 41.8323736632436], [-92.41950351902123, 41.832103469186315], [-92.41986723380468, 41.83183510036376], [-92.42023094554987, 41.83156673035775], [-92.42059221758649, 41.83156855331577], [-92.42059465425683, 41.83129835916828], [-92.42095592480767, 41.83130018097293], [-92.42131719539184, 41.831302001641404], [-92.4216784660093, 41.83130382117369], [-92.42204216722068, 41.83103544534081], [-92.42240343638557, 41.83103726258361], [-92.42240586539391, 41.83076706832461], [-92.42276956052903, 41.83049869012514], [-92.42313325262607, 41.830230310742415], [-92.4234969416851, 41.82996193017646], [-92.4234993660036, 41.82969173581467]]}}, {"type": "Feature", "properties": {}, "geometry": {"type": "LineString", "coordinates": [[-92.4234993660036, 41.82969173581467], [-92.42386305047252, 41.82942335403559], [-92.42422673190352, 41.82915497107336], [-92.42458799063441, 41.829156781379645], [-92.42495166754172, 41.82888839608116], [-92.42531292481986, 41.8288902040982], [-92.42567418213106, 41.82889201097916], [-92.4260354394753, 41.82889381672402], [-92.42639669685255, 41.8288956213328], [-92.42676036477852, 41.82862723023882], [-92.42712402966669, 41.82835883796191], [-92.42748528410507, 41.82836063912844], [-92.42784653857639, 41.828362439158916], [-92.42820779308062, 41.82836423805332], [-92.42857145047317, 41.82809584113441], [-92.42893270352428, 41.82809763773974], [-92.42929395660823, 41.828099433209005], [-92.42965520972503, 41.828101227542206], [-92.43001646287462, 41.82810302073935], [-92.430377716057, 41.828104812800426], [-92.43073896927213, 41.828106603725445], [-92.43110261471067, 41.827838198705976], [-92.43146625711152, 41.827569792503844], [-92.43182750738714, 41.82757157998697], [-92.43218875769546, 41.827573366334065], [-92.43255000803642, 41.82757515154511], [-92.43291125841003, 41.827576935620115], [-92.43327250881624, 41.82757871855908], [-92.43363375925507, 41.827580500362004], [-92.43399500972646, 41.827582281028874], [-92.43435388174197, 41.82785425553238], [-92.43471513379728, 41.82785603394393], [-92.43507638588513, 41.82785781121944], [-92.43543763800544, 41.82785958735888], [-92.43579889015824, 41.82786136236227], [-92.43616251323778, 41.82759294117322], [-92.43652613327966, 41.82732451880185], [-92.43688975028391, 41.82705609524815], [-92.43725336425061, 41.82678767051218], [-92.43761461049023, 41.826789439768575], [-92.43797349355908, 41.827061403067376], [-92.43833474138216, 41.827063170068406], [-92.43869598923753, 41.82706493593341], [-92.4390572371252, 41.827066700662385], [-92.43941848504512, 41.82706846425533], [-92.4397797329973, 41.82707022671225], [-92.44014098098168, 41.82707198803315], [-92.44050222899827, 41.82707374821802], [-92.44086347704705, 41.827075507266855], [-92.44122472512798, 41.827077265179675], [-92.44158597324105, 41.82707902195646]]}}, {"type": "Feature", "properties": {}, "geometry": {"type": "LineString", "coordinates": [[-92.44158597324105, 41.82707902195646], [-92.44194722138623, 41.827080777597224], [-92.44230846956351, 41.827082532101954], [-92.44266737428184, 41.82735448085192]]}}, {"type": "Feature", "properties": {}, "geometry": {"type": "LineString", "coordinates": [[-92.44266737428184, 41.82735448085192], [-92.4430309660143, 41.82708603770333], [-92.44339221428775, 41.82708778879998], [-92.44375580149584, 41.82681934331695], [-92.44411704831452, 41.82682109212505], [-92.44448063099829, 41.82655264430767], [-92.4448418763621, 41.82655439082726], [-92.44520312175787, 41.826556136210854], [-92.44556436718554, 41.82655788045843], [-92.44592328288705, 41.82682981912526], [-92.44628452989724, 41.82683156111724], [-92.44664577693929, 41.8268333019732], [-92.44700469877961, 41.827105237284776], [-92.44736594740408, 41.82710697588509], [-92.44772719606033, 41.82710871334936], [-92.44808844474835, 41.827110449677605], [-92.44844969346809, 41.82711218486981], [-92.44881094221958, 41.82711391892599], [-92.44917219100276, 41.827115651846135], [-92.44953343981764, 41.827117383630245], [-92.44989468866416, 41.82711911427832], [-92.45025593754232, 41.827120843790354], [-92.45061718645212, 41.82712257216637], [-92.4509784353935, 41.827124299406336], [-92.45133737732685, 41.82739622128501], [-92.45169862785019, 41.82739794626917], [-92.45205987840507, 41.82739967011729], [-92.45242112899146, 41.82740139282935], [-92.45278237960935, 41.82740311440538], [-92.45314363025871, 41.827404834845346], [-92.45350488093952, 41.82740655414928], [-92.45386613165176, 41.82740827231715], [-92.45422738239543, 41.827409989348986], [-92.45458633976885, 41.82768190115261], [-92.45494759209411, 41.82768361592851], [-92.45530655405547, 41.82795552549565], [-92.45566780796227, 41.82795723801557]]}}, {"type": "Feature", "properties": {}, "geometry": {"type": "LineString", "coordinates": [[-92.45566780796227, 41.82795723801557], [-92.45602906190038, 41.82795894939943], [-92.4563903158698, 41.827960659647204], [-92.45675385419027, 41.827692172767094], [-92.45711738947304, 41.827423684705856], [-92.45748092171814, 41.827155195463526], [-92.45784445092562, 41.82688670504012], [-92.45820569897582, 41.826888409543265], [-92.45856694705716, 41.82689011291038], [-92.45892592005642, 41.82716201126829], [-92.45928716971885, 41.82716371237938], [-92.45964841941236, 41.82716541235443], [-92.46000966913697, 41.82716711119344], [-92.46037091889264, 41.8271688088964], [-92.46073216867933, 41.82717050546332], [-92.46109341849704, 41.8271722008942], [-92.46145240383318, 41.82744409141504], [-92.4618136552317, 41.8274457845898], [-92.46217490666116, 41.82744747662849], [-92.46253615812157, 41.82744916753114], [-92.46289740961289, 41.827450857297734], [-92.4632586611351, 41.82745254592827], [-92.46361991268819, 41.82745423342274], [-92.46397891036054, 41.827726116105815], [-92.46433791107061, 41.82799799767176], [-92.46469916575391, 41.82799968178982], [-92.46506042046802, 41.8280013647718], [-92.4654239230798, 41.827732850242434], [-92.46578742265386, 41.82746433453244], [-92.46614867442246, 41.82746601407454], [-92.46650768294218, 41.82773788891618], [-92.46686669449963, 41.828009762640555], [-92.46722794939802, 41.828011438806065], [-92.46759144308072, 41.82774291736532], [-92.46795269652151, 41.82774459124289], [-92.4683139499929, 41.827746263984395], [-92.46867520349487, 41.82774793558983], [-92.4690364570274, 41.82774960605919], [-92.46939547943123, 41.828021471941454], [-92.4697567345437, 41.82802314015441], [-92.47011798968668, 41.82802480723127], [-92.47047924486013, 41.82802647317206], [-92.47083827494988, 41.82829833457571], [-92.47119730807748, 41.8285701948618], [-92.47155856638007, 41.82857185742568], [-92.47191982471307, 41.82857351885345], [-92.47228108307642, 41.828575179145126], [-92.47264012388985, 41.82884703495226], [-92.4729991677412, 41.8291188896417], [-92.47336264380617, 41.82885034988633], [-92.47372390380978, 41.82885200564919], [-92.47408737534816, 41.82858346356191], [-92.47445084384866, 41.828314920294495], [-92.47480989246876, 41.82858676937588]]}}, {"type": "Feature", "properties": {}, "geometry": {"type": "LineString", "coordinates": [[-92.47480989246876, 41.82858676937588], [-92.47517115107438, 41.828588420578704], [-92.4755324097102, 41.828590070645426], [-92.47589366837617, 41.82859171957603], [-92.47625712943297, 41.82832317055031], [-92.47661838664027, 41.82832481719318], [-92.4769796438777, 41.828326462699955], [-92.47734090114521, 41.82832810707063], [-92.47770215844278, 41.828329750305215], [-92.4780634157704, 41.8283313924037], [-92.47842467312803, 41.82833303336607], [-92.47878593051567, 41.82833467319235], [-92.4791471879333, 41.82833631188254], [-92.47950844538086, 41.828337949436616], [-92.47986970285838, 41.8283395858546], [-92.4802309603658, 41.82834122113649], [-92.48059221790314, 41.82834285528227], [-92.48095347547034, 41.828344488291954], [-92.48131691413313, 41.82807592311612], [-92.48167817024111, 41.828077553838234], [-92.4820394263789, 41.828079183424244], [-92.4824028590257, 41.827810614765816], [-92.48276411370415, 41.82781224206432], [-92.48312754182403, 41.827543671074864], [-92.48348879504309, 41.82754529608588], [-92.48385004829186, 41.827546919960824], [-92.48421347039567, 41.827278345489056], [-92.48457472218493, 41.82727996707658], [-92.48493380821621, 41.827551784769234], [-92.4852950615836, 41.827553404099895], [-92.4856563149806, 41.82755502229448], [-92.48601972963824, 41.827286442066026], [-92.48638098157554, 41.82728805797325], [-92.48674439170617, 41.82701947541412], [-92.48710564218368, 41.827021089034], [-92.48746689269069, 41.82702270151782], [-92.48782814322718, 41.827024312865596], [-92.48818939379312, 41.82702592307731], [-92.4885506443885, 41.827027532152975], [-92.4889118950133, 41.82702914009259], [-92.48927529317002, 41.82676054944679]]}}, {"type": "Feature", "properties": {}, "geometry": {"type": "LineString", "coordinates": [[-92.48927529317002, 41.82676054944679], [-92.48963654233478, 41.82676215509916], [-92.48999779152886, 41.82676375961549], [-92.49035904075231, 41.82676536299578], [-92.49072029000506, 41.82676696524002], [-92.4910815392871, 41.82676856634822], [-92.4914427885984, 41.82677016632037], [-92.49180403793896, 41.82677176515649], [-92.49216528730875, 41.82677336285655], [-92.49252653670776, 41.826774959420575], [-92.49288565382167, 41.827046752448794], [-92.49324690479786, 41.82704834675575], [-92.4932490355933, 41.82677814914048], [-92.49361241432726, 41.826509544653234], [-92.49397579002364, 41.82624093898708], [-92.49433703653078, 41.82624252984087], [-92.49433491035, 41.82651272752687], [-92.49469403371397, 41.826784514947754], [-92.49505316011556, 41.82705630124971], [-92.49541653294875, 41.82678769103511], [-92.49577778260971, 41.826789277374715], [-92.49613903229965, 41.82679086257827], [-92.49613691365487, 41.8270610603134], [-92.49649816489263, 41.827062644395845], [-92.49685941615934, 41.827064227342234], [-92.497220667455, 41.827065809152565]]}}, {"type": "Feature", "properties": {}, "geometry": {"type": "LineString", "coordinates": [[-92.40816709667916, 41.846906946818535], [-92.40852845422647, 41.84690880827064], [-92.40888732455375, 41.84718086143145], [-92.4092461979216, 41.84745291347763], [-92.40960507433013, 41.847724964409174], [-92.40996395377934, 41.84799701422602], [-92.40996147095025, 41.84826720707256], [-92.40995898808721, 41.84853739990623], [-92.40995650519021, 41.84880759272701], [-92.40995402225923, 41.84907778553492], [-92.41031291069503, 41.849349834255534], [-92.4103104292166, 41.84962002705518], [-92.4103079477042, 41.84989021984195], [-92.41066684215407, 41.850162267456994], [-92.41066436209432, 41.85043246023551], [-92.41066188200065, 41.85070265300114], [-92.41065940187305, 41.85097284575391], [-92.41065692171152, 41.85124303849379], [-92.41065444151606, 41.85151323122079], [-92.41101334644037, 41.851785277743986], [-92.411372254406, 41.85205732315223], [-92.41136977715013, 41.852327515875544], [-92.41136729986034, 41.852597708585996], [-92.41136482253668, 41.85286790128356], [-92.41136234517911, 41.853138093968255], [-92.41135986778767, 41.853408286640075], [-92.41171878622896, 41.85368033095625], [-92.41171631029053, 41.85395052361978], [-92.41207523326042, 41.854222566825484], [-92.4120727587751, 41.85449275948069], [-92.4124316862737, 41.854764801575875], [-92.41242921324157, 41.85503499422276], [-92.41242674017562, 41.85530518685678], [-92.4124242670758, 41.85557537947793], [-92.41206286049527, 41.8555735299728], [-92.41169897777301, 41.85584187190392]]}}, {"type": "Feature", "properties": {}, "geometry": {"type": "LineString", "coordinates": [[-92.41169897777301, 41.85584187190392], [-92.4120579111522, 41.856113915141606], [-92.41205543642988, 41.85638410770669], [-92.41241437433823, 41.85665614983377], [-92.41277331528866, 41.85692819084565], [-92.41277084350689, 41.85719838340697], [-92.4131297889867, 41.85747042330814], [-92.41312731865841, 41.85774061586113]]}}, {"type": "Feature", "properties": {}, "geometry": {"type": "LineString", "coordinates": [[-92.41312731865841, 41.85774061586113], [-92.41348626866775, 41.85801265465157], [-92.41384522171937, 41.85828469232668], [-92.41420664367949, 41.85828653631991], [-92.41456560132835, 41.8585585717598], [-92.4149270248771, 41.858560413495894], [-92.41492456201959, 41.858830606084275], [-92.41528352575324, 41.85910263929331], [-92.41564249252934, 41.859374671386895], [-92.41600146234795, 41.85964670236497], [-92.41636289211627, 41.85964853962129], [-92.41672186653231, 41.85992056836383], [-92.41708084399096, 41.86019259599079], [-92.41707839005919, 41.860462788605865], [-92.41743737204821, 41.86073481512162], [-92.41780125895879, 41.860466455261054], [-92.41816269345891, 41.860468286882636], [-92.41852168011258, 41.86074031003817], [-92.41888066980897, 41.86101233207798], [-92.41924455232298, 41.86074396762913], [-92.41960598847837, 41.86074579471858], [-92.41996498283922, 41.861017813398014], [-92.42032886088941, 41.860749445485446], [-92.42033130116263, 41.860479252728055], [-92.42069517461539, 41.86021088360083], [-92.42105417066453, 41.86048289891115], [-92.42141560546551, 41.8604847202967], [-92.42177947445433, 41.86021634770594], [-92.4221409078006, 41.860218166799655], [-92.42250234118018, 41.860219984756036], [-92.422863774593, 41.86022180157508], [-92.42322520803906, 41.8602236172568], [-92.42358664151836, 41.86022543180118], [-92.42394807503085, 41.86022724520825], [-92.42431193204852, 41.85995886450635], [-92.42467336410604, 41.85996067562168], [-92.4250347961967, 41.859962485599674], [-92.42539622832047, 41.85996429444036], [-92.42575766047733, 41.85996610214371], [-92.42612150849965, 41.85969771564001], [-92.42648293920135, 41.8596995210517], [-92.42684436993608, 41.85970132532609], [-92.4272082119393, 41.85943293532954], [-92.42757205090001, 41.85916454414882], [-92.42757446054829, 41.858894350972484], [-92.42721544544786, 41.85862235585146], [-92.42757927974594, 41.858353964581184], [-92.42794070297346, 41.858355765358766], [-92.42830212623393, 41.858357564999075], [-92.42866595451319, 41.8580891702363], [-92.42902737631832, 41.85809096758515], [-92.42938879815632, 41.858092763796755], [-92.4297502200272, 41.8580945588711], [-92.43011164193092, 41.85809635280821], [-92.43047306386747, 41.85809814560806], [-92.4308344858368, 41.85809993727066]]}}, {"type": "Feature", "properties": {}, "geometry": {"type": "LineString", "coordinates": [[-92.497220667455, 41.827065809152565], [-92.49758403134902, 41.82679719203204], [-92.49758614388956, 41.826526994224416], [-92.49758825640122, 41.82625679640393], [-92.49795161416222, 41.82598817804927], [-92.49795372509732, 41.82571798018822], [-92.49795583600356, 41.825447782314335], [-92.49795794688092, 41.8251775844276], [-92.49831918763184, 41.8251791627256], [-92.49868253622273, 41.824910541958296], [-92.49904588177625, 41.82464192001244], [-92.49940922429246, 41.824373296888076], [-92.4994113289798, 41.82410309889054], [-92.49941343363837, 41.82383290088015], [-92.49941553826814, 41.82356270285692], [-92.49941764286912, 41.82329250482085], [-92.49941974744132, 41.82302230677194], [-92.49942185198472, 41.82275210871018], [-92.49978518217958, 41.8224834842413], [-92.50014640788858, 41.82248505671113], [-92.50050763362631, 41.82248662804507], [-92.50086885939278, 41.82248819824314], [-92.50123218208135, 41.822219569143826], [-92.50159340638672, 41.822221137055365], [-92.50195672454855, 41.82195250562713], [-92.50231794739274, 41.82195407125216], [-92.50268126102782, 41.82168543749509], [-92.50304457162603, 41.82141680255986], [-92.50340579151916, 41.821418364747856], [-92.50376701144081, 41.821419925800015], [-92.50412823139102, 41.821421485716336], [-92.50448945136975, 41.82142304449682], [-92.50485067137697, 41.821424602141455], [-92.50521189141266, 41.82142615865026], [-92.5055731114768, 41.82142771402322], [-92.50593433156936, 41.82142926826035], [-92.50629762721135, 41.82116062294283], [-92.50665884584231, 41.82116217489364], [-92.50702006450163, 41.82116372570862], [-92.5073812831893, 41.82116527538777], [-92.50774250190533, 41.821166823931094], [-92.50810372064964, 41.82116837133859], [-92.50846493942223, 41.82116991761024], [-92.50882615822309, 41.82117146274607], [-92.5091873770522, 41.821173006746065], [-92.50954859590952, 41.821174549610234], [-92.50990981479505, 41.821176091338565], [-92.51027103370876, 41.82117763193107], [-92.51063225265064, 41.82117917138773], [-92.51099347162065, 41.82118070970857], [-92.51135674485388, 41.82091204825807], [-92.51172001505037, 41.82064338562994], [-92.51208123106791, 41.82064492051434], [-92.5124424471135, 41.82064645426292], [-92.51280571129261, 41.820377788156655], [-92.51316692587591, 41.82037931961918], [-92.51352814048718, 41.8203808499459], [-92.51388935512644, 41.82038237913681], [-92.51425261179776, 41.820113708402374], [-92.51461382497457, 41.82011523530729], [-92.51497503817927, 41.820116761076406], [-92.51533625141187, 41.82011828570974], [-92.51569746467234, 41.82011980920727], [-92.51605867796064, 41.82012133156901], [-92.51641989127678, 41.82012285279497], [-92.51678313596871, 41.8198541739822], [-92.51714637762403, 41.81958549399215], [-92.5175075879869, 41.819587011782104], [-92.51786879837752, 41.819588528436284], [-92.51823000879585, 41.819590043954676], [-92.51859121924191, 41.81959155833731], [-92.51895242971563, 41.81959307158416], [-92.519313640217, 41.81959458369524], [-92.51967485074603, 41.81959609467055], [-92.52003606130268, 41.81959760451008], [-92.5203972718869, 41.81959911321383], [-92.52075848249872, 41.819600620781806], [-92.5211176800375, 41.8198723263009], [-92.52147889222272, 41.81987383161152], [-92.52184010443543, 41.81987533578635], [-92.52220131667565, 41.8198768388254]]}}, {"type": "Feature", "properties": {}, "geometry": {"type": "LineString", "coordinates": [[-92.4308344858368, 41.85809993727066], [-92.43119590783893, 41.858101727796004], [-92.43119830214377, 41.85783153439894], [-92.43156211540844, 41.85756313034336], [-92.43192114320395, 41.85783511200416], [-92.43228017404176, 41.85810709254854], [-92.43264159617479, 41.85810887852489], [-92.43300540503955, 41.857840469882674], [-92.43336921086201, 41.85757206005672], [-92.43373301364223, 41.857303649047054], [-92.43409681338021, 41.85703523685372], [-92.43446061007602, 41.856766823476725], [-92.43482440372969, 41.85649840891612], [-92.43518581696436, 41.85650018683113], [-92.43518819434126, 41.85622999317193], [-92.43555198191078, 41.855961576244184], [-92.4359157664383, 41.85569315813292], [-92.43627717520741, 41.85569493258618], [-92.436638584009, 41.85569670590229], [-92.43699999284303, 41.85569847808124], [-92.43736140170948, 41.85570024912302], [-92.43772517724081, 41.85543182521283], [-92.43808658465107, 41.85543359396362], [-92.43844799209367, 41.855435361577264], [-92.43880939956863, 41.85543712805375]]}}, {"type": "Feature", "properties": {}, "geometry": {"type": "LineString", "coordinates": [[-92.52220131667565, 41.8198768388254], [-92.52256453597072, 41.81960814158507], [-92.52256654297064, 41.81933794242866], [-92.52292775222918, 41.819339443167834], [-92.52329096545111, 41.819070743573704], [-92.52365217324623, 41.81907224202722], [-92.52401538194079, 41.818803540106366], [-92.52437658827243, 41.81880503627427], [-92.5247377946314, 41.81880653130642], [-92.52510099730773, 41.8185378259091], [-92.52546220220312, 41.81853931865569], [-92.5258234071258, 41.81854081026654], [-92.52618461207574, 41.818542300741655], [-92.52654581705292, 41.81854379008104], [-92.52690702205733, 41.818545278284674], [-92.5272662399083, 41.81881696473058], [-92.52762744648531, 41.81881845067676], [-92.5279886530895, 41.818819935487184], [-92.52835184234675, 41.81855121974188], [-92.52871304748696, 41.818552702266835]]}}, {"type": "Feature", "properties": {}, "geometry": {"type": "LineString", "coordinates": [[-92.43880939956863, 41.85543712805375], [-92.43917080707588, 41.85543889339309], [-92.43952985558786, 41.85571085149334], [-92.43989126468068, 41.855712614575005], [-92.4402503177879, 41.85598457043791], [-92.44061408296307, 41.85571613732683], [-92.44097313917675, 41.8559880909486], [-92.4413369013743, 41.85571965553], [-92.44169831062818, 41.855721412925845], [-92.4420573715014, 41.85599336318582], [-92.44241878234057, 41.855995118323875], [-92.44278019321186, 41.85599687232475], [-92.44313926023337, 41.8562688192265]]}}, {"type": "Feature", "properties": {}, "geometry": {"type": "LineString", "coordinates": [[-92.44313926023337, 41.8562688192265], [-92.44349833029695, 41.85654076501121], [-92.44385740340265, 41.85681270967889], [-92.44421881896531, 41.85681445918055], [-92.44458023456001, 41.85681620754498], [-92.44494165018666, 41.85681795477221], [-92.44493931381405, 41.8570881488541], [-92.44530073099376, 41.857089894960595], [-92.44565981484308, 41.857361834031785], [-92.44602123360781, 41.85736357788026], [-92.44601890173466, 41.85763377198576], [-92.44637799166853, 41.85790570882252], [-92.44601423789265, 41.858174160158214], [-92.4463733308051, 41.85844609700209], [-92.44637100032556, 41.85871629107258], [-92.44673009776976, 41.85898822680271], [-92.44708919825649, 41.859260161415506], [-92.44744830178576, 41.859532094910946], [-92.4478074083576, 41.85980402728897], [-92.44816651797208, 41.86007595854958], [-92.44816419490796, 41.86034615262488], [-92.4485233090547, 41.860618082771516], [-92.44852098744839, 41.86088827683744], [-92.44851866581031, 41.86115847089053], [-92.44887778597914, 41.86143039992664], [-92.44923690919084, 41.86170232784519]]}}, {"type": "Feature", "properties": {}, "geometry": {"type": "LineString", "coordinates": [[-92.44923690919084, 41.86170232784519], [-92.44923459050041, 41.86197252189238], [-92.44959371824481, 41.86224444869682], [-92.44959140101246, 41.86251464273461], [-92.44995053328971, 41.86278656842488]]}}, {"type": "Feature", "properties": {}, "geometry": {"type": "LineString", "coordinates": [[-92.52871304748696, 41.818552702266835], [-92.52907623221668, 41.81828398419529], [-92.52943743589286, 41.818285464434815], [-92.52979863959608, 41.81828694353861], [-92.53015984332635, 41.81828842150668], [-92.53052104708361, 41.81828989833902], [-92.53088225086788, 41.81829137403563], [-92.53124345467911, 41.81829284859651], [-92.5316046585173, 41.81829432202167], [-92.53196586238242, 41.81829579431109], [-92.53232706627445, 41.81829726546479], [-92.53268827019336, 41.818298735482756], [-92.53268630581306, 41.81856893508258], [-92.53304554838812, 41.81884060357951], [-92.53340675539721, 41.81884207135369], [-92.5337699222856, 41.818573338363606], [-92.53413112783008, 41.81857480385247], [-92.53449037658535, 41.81884646786172], [-92.53485158370162, 41.81884793109289], [-92.53521474462416, 41.8185791935046], [-92.53557595027566, 41.81858065445049], [-92.53593715595387, 41.818582114260636], [-92.53629836165875, 41.81858357293504], [-92.5366595673903, 41.818585030473706], [-92.53702077314848, 41.818586486876626], [-92.53738197893331, 41.8185879421438], [-92.53774318474471, 41.818589396275236], [-92.53810439058269, 41.81859084927092], [-92.53846559644724, 41.81859230113087], [-92.53882680233832, 41.81859375185507], [-92.5391880082559, 41.81859520144352]]}}, {"type": "Feature", "properties": {}, "geometry": {"type": "LineString", "coordinates": [[-92.5391880082559, 41.81859520144352], [-92.53918994530831, 41.81832500159608]]}}, {"type": "Feature", "properties": {}, "geometry": {"type": "LineString", "coordinates": [[-92.53918994530831, 41.81832500159608], [-92.53955114973418, 41.81832645003514], [-92.53991428817602, 41.818057697450875], [-92.54027549113661, 41.81805914360483], [-92.54063669412365, 41.818060588623055], [-92.54099982654559, 41.81779183256429], [-92.54136102806723, 41.81779327529747], [-92.54172222961525, 41.81779471689493], [-92.54208343118962, 41.81779615735668], [-92.5424446327903, 41.817797596682716], [-92.54280391259972, 41.8180692348822], [-92.5431670360706, 41.81780047192764], [-92.54353015650511, 41.81753170779746], [-92.54389327390335, 41.81726294249166], [-92.5442563882653, 41.81699417601032], [-92.54461949959102, 41.81672540835344], [-92.54498260788057, 41.81645663952106], [-92.54534571313397, 41.816187869513236], [-92.545706905862, 41.81618929853698], [-92.54606809861613, 41.81619072642509], [-92.54642929139638, 41.816192153177546], [-92.54679238913783, 41.81592337854696], [-92.54715358045216, 41.815924803014674], [-92.54751667366557, 41.81565602605969], [-92.54787786351392, 41.81565744824272], [-92.54823905338826, 41.815658869290104], [-92.54860024328858, 41.815660289201865], [-92.54896143321484, 41.81566170797798], [-92.54932262316704, 41.81566312561847], [-92.54968381314514, 41.81566454212333], [-92.55004500314914, 41.81566595749254], [-92.550406193179, 41.815667371726136], [-92.55076927141971, 41.81539858440393], [-92.55077115957887, 41.81512838397095], [-92.55113234662441, 41.81512979590664], [-92.55149541879318, 41.81486100623431], [-92.55185660437235, 41.814862415885486], [-92.55221778997728, 41.81486382440106], [-92.55257897560794, 41.81486523178103], [-92.55294016126435, 41.8148666380254], [-92.55330134694643, 41.81486804313416], [-92.55366440861816, 41.814599246542514], [-92.55402371838764, 41.81487084994488], [-92.5543849041467, 41.81487225164683], [-92.5547479613415, 41.81460345160872], [-92.55510914563384, 41.81460485102627], [-92.55547219830041, 41.814336048664565], [-92.55547406662352, 41.814065848008084], [-92.55547593492108, 41.81379564733878], [-92.55583898146496, 41.813526843750324], [-92.55620202497312, 41.81325803898717], [-92.55656506544561, 41.812989233049336], [-92.55692810288248, 41.81272042593687], [-92.55729113728376, 41.812451617649785], [-92.55765416864948, 41.81218280818812], [-92.55801719697969, 41.81191399755192]]}}, {"type": "Feature", "properties": {}, "geometry": {"type": "LineString", "coordinates": [[-92.55801719697969, 41.81191399755192], [-92.55838022227445, 41.811645185741206], [-92.55874139012549, 41.81164657365886], [-92.55910255800191, 41.811647960441036], [-92.55910441089247, 41.8113777595251], [-92.55946742862407, 41.811108944216926], [-92.55982859351576, 41.811110328702036], [-92.56019160671966, 41.810841511070976], [-92.56055092337503, 41.81111309426588], [-92.56091393359412, 41.810844274337846], [-92.56127694077792, 41.81057545323551], [-92.56091762402156, 41.810303872285836], [-92.56091946919742, 41.810033671240596], [-92.56092131434804, 41.80976347018253], [-92.56128247175268, 41.80976485006076], [-92.56164547127281, 41.8094960277067], [-92.56200662721031, 41.80949740530113], [-92.56236594411784, 41.80976898288302], [-92.5627289391608, 41.809500157083804], [-92.56309009517376, 41.80950153127205], [-92.56345125121183, 41.809502904324894], [-92.56345308568919, 41.809232703150364], [-92.56381607316956, 41.80896387385458]]}}, {"type": "Feature", "properties": {}, "geometry": {"type": "LineString", "coordinates": [[-92.56381607316956, 41.80896387385458], [-92.56417722622271, 41.80896524461079], [-92.56453837930093, 41.80896661423162], [-92.56490136076134, 41.808697781465234], [-92.56526251237209, 41.808699148802425], [-92.56562366400782, 41.808700515004254], [-92.5659848156685, 41.80870188007071], [-92.56634596735414, 41.8087032440018], [-92.56670711906469, 41.808704606797534], [-92.56706827080015, 41.80870596845789], [-92.5674294225605, 41.808707328982884], [-92.5677905743457, 41.80870868837251], [-92.56815172615575, 41.80871004662677], [-92.56851106480846, 41.80898160512593], [-92.56887402985026, 41.80871275972919], [-92.5692351817347, 41.808714114577356], [-92.56959814224878, 41.80844526685872], [-92.56995929266522, 41.8084466194234], [-92.57032044310638, 41.80844797085271], [-92.57068159357223, 41.80844932114667], [-92.57104274406277, 41.808450670305255], [-92.57140389457794, 41.8084520183285], [-92.57176504511776, 41.80845336521637]]}}, {"type": "Feature", "properties": {}, "geometry": {"type": "LineString", "coordinates": [[-92.44995053328971, 41.86278656842488], [-92.45030966861005, 41.86305849299746], [-92.45067111973628, 41.86306022240419], [-92.451030259653, 41.86333214473788], [-92.45138940261289, 41.863604065953844], [-92.45174854861601, 41.86387598605199], [-92.45211000443351, 41.86387771095764], [-92.4524691550331, 41.86414962881671], [-92.45282830867602, 41.864421545557896], [-92.45318746536228, 41.864693461181176], [-92.45354662509195, 41.864965375686516], [-92.45390578786504, 41.86523728907388], [-92.45426495368163, 41.86550920134323], [-92.45462412254174, 41.86578111249454], [-92.45498329444543, 41.86605302252777], [-92.45498099959632, 41.86632321662925], [-92.45534017603404, 41.866595125547676], [-92.45570164738366, 41.8665968392399], [-92.4560608284183, 41.86686874591873], [-92.45642230135248, 41.86687045735188], [-92.45678148698406, 41.86714236179102], [-92.45714067565942, 41.86741426511188], [-92.45750215173128, 41.86741597316438], [-92.45786134500364, 41.867687874245426], [-92.45822054131987, 41.86795977420813], [-92.45821825994862, 41.86822996836467], [-92.45857746079953, 41.86850186721222], [-92.45893666469445, 41.86877376494134], [-92.45893438627361, 41.86904395909143], [-92.45893210782158, 41.869314153228665], [-92.4592913177423, 41.869586049845715], [-92.45928904075001, 41.869856243973274], [-92.45964825520585, 41.87012813947501], [-92.46000747270594, 41.8704000338582], [-92.4603689657696, 41.87040173298575], [-92.46073045886438, 41.870403430975536], [-92.46108968251524, 41.87067532199663], [-92.46144890921042, 41.87094721189908], [-92.46181040544269, 41.870948906507536], [-92.46216963673548, 41.87122079416949], [-92.46252887107269, 41.871492680712706], [-92.46252660756245, 41.8717628748942], [-92.46288584643543, 41.87203476032174], [-92.46324508835295, 41.87230664463045], [-92.46360659235128, 41.8723083336296], [-92.46396583886661, 41.87258021569755], [-92.46432508842658, 41.87285209664662], [-92.46468659556223, 41.87285378226404], [-92.46504810272873, 41.8728554667436], [-92.46541186138157, 41.872586955827984], [-92.46577336708738, 41.872588638015976], [-92.46613487282397, 41.87259031906613], [-92.46649637859133, 41.87259199897842], [-92.46685563902327, 41.87286387207354], [-92.46721490249988, 41.873135744049556], [-92.46757416902122, 41.87340761490648], [-92.46793343858732, 41.87367948464426], [-92.46829495059767, 41.87368115893044], [-92.46865646263865, 41.87368283207872], [-92.46901797471027, 41.87368450408911], [-92.46937948681247, 41.87368617496161], [-92.46973876563551, 41.87395803909166], [-92.47010027932129, 41.8739597077041], [-92.4704640233025, 41.873691180751756], [-92.47082553552691, 41.87369284707268], [-92.47118704778181, 41.87369451225572], [-92.4715507857344, 41.87342598181402], [-92.4719145206422, 41.873157450190256], [-92.47227825250525, 41.87288891738442], [-92.4726419813236, 41.87262038339655], [-92.4730034876412, 41.87262204282755], [-92.47336721192295, 41.872353506504204], [-92.47372871677895, 41.872355163643874], [-92.47409022166528, 41.8723568196457], [-92.4744517265819, 41.872358474509696], [-92.47481323152883, 41.87236012823583], [-92.47517473650602, 41.872361780824136], [-92.47553624151345, 41.8723634322746], [-92.47589995379843, 41.87209488784877], [-92.47626366303884, 41.87182634224115], [-92.4766273692347, 41.87155779545179], [-92.47699107238606, 41.87128924748071], [-92.4773525714553, 41.871290893179896], [-92.4777162700701, 41.87102234287383], [-92.47807776767735, 41.87102398628192], [-92.4784414617556, 41.87075543364095], [-92.47880515278945, 41.8704868798184], [-92.47916664744248, 41.87048851978221], [-92.47952814212553, 41.87049015860824], [-92.47988963683856, 41.8704917962965], [-92.48025113158157, 41.87049343284699], [-92.48061262635454, 41.870495068259714], [-92.48097412115743, 41.87049670253466], [-92.48133561599022, 41.87049833567183], [-92.48169711085289, 41.87049996767123], [-92.48205860574545, 41.87050159853286], [-92.48242010066785, 41.870503228256716], [-92.48278159562008, 41.87050485684279], [-92.48314309060211, 41.8705064842911], [-92.48350458561391, 41.870508110601634], [-92.48386390707738, 41.87077993092941], [-92.48422540367089, 41.87078155497969], [-92.48458690029412, 41.8707831778922], [-92.48495056595858, 41.87051460446601], [-92.485312061119, 41.87051622508767], [-92.48567355630907, 41.870517844571545], [-92.48603721594414, 41.870249267658096], [-92.48639870967129, 41.87025088485118], [-92.48676020342805, 41.8702525009065], [-92.48712169721438, 41.87025411582405], [-92.4874853493274, 41.86998553427054], [-92.48784468487568, 41.870257342245864], [-92.4882040234683, 41.87052914910096], [-92.48856551889489, 41.87053075948263]]}}, {"type": "Feature", "properties": {}, "geometry": {"type": "LineString", "coordinates": [[-92.57176504511776, 41.80845336521637], [-92.57212799364005, 41.808184509435634], [-92.57248914271159, 41.80818585404012], [-92.5728502918077, 41.808187197509255], [-92.57321144092838, 41.808188539843044], [-92.57357259007358, 41.808189881041486], [-92.57393373924327, 41.80819122110458], [-92.57429488843746, 41.80819256003232], [-92.57465603765611, 41.808193897824715], [-92.57501718689922, 41.80819523448175], [-92.57537833616674, 41.808196570003446], [-92.57573948545866, 41.808197904389786], [-92.57610063477497, 41.80819923764078], [-92.5764635638395, 41.80793036805893], [-92.57682471168707, 41.807931699026675], [-92.57718585955894, 41.80793302885908], [-92.57754878260234, 41.80766415580822], [-92.5779117026109, 41.807395281584164], [-92.57827461958466, 41.80712640618696], [-92.57863753352365, 41.80685752961664], [-92.5790004444279, 41.80658865187321], [-92.57936335229749, 41.80631977295673], [-92.57972625713244, 41.80605089286724], [-92.58008739457652, 41.80605221352975], [-92.58044853204473, 41.806053533056996]]}}, {"type": "Feature", "properties": {}, "geometry": {"type": "LineString", "coordinates": [[-92.48856551889489, 41.87053075948263], [-92.48892701435096, 41.87053236872651], [-92.48928850983647, 41.87053397683262], [-92.48965000535142, 41.870535583800944], [-92.49001150089578, 41.87053718963149], [-92.49037085029089, 41.87080898975316], [-92.4907323474162, 41.87081059332327], [-92.49109384457084, 41.87081219575558], [-92.49145320011345, 41.871083992511466], [-92.49181469884897, 41.87108559268328], [-92.49217619761376, 41.871087191717294], [-92.49253769640781, 41.8710887896135], [-92.4928970596494, 41.871360581880694], [-92.49325856002416, 41.87136217751634], [-92.49362006042813, 41.87136377201417], [-92.49398156086127, 41.87136536537418], [-92.49434306132358, 41.87136695759638], [-92.49470456181501, 41.87136854868076], [-92.49506393585823, 41.87164033421335], [-92.49542543793014, 41.87164192303708], [-92.49578694003114, 41.87164351072298], [-92.4961484421612, 41.871645097271056], [-92.4965099443203, 41.87164668268131], [-92.49687144650841, 41.87164826695374], [-92.49723506606927, 41.87137965441263], [-92.49759445097159, 41.8716514320851], [-92.49795595324662, 41.871653012944044], [-92.49831534274472, 41.87192478837271], [-92.49867473528741, 41.87219656268047], [-92.49903624069377, 41.87219814015567], [-92.49939774612902, 41.872199716493014], [-92.49975714481874, 41.87247148743381], [-92.50011865183397, 41.87247306151029], [-92.50048226260772, 41.87220443867793], [-92.50084376815822, 41.87220601046387], [-92.50120527373748, 41.872207581111965], [-92.50156677934551, 41.8722091506222], [-92.50192618734191, 41.872480914824756], [-92.50228769452968, 41.872482482074055], [-92.50264920174614, 41.8724840481855], [-92.50300861588929, 41.872755809020695], [-92.5033701246854, 41.87275737287114], [-92.50373163351016, 41.872758935583725], [-92.50409105380001, 41.87303069305139], [-92.50445256420433, 41.87303225350293], [-92.50481198908993, 41.873304008726095], [-92.50517350107373, 41.87330556691654], [-92.50553501308605, 41.87330712396909], [-92.50589652512687, 41.87330867988375], [-92.50625803719616, 41.8733102346605], [-92.50661954929392, 41.87331178829936]]}}, {"type": "Feature", "properties": {}, "geometry": {"type": "LineString", "coordinates": [[-92.58044853204473, 41.806053533056996], [-92.58081143085872, 41.80578464949908], [-92.58117080705345, 41.80605616870569], [-92.58153194459393, 41.80605748482713], [-92.58189308215846, 41.8060587998133], [-92.582254219747, 41.8060601136642], [-92.58261535735957, 41.80606142637984], [-92.5829764949961, 41.80606273796021], [-92.58333763265662, 41.806064048405304], [-92.58369877034107, 41.806065357715134], [-92.58405990804944, 41.8060666658897], [-92.58442104578172, 41.80606797292899], [-92.58478218353788, 41.80606927883301], [-92.5851433213179, 41.80607058360176], [-92.58550445912178, 41.80607188723524], [-92.585867337029, 41.80580298761067], [-92.58623021190168, 41.805534086813495], [-92.58659134674235, 41.80553538701665], [-92.58695248160679, 41.80553668608455], [-92.58731361649497, 41.8055379840172], [-92.58767475140687, 41.8055392808146], [-92.58803588634245, 41.80554057647675], [-92.5883970213017, 41.805541871003655], [-92.58875815628461, 41.8055431643953], [-92.58912101766781, 41.80527425439327], [-92.5894821511807, 41.80527554550224], [-92.58984328471719, 41.80527683547597], [-92.59020441827725, 41.80527812431447], [-92.59056555186085, 41.80527941201772], [-92.59092668546798, 41.80528069858573], [-92.59128781909862, 41.8052819840185], [-92.59164895275275, 41.805283268316025], [-92.59201008643034, 41.80528455147831], [-92.59237122013137, 41.80528583350536], [-92.59273235385582, 41.80528711439715], [-92.59309348760368, 41.805288394153706], [-92.59345291320543, 41.80555987517882], [-92.59381404851729, 41.80556115267694], [-92.5941751838525, 41.805562429039796], [-92.59453461557001, 41.80583390669448], [-92.59489575246913, 41.805835180798844]]}}, {"type": "Feature", "properties": {}, "geometry": {"type": "LineString", "coordinates": [[-92.59489575246913, 41.805835180798844], [-92.59525688939152, 41.805836453767945], [-92.59561802633718, 41.805837725601776], [-92.59597746571096, 41.80610919876261], [-92.59633860422038, 41.80611046833789], [-92.59669974275299, 41.80611173677788], [-92.59706088130879, 41.8061130040826], [-92.59742032833873, 41.806384472749286], [-92.59778146845815, 41.80638573779538], [-92.59814092006323, 41.806657204214474], [-92.59850206174619, 41.80665846700189], [-92.59886320345225, 41.806659728654004], [-92.59922434518134, 41.80666098917083], [-92.59958380444243, 41.8069324510954], [-92.59994494773493, 41.80693370935348], [-92.60030609105043, 41.80693496647625], [-92.60030441157117, 41.80720516903019], [-92.60066387844222, 41.80747662758247], [-92.60102502483844, 41.80747788245827], [-92.60138449628471, 41.80774933876258], [-92.60174397076588, 41.80802079394235], [-92.60210344828197, 41.808292247997564], [-92.60246292883303, 41.8085637009282], [-92.60282241241913, 41.808835152734204], [-92.60318356654004, 41.80883640085685], [-92.60354305470155, 41.80910785041456], [-92.60390254589815, 41.8093792988476], [-92.60426204012992, 41.809650746155874], [-92.60462319889461, 41.80965198977214], [-92.6049826977019, 41.80992343483195], [-92.60534219954444, 41.810194878766936], [-92.60570170442223, 41.81046632157707]]}}, {"type": "Feature", "properties": {}, "geometry": {"type": "LineString", "coordinates": [[-92.60570170442223, 41.81046632157707], [-92.60606286783059, 41.810467560686696], [-92.60642237728402, 41.81073900124815], [-92.6067818897728, 41.811010440684676], [-92.60714140529701, 41.81128187899622], [-92.60750092385665, 41.81155331618276], [-92.60786374142332, 41.811284347066184], [-92.60822490952027, 41.81128557939794], [-92.60858443270075, 41.81155701321287], [-92.6089439589167, 41.81182844590272], [-92.6093034881682, 41.812099877467425], [-92.60966302045526, 41.81237130790696], [-92.61002419473569, 41.812372534607526], [-92.61038536903853, 41.81237376017257], [-92.61074654336377, 41.81237498460209], [-92.61110771771139, 41.81237620789607]]}}, {"type": "Feature", "properties": {}, "geometry": {"type": "LineString", "coordinates": [[-92.50661954929392, 41.87331178829936], [-92.50698106142009, 41.873313340800316], [-92.5073425735747, 41.87331489216338], [-92.50770408575768, 41.87331644238854], [-92.50806559796905, 41.8733179914758], [-92.50842918053198, 41.873049343369274], [-92.50879069127761, 41.87305089016616], [-92.50915220205155, 41.87305243582516], [-92.5095137128538, 41.87305398034626], [-92.50987728788964, 41.87278532760248], [-92.510238797226, 41.87278686983327], [-92.51060030659058, 41.872788410926184], [-92.51096181598336, 41.87278995088121], [-92.51132332540435, 41.87279148969837], [-92.51168689141873, 41.87252283116523], [-92.51204839937364, 41.872524367692144], [-92.51240990735667, 41.872525903081176], [-92.51277346733787, 41.87225724106371], [-92.51313292340701, 41.87252897044565], [-92.51349443147427, 41.87253050242108], [-92.51385593956958, 41.872532033258636], [-92.5142174476929, 41.87253356295832], [-92.51457895584421, 41.87253509152013], [-92.51494046402351, 41.872536618944075], [-92.51530197223074, 41.872538145230145], [-92.51566552025719, 41.872269473994386], [-92.51602702699792, 41.87227099799035], [-92.51638853376656, 41.87227252084845], [-92.5167520757594, 41.87200384612883], [-92.5171156147076, 41.87173517022986], [-92.51747711851512, 41.87173668964573], [-92.51783862235045, 41.871738207923755], [-92.51820012621359, 41.87173972506395], [-92.51855960254754, 41.872011437590515], [-92.51891908192616, 41.87228314899499], [-92.51928058891716, 41.872284662750175], [-92.51964209593586, 41.872286175367506], [-92.52000360298226, 41.872287686846974], [-92.52036511005632, 41.87228919718857], [-92.520726617158, 41.87229070639231], [-92.52108812428732, 41.87229221445818], [-92.52144963144424, 41.872293721386185], [-92.52181113862873, 41.87229522717632], [-92.52217465820209, 41.87202653517488], [-92.52253817473078, 41.87175784199442], [-92.52290168821486, 41.87148914763494], [-92.52326319094249, 41.87149064883116], [-92.5236246936976, 41.87149214888956], [-92.52398619648017, 41.87149364781011], [-92.52434569611773, 41.87176534235707], [-92.52470720047745, 41.87176683901606], [-92.52506870486454, 41.8717683345372], [-92.52543020927901, 41.871769828920506], [-92.52578971661028, 41.87204151897371], [-92.52615122260175, 41.87204301109537], [-92.52651073452735, 41.87231469890223], [-92.52687024949765, 41.872586385586466], [-92.52723175861568, 41.87258787432262], [-92.52759326776098, 41.872589361920895], [-92.52795477693348, 41.872590848381286], [-92.5283162861332, 41.87259233370381], [-92.5286777953601, 41.87259381788843], [-92.52903732112311, 41.87286549783063], [-92.52939684993093, 41.873137176650054], [-92.5297563817836, 41.87340885434664], [-92.53011591668115, 41.87368053092041], [-92.53047545462363, 41.87395220637129], [-92.53083499561107, 41.87422388069926], [-92.53119453964354, 41.87449555390429]]}}, {"type": "Feature", "properties": {}, "geometry": {"type": "LineString", "coordinates": [[-92.61110771771139, 41.81237620789607], [-92.6114672591949, 41.81264763271444], [-92.61182843510501, 41.812648853748875], [-92.61218798116434, 41.81292027631789], [-92.61254915863691, 41.81292149509272], [-92.61291033613175, 41.812922712732004], [-92.61326988830703, 41.81319413192749], [-92.61363106736422, 41.813195347307115], [-92.61399062411535, 41.81346676425306], [-92.61435180473482, 41.813467977372994], [-92.61471298537646, 41.813469189357356], [-92.6150725482435, 41.81374060292947], [-92.61543373044734, 41.81374181265409], [-92.61579491267327, 41.81374302124311], [-92.6161560949213, 41.81374422869656], [-92.61651566544421, 41.81401563777049], [-92.61687684925427, 41.814016842964115], [-92.61723803308637, 41.81401804702214], [-92.6175976097251, 41.8142894527219], [-92.61795879511912, 41.814290654520065], [-92.6183199805351, 41.81429185518261], [-92.61867956328962, 41.81456325750803], [-92.61904075026743, 41.81456445591066], [-92.61940193726716, 41.81456565317767], [-92.61976472241825, 41.814296646476706], [-92.62012590794373, 41.814297841461205], [-92.62048549839751, 41.81456923816495], [-92.62084509188726, 41.81484063374277], [-92.62120468841302, 41.81511202819464], [-92.62156587857972, 41.81511321867036], [-92.62192706876817, 41.81511440801044], [-92.62228667140954, 41.815385799087444], [-92.62264786315949, 41.81538698616742], [-92.62300905493113, 41.815388172111746], [-92.62337024672443, 41.81538935692041], [-92.62373143853941, 41.81539054059342], [-92.62409105037578, 41.81566192604639], [-92.62445224375205, 41.81566310745922], [-92.6248134371499, 41.815664287736396], [-92.62517305510175, 41.81593566981409], [-92.62553425006081, 41.81593684783103], [-92.6258954450414, 41.81593802471229], [-92.62625664004348, 41.815939200457876]]}}, {"type": "Feature", "properties": {}, "geometry": {"type": "LineString", "coordinates": [[-92.62625664004348, 41.815939200457876], [-92.62625506910867, 41.816209403414554], [-92.62661469621217, 41.81648078099048], [-92.62697432635194, 41.81675215744003], [-92.62697275838899, 41.817022360380435], [-92.62733239306183, 41.817293735701845], [-92.62769203077106, 41.817565109896805], [-92.62805167151674, 41.81783648296532], [-92.62841287727463, 41.81783765197397], [-92.62877408305388, 41.81783881984686], [-92.62913528885447, 41.817839986584005], [-92.62949493725542, 41.81811135515172], [-92.62985614461691, 41.818112519628336], [-92.63021735199966, 41.81811368296918], [-92.63057700651623, 41.81838504816069], [-92.63093821545975, 41.81838620924095], [-92.63129942442451, 41.81838736918543], [-92.63166063341048, 41.81838852799413], [-92.6320218424176, 41.81838968566705], [-92.63238150612868, 41.81866104523245], [-92.6327427166964, 41.81866220064472], [-92.63310392728525, 41.818663354921185], [-92.6334635971118, 41.81893471110997], [-92.63382480926111, 41.818935863125716], [-92.6341860214315, 41.81893701400566], [-92.63454723362292, 41.81893816374981], [-92.63490844583535, 41.81893931235817], [-92.63526965806878, 41.81894045983071], [-92.63563087032318, 41.81894160616746], [-92.63599208259853, 41.81894275136841], [-92.63635176623706, 41.81921409855544], [-92.6367129800726, 41.819215241495556]]}}, {"type": "Feature", "properties": {}, "geometry": {"type": "LineString", "coordinates": [[-92.6367129800726, 41.819215241495556], [-92.63707419392901, 41.81921638329987], [-92.6374354078063, 41.819217523968355], [-92.63779509909924, 41.81948886665317], [-92.63815479342894, 41.819760208210816], [-92.63851601040545, 41.819761345493305], [-92.63887722740276, 41.81976248163997], [-92.63923844442083, 41.81976361665079], [-92.63959966145964, 41.819764750525785], [-92.63996087851916, 41.819765883264935], [-92.6403236075967, 41.819496811654034], [-92.64068482317923, 41.81949794211086], [-92.64104603878242, 41.819499071431856], [-92.64140725440625, 41.81950019961703], [-92.64176997595385, 41.81923112339679], [-92.64213269446473, 41.818962046006696], [-92.64249390711365, 41.81896317076318], [-92.6428536184556, 41.81923449769806], [-92.64321483266394, 41.819235620193524], [-92.6435760468928, 41.81923674155317], [-92.64393726114216, 41.819237861777], [-92.644298475412, 41.819238980865016], [-92.64466118343805, 41.81896989545021], [-92.64466267715338, 41.81869969207042], [-92.64502388842742, 41.818700808865735], [-92.64538659038014, 41.818431721111615], [-92.64574780017666, 41.81843283562484], [-92.64610900999355, 41.818433949002284]]}}, {"type": "Feature", "properties": {}, "geometry": {"type": "LineString", "coordinates": [[-92.53119453964354, 41.87449555390429], [-92.53155408672106, 41.87476722598635], [-92.53191363684368, 41.875038896945405], [-92.53227319001144, 41.87531056678142], [-92.53263274622437, 41.87558223549437], [-92.53299230548254, 41.875853903084206], [-92.53335383333103, 41.87585537264256], [-92.53371536120645, 41.875856841062905], [-92.53407492660894, 41.876128505281265], [-92.5344364560607, 41.8761299714394], [-92.53479798553931, 41.8761314364595], [-92.53515951504474, 41.87613290034159], [-92.53552104457694, 41.876134363085654], [-92.53588257413593, 41.87613582469168], [-92.53624410372167, 41.87613728515969], [-92.53660563333415, 41.87613874448967], [-92.53696716297331, 41.87614020268163], [-92.53732869263918, 41.876141659735566], [-92.53769022233172, 41.876143115651466], [-92.5380517520509, 41.87614457042934], [-92.53841328179671, 41.87614602406919], [-92.53877675427447, 41.87587727945618], [-92.53913828255081, 41.87587873080629], [-92.53950175048722, 41.87560998386339], [-92.53986327729405, 41.87561143292381], [-92.5402267406891, 41.87534268365109], [-92.54058826602635, 41.875344130421865], [-92.5409517248801, 41.87507537881941], [-92.54131324874768, 41.87507682330058], [-92.54167670306015, 41.87480806936848], [-92.54204015432748, 41.87453931425837], [-92.54204208317059, 41.87426911694384], [-92.54204401198727, 41.873998919616476], [-92.54240745711175, 41.873730163275575], [-92.54240938435318, 41.87345996590897], [-92.54241131156824, 41.87318976852954], [-92.54277475055015, 41.872921010957924], [-92.54313818648721, 41.872652252208454], [-92.54350161937948, 41.87238349228116], [-92.5438631282069, 41.87238492866103], [-92.54422463706058, 41.87238636390302], [-92.5445842279389, 41.8726579955063], [-92.54494573836749, 41.872659428486045], [-92.54530916377917, 41.872390662801706], [-92.54567067273778, 41.87239209349217], [-92.54603409360853, 41.872123325478775], [-92.54639560109713, 41.872124753880016], [-92.54675710861187, 41.87212618114338], [-92.54711670883391, 41.87239780487521], [-92.54747821792326, 41.87239922987627], [-92.54784163131275, 41.872130456106255], [-92.54820313893185, 41.87213187881813], [-92.54856274534765, 41.87240349805213], [-92.54892425454118, 41.87240491850166], [-92.5492857637607, 41.872406337813295], [-92.54964916966841, 41.872137558286916], [-92.55000878227764, 41.872409173022916], [-92.55037029157502, 41.8724105889209], [-92.55073180089832, 41.872412003681], [-92.55109331024751, 41.872413417303214], [-92.55145670867292, 41.87214463202075], [-92.55181821655145, 41.87214604335389], [-92.55182010405359, 41.87187584556097], [-92.55218349638959, 41.87160705792391], [-92.55254688568094, 41.87133826910959], [-92.5529102719277, 41.87106947911806], [-92.55327365512987, 41.87080068794934], [-92.55363703528754, 41.87053189560346], [-92.55400041240071, 41.87026310208046], [-92.55436378646944, 41.86999430738038], [-92.55472715749377, 41.86972551150323], [-92.55508677830771, 41.86999711049141], [-92.55545014633896, 41.869728312312276], [-92.55580977024853, 41.869999909051266], [-92.55617126625734, 41.87000130662451], [-92.5565346297988, 41.86973250499249], [-92.55689612433655, 41.86973390027699], [-92.55725575443715, 41.870005492517485], [-92.55725388994895, 41.87027569059842], [-92.55761538758216, 41.87027708363362], [-92.55797688524085, 41.87027847553102], [-92.55833838292502, 41.870279866290616], [-92.55870173903398, 41.870011057779024], [-92.55906323524681, 41.87001244624992], [-92.55942658681457, 41.86974363541065], [-92.55978993533796, 41.869474823394626], [-92.56015328081702, 41.86920601020189]]}}, {"type": "Feature", "properties": {}, "geometry": {"type": "LineString", "coordinates": [[-92.56015328081702, 41.86920601020189], [-92.56051662325179, 41.86893719583248], [-92.56087996264232, 41.8686683802864], [-92.56088181175653, 41.868398181997705], [-92.56088366084543, 41.86812798369618], [-92.56124699409702, 41.86785916692181], [-92.56161032430454, 41.867590348970865], [-92.56161217027352, 41.86732015060484], [-92.56197549588973, 41.867051331451535], [-92.56233881846198, 41.86678251112175], [-92.56197918465749, 41.86651093462939], [-92.56198102900352, 41.866240736199074]]}}, {"type": "Feature", "properties": {}, "geometry": {"type": "LineString", "coordinates": [[-92.36816029977496, 41.83615580828926], [-92.36816295736399, 41.83588561697734], [-92.36816561491666, 41.835615425652534], [-92.36816827243298, 41.83534523431484], [-92.36853221820141, 41.83507702979307], [-92.36889616093119, 41.83480882408465], [-92.36925744777298, 41.834810808622144], [-92.36962138598115, 41.834542600572135], [-92.36998532115074, 41.83427439133557], [-92.36998797088901, 41.83400419983989], [-92.36962933975377, 41.833732026141114], [-92.36927071165698, 41.83345985133061], [-92.36927336432491, 41.83318965983362], [-92.3689147407494, 41.832917483917186], [-92.36855612021222, 41.83264530688908], [-92.36819750271331, 41.83237312874932], [-92.36783888825263, 41.832100949497935], [-92.3674776167482, 41.83209896060278], [-92.36711900688121, 41.831826779122395], [-92.36675507384854, 41.83209497940392], [-92.3663911377777, 41.832363178498845], [-92.36602719866862, 41.83263137640709], [-92.36602453240091, 41.83290156776112], [-92.36602186609674, 41.833171759102264], [-92.36565792083809, 41.83343995576044], [-92.36529397254105, 41.833708151231875], [-92.36493269217685, 41.83370615427052], [-92.36457408430313, 41.83343396493287], [-92.36421280553122, 41.83343196571788], [-92.36385152679588, 41.83342996536666], [-92.3634929250721, 41.83315777268282], [-92.36313164792918, 41.83315577007802], [-92.36277305079953, 41.83288357516547], [-92.36241177524907, 41.83288157030713], [-92.36241445670818, 41.83261137914161], [-92.36241713813064, 41.832341187963195], [-92.3624198195164, 41.83207099677187], [-92.36278377033952, 41.8318028103504], [-92.36278645013287, 41.8315326191144], [-92.36242786345363, 41.83126042312056], [-92.36206927981243, 41.83098822601549], [-92.36171069920925, 41.83071602779922], [-92.36135212164405, 41.83044382847177], [-92.36099354711675, 41.8301716280332], [-92.36063497562733, 41.82989942648352], [-92.36027371700662, 41.82989741501653], [-92.3599124584227, 41.82989540241345], [-92.35955119987561, 41.829893388674286], [-92.35918994136536, 41.82989137379903], [-92.35883137913672, 41.82961916666988], [-92.35847281994587, 41.82934695842978]]}}, {"type": "Feature", "properties": {}, "geometry": {"type": "LineString", "coordinates": [[-92.5391880082559, 41.81859520144352], [-92.53954921420001, 41.818596649896236], [-92.53991042017057, 41.8185980972132], [-92.54026969364344, 41.81886974326997], [-92.54063090118512, 41.81887118832907], [-92.54099210875323, 41.81887263225241], [-92.54135331634772, 41.81887407503999], [-92.54171259749106, 41.81914571660897], [-92.54171067098719, 41.81941591651331], [-92.54206995665903, 41.81968755696161], [-92.5424292453675, 41.81995919628845], [-92.54278853711266, 41.82023083449379], [-92.54314783189453, 41.820502471577605], [-92.54350712971316, 41.82077410753986], [-92.54350521064325, 41.821044307435024], [-92.54350329154704, 41.82131450731736], [-92.5435013724246, 41.821584707186865], [-92.54386067775667, 41.82185634202962], [-92.54385876010022, 41.82212654188701], [-92.54421806996153, 41.8223981756088], [-92.54421615377117, 41.82266837545405], [-92.5445754681619, 41.82294000805482], [-92.54493478558976, 41.823211639533866], [-92.54493287235795, 41.82348183936763], [-92.54529219431545, 41.823753469725546], [-92.54565151931021, 41.82402509896164], [-92.54564960903723, 41.8242952987839], [-92.54564769873812, 41.82456549859332], [-92.54564578841287, 41.82483569838993], [-92.54600512092267, 41.8251073265061], [-92.54600321206391, 41.82537752629052], [-92.54636254910385, 41.8256491532854], [-92.54672188918134, 41.82592077915832], [-92.54708313667709, 41.82592220412298], [-92.5474443841989, 41.82592362795161], [-92.54780753306375, 41.82565485081826], [-92.5481687791188, 41.82565627236141], [-92.54852812692039, 41.82592789262125], [-92.54888747775959, 41.826199511758986], [-92.54924683163642, 41.8264711297746], [-92.54960808235175, 41.8264725468137], [-92.54996933309296, 41.82647396271674], [-92.55033058386006, 41.82647537748372], [-92.55068994540882, 41.82674699100901], [-92.55104930999532, 41.82701860341202], [-92.55140867761959, 41.82729021469275], [-92.55176993304666, 41.82729162495536], [-92.5521311884995, 41.827293034081876], [-92.55249056225098, 41.827564641994655], [-92.55285181927425, 41.82756604886224], [-92.55321119760826, 41.827837654529766], [-92.55357057898017, 41.82810925907485]]}}, {"type": "Feature", "properties": {}, "geometry": {"type": "LineString", "coordinates": [[-92.36123122774725, 41.842602420242095], [-92.36158987203395, 41.84287461984123], [-92.36195120373378, 41.84287662767213], [-92.36231253547032, 41.842878634366436], [-92.36267386724359, 41.84288063992413], [-92.36303251924001, 41.84315283505854], [-92.36339385260654, 41.84315483836191], [-92.36375250919943, 41.843427031266835], [-92.36411116883224, 41.84369922305997], [-92.36446983150502, 41.8439714137413]]}}, {"type": "Feature", "properties": {}, "geometry": {"type": "LineString", "coordinates": [[-92.35847281994587, 41.82934695842978], [-92.35847551763574, 41.8290767673052], [-92.3584782152887, 41.82880657616771], [-92.35884216374696, 41.82853840206969], [-92.3592061091676, 41.82827022678472], [-92.35956735856473, 41.82827224154601], [-92.35993129946584, 41.82800406391912], [-92.3602952373294, 41.82773588510537], [-92.36065917215545, 41.827467705104795], [-92.3606618604747, 41.82719751377601], [-92.3606645487572, 41.826927322434344], [-92.36102847743487, 41.82665914118328], [-92.36103116412515, 41.82638894979686], [-92.36103385077868, 41.826118758397556], [-92.36103653739546, 41.825848566985364], [-92.3610392239755, 41.82557837556025], [-92.3610419105188, 41.825308184122264], [-92.36104459702533, 41.825037992671376], [-92.36104728349511, 41.82476780120759], [-92.36104996992816, 41.824497609730926], [-92.36105265632446, 41.82422741824135], [-92.36105534268403, 41.82395722673888], [-92.36069680527899, 41.82368502532843], [-92.36069949308349, 41.82341483381912], [-92.36070218085123, 41.82314464229692], [-92.36034364944635, 41.82287243978776], [-92.36034633865893, 41.822602248258725], [-92.35998781177237, 41.82233004464487], [-92.35999050242971, 41.822059853109], [-92.35999319305024, 41.821789661560246], [-92.35999588363399, 41.82151946999859], [-92.35999857418092, 41.82124927842404], [-92.36000126469105, 41.8209790868366], [-92.35964274824848, 41.820706882142424], [-92.3596454402032, 41.82043669054817], [-92.35964813212112, 41.82016649894102], [-92.36001202636358, 41.819898320357886], [-92.36037591756975, 41.81963014058823], [-92.36073980573968, 41.819361959632076], [-92.36110369087338, 41.819093777489456], [-92.3614675729709, 41.81882559416041], [-92.36147025707761, 41.818555402381115], [-92.36147294114764, 41.818285210588925], [-92.36147562518093, 41.81801501878383], [-92.36183949957814, 41.81774683417293], [-92.36184218202004, 41.817476642323136]]}}, {"type": "Feature", "properties": {}, "geometry": {"type": "LineString", "coordinates": [[-92.37394364725698, 41.835917270777344], [-92.37430757240553, 41.83564904783927], [-92.37467149451531, 41.83538082371488], [-92.3750354135864, 41.83511259840421], [-92.37503804216291, 41.83484240668671], [-92.37540195664006, 41.83457418015836], [-92.37576586807862, 41.834305952443806]]}}, {"type": "Feature", "properties": {}, "geometry": {"type": "LineString", "coordinates": [[-92.36184218202004, 41.817476642323136], [-92.36220337093935, 41.8174786483757], [-92.36256455989535, 41.81748065329266], [-92.36292842673933, 41.81721246515464], [-92.36293110455406, 41.81694227322235], [-92.36329496680762, 41.81667408386632], [-92.36365882602536, 41.81640589332405], [-92.36402268220733, 41.81613770159563], [-92.364025355322, 41.81586750955518], [-92.36438920691384, 41.81559931660887], [-92.36475305547005, 41.81533112247648], [-92.36511423253903, 41.815333119293655]]}}, {"type": "Feature", "properties": {}, "geometry": {"type": "LineString", "coordinates": [[-92.64610900999355, 41.818433949002284], [-92.64646873372743, 41.818705264689065], [-92.64682994510332, 41.81870637580541], [-92.6471911564995, 41.81870748578596], [-92.64755236791598, 41.818708594630706], [-92.64791357935272, 41.81870970233966], [-92.6482747908097, 41.81871080891282], [-92.64863600228689, 41.818711914350175], [-92.6489972137843, 41.818713018651735], [-92.64935842530188, 41.8187141218175], [-92.64971963683963, 41.81871522384747], [-92.65007937745717, 41.81898652827823], [-92.65044059055352, 41.818987628046976], [-92.65080180366995, 41.818988726679905], [-92.65116155040107, 41.8192600277319], [-92.65152276507601, 41.819261124103555], [-92.65188397977097, 41.81926221933938], [-92.65224519448596, 41.819263313439386], [-92.652604948869, 41.81953460998693], [-92.65296616514233, 41.81953570182559], [-92.65332738143562, 41.819536792528424], [-92.65368714193211, 41.81980808569683], [-92.65404835978364, 41.81980917413825], [-92.65440957765509, 41.819810261443834], [-92.65477079554638, 41.81981134761357], [-92.65513056369457, 41.82008263627706], [-92.65549178314399, 41.82008372018533], [-92.65585155586729, 41.82035500659497], [-92.65621277687474, 41.82035608824173], [-92.65657255417318, 41.82062737239743], [-92.65693377673861, 41.82062845178264], [-92.65729355861222, 41.82089973368432], [-92.65765478273558, 41.82090081080793], [-92.65801456918437, 41.821172090455505], [-92.6583743586702, 41.82144336897467], [-92.6587341511931, 41.82171464636537], [-92.65909537995067, 41.82171571897577], [-92.65945517704887, 41.82198699411218], [-92.65981640736419, 41.82198806446082], [-92.6601762090377, 41.82225933734284], [-92.66053744091072, 41.82226040542968], [-92.66089867280324, 41.82226147238059], [-92.66125848059022, 41.822532741882256], [-92.66161829141446, 41.82280401025525], [-92.66197952640266, 41.82280507381838], [-92.66234076141033, 41.82280613624554], [-92.66270057834802, 41.82307740123794], [-92.66306181491315, 41.82307846140317], [-92.66342305149766, 41.82307952043242], [-92.66378287454877, 41.823350782044045], [-92.66414411269065, 41.82335183881131], [-92.66450394031715, 41.82362309816806], [-92.66486658903233, 41.82335394893788], [-92.66522782723209, 41.82335500229718], [-92.66558906545112, 41.8233560545205], [-92.66595030368936, 41.823357105607826], [-92.66631154194681, 41.82335815555916], [-92.66667418162677, 41.82308900057677], [-92.66703541840391, 41.823090048246264], [-92.66739665520019, 41.82309109477976], [-92.6677578920156, 41.8230921401773], [-92.66811912885012, 41.823093184438854], [-92.66848036570373, 41.82309422756443], [-92.66884299484857, 41.822825065684384], [-92.66920423022164, 41.82282610652819], [-92.66956546561372, 41.82282714623603], [-92.66992670102479, 41.8228281848079], [-92.67028655025732, 41.82309942615264], [-92.67064778722501, 41.82310046246234], [-92.67100902421164, 41.82310149763607], [-92.67136887955674, 41.82337273559912], [-92.67173011809987, 41.82337376851062], [-92.67208997801995, 41.82364500421813], [-92.67244984097746, 41.823916238796265], [-92.67280970697246, 41.82418747224502], [-92.67317095014717, 41.824188500641654], [-92.67353219334066, 41.824189527902256], [-92.67389206544829, 41.82446075796892], [-92.67425194059346, 41.82473198690609], [-92.67461181877626, 41.82500321471373], [-92.6749730666011, 41.82500423745916], [-92.67533294935905, 41.82527546301083], [-92.67569283515469, 41.8255466874329], [-92.67605272398808, 41.82581791072532], [-92.6764126158592, 41.826089132888065], [-92.67677251076817, 41.82636035392112], [-92.67713240871498, 41.82663157382443], [-92.67749366578359, 41.82663258867486], [-92.67785492287072, 41.82663360238918], [-92.6782161799764, 41.82663461496737], [-92.67857608557358, 41.82690583036118], [-92.67893599420871, 41.82717704462514], [-92.67929590588182, 41.82744825775918], [-92.67965716761836, 41.82744926582139], [-92.68001708386693, 41.82772047669886]]}}, {"type": "Feature", "properties": {}, "geometry": {"type": "LineString", "coordinates": [[-92.55357057898017, 41.82810925907485], [-92.55392996339003, 41.828380862497454], [-92.55428935083789, 41.828652464797536], [-92.55464874132377, 41.82892406597507], [-92.55500813484775, 41.829195666030046], [-92.5550062635739, 41.82946586595525], [-92.55536566162948, 41.82973746488797], [-92.55536379182355, 41.83000766480073], [-92.55536192199204, 41.830277864700655], [-92.55572132607297, 41.83054946251143], [-92.55571945770947, 41.8308196623989], [-92.55571758932044, 41.83108986227354], [-92.55535444241025, 41.83135866417214], [-92.55535257245086, 41.83162886400797], [-92.55535070246587, 41.83189906383096], [-92.55534883245531, 41.83216926364113], [-92.55498567787211, 41.832438064286244], [-92.55498380629108, 41.83270826405757], [-92.55498193468442, 41.832978463816076], [-92.55498006305218, 41.83324866356177], [-92.55461690079547, 41.8335174629533], [-92.5546150275926, 41.833787662660136], [-92.55497444800181, 41.83405926272188], [-92.5553338714499, 41.83433086166082], [-92.5556932979369, 41.83460245947692], [-92.55605272746284, 41.83487405617017], [-92.55605086020988, 41.83514425586563], [-92.55641029426882, 41.835415851436316], [-92.55676973136681, 41.83568744588406]]}}, {"type": "Feature", "properties": {}, "geometry": {"type": "LineString", "coordinates": [[-92.497220667455, 41.827065809152565], [-92.49758191877957, 41.82706738982683], [-92.49794317013306, 41.82706896936504], [-92.4983044215154, 41.82707054776719], [-92.49866356488484, 41.827342322859884], [-92.49902271129201, 41.82761409683337], [-92.49938186073696, 41.82788586968765], [-92.49974101321973, 41.828157641422685], [-92.50010016874036, 41.82842941203843], [-92.50009806663026, 41.82869960986018], [-92.50045722667902, 41.8289713793586], [-92.50081848889539, 41.82897294991196], [-92.50117765352987, 41.829244717169665], [-92.50117555589057, 41.82951491499731], [-92.50153472505345, 41.82978668113756], [-92.50189389725442, 41.83005844615835], [-92.50225516566165, 41.830060012226205], [-92.50225307249356, 41.83033021005966], [-92.5026122507709, 41.83060197284146], [-92.50297352227359, 41.830603536666445], [-92.50297143208648, 41.8308737345037], [-92.50333061644035, 41.831145495046364], [-92.50332852771523, 41.83141569287268], [-92.50368771659807, 41.83168745229761], [-92.50368562933501, 41.831957650112955], [-92.50404482274693, 41.832229408420105], [-92.50404273694605, 41.83249960622448], [-92.50440401919735, 41.83250116560756], [-92.50476321868632, 41.83277292167528], [-92.50512450251392, 41.832774478800474], [-92.50548370658923, 41.83304623262682], [-92.50584291370318, 41.833317985333345], [-92.50584083538486, 41.833588183159755], [-92.5062000470284, 41.833859934748254], [-92.5065592617107, 41.83413168521685], [-92.50691847943179, 41.834403434565516], [-92.50691640555804, 41.834673632384494], [-92.50727562780904, 41.83494538061499], [-92.50763485309896, 41.83521712772549], [-92.50799615082825, 41.8352186758917], [-92.50835538070494, 41.835490420760365], [-92.50871461362064, 41.83576216450897], [-92.5090759144738, 41.835763709295136]]}}, {"type": "Feature", "properties": {}, "geometry": {"type": "LineString", "coordinates": [[-92.55676973136681, 41.83568744588406], [-92.55712917150393, 41.83595903920885], [-92.55748861468022, 41.83623063141062], [-92.55784992067834, 41.83623202279234], [-92.55821122670189, 41.836233413037604], [-92.55857253275086, 41.836234802146414], [-92.55893383882523, 41.836236190118775], [-92.55929514492499, 41.83623757695467], [-92.55965645105009, 41.83623896265413], [-92.56001775720053, 41.83624034721712], [-92.5603790633763, 41.836241730643664], [-92.56074036957736, 41.83624311293375], [-92.5611016758037, 41.83624449408739], [-92.56146298205528, 41.83624587410456], [-92.56182428833209, 41.83624725298528], [-92.56218559463413, 41.83624863072954], [-92.56254506093376, 41.83652020720391], [-92.56290820731377, 41.83625138280871], [-92.56326951369132, 41.83625275714361]]}}, {"type": "Feature", "properties": {}, "geometry": {"type": "LineString", "coordinates": [[-92.31195171905367, 41.85528762222747], [-92.31195461499338, 41.85501743487818], [-92.31195751089346, 41.854747247515945], [-92.31196040675393, 41.85447706014081], [-92.31232469441925, 41.854209037172176], [-92.311966198356, 41.853936685351776], [-92.31160770533418, 41.85366433242227], [-92.31161060255687, 41.85339414501586], [-92.31161349973989, 41.853123957596544], [-92.3116163968833, 41.85285377016431], [-92.31125791134583, 41.852581416148226], [-92.31126080993056, 41.85231122871056], [-92.31126370847562, 41.852041041259994], [-92.31126660698104, 41.851770853796495], [-92.31126950544679, 41.851500666320085], [-92.31127240387289, 41.85123047883076], [-92.31127530225935, 41.8509602913285], [-92.31163667577732, 41.8509624577769], [-92.31199804933492, 41.85096462308841], [-92.31236231671753, 41.85069659968664], [-92.31272658105921, 41.85042857509428], [-92.31272947324499, 41.85015838747165], [-92.31309373298582, 41.849890361655454], [-92.31345798968584, 41.84962233464874], [-92.3134608787122, 41.84935214694662], [-92.31382513081161, 41.84908411871617], [-92.31382801823858, 41.84881393096786], [-92.31383090562605, 41.84854374320663], [-92.31347243442235, 41.84827139600897], [-92.3134753232511, 41.848001208242266], [-92.31347821204031, 41.84773102046264], [-92.31384245478094, 41.84746299203255], [-92.3138453419709, 41.84719280420674], [-92.31420958011144, 41.846924774553024], [-92.31457381521162, 41.846656743709], [-92.31493516476044, 41.846658899600236], [-92.3152993953396, 41.84639086640888], [-92.31566074344713, 41.84639302000638], [-92.3160249695053, 41.846124984467785], [-92.31638919252326, 41.84585694773902], [-92.31639206883568, 41.84558675969353], [-92.31675341250101, 41.84558890982011], [-92.31711762943864, 41.84532087071106], [-92.31747897166255, 41.84532301854402], [-92.31784318407931, 41.84505497708801], [-92.31820739345599, 41.844786934441956], [-92.31857159979268, 41.84451889060589], [-92.31893580308937, 41.84425084557988], [-92.3185773337451, 41.84397851412998], [-92.31858020066247, 41.84370832587263], [-92.31858306754063, 41.843438137602384], [-92.31894726460072, 41.8431700924439], [-92.31895012988056, 41.84289990412763], [-92.31895299512121, 41.84262971579843], [-92.31931718602344, 41.84236166938384], [-92.3196756496016, 41.84263399855729], [-92.32003697690055, 41.842636138231875], [-92.32040116336073, 41.84236808834709], [-92.32076534678124, 41.84210003727254]]}}, {"type": "Feature", "properties": {}, "geometry": {"type": "LineString", "coordinates": [[-92.44923690919084, 41.86170232784519], [-92.44959835261443, 41.86170406058263], [-92.44995979606972, 41.861705792182676], [-92.4503189254307, 41.86197771674146], [-92.4506803704708, 41.86197944608298], [-92.4510395044279, 41.86225136840297], [-92.45140095105279, 41.86225309548595], [-92.45176239770926, 41.862254821431485], [-92.45212384439732, 41.86225654623959], [-92.45248759614562, 41.861988075729336], [-92.45284904137527, 41.861989798246356], [-92.45321048663645, 41.86199151962595], [-92.45357193192912, 41.861993239868134], [-92.45393567616449, 41.86172476471422], [-92.45429711999861, 41.86172648266537], [-92.45466085970101, 41.86145800517521], [-92.45502230207651, 41.86145972083536], [-92.45538374448341, 41.861461435358116], [-92.45574747816279, 41.86119295437823], [-92.45610891911096, 41.86119466661006], [-92.45647036009046, 41.86119637770448], [-92.45683180110129, 41.86119808766152], [-92.45719095698806, 41.861469990910905], [-92.45755239958287, 41.86147169860926], [-92.45791384220892, 41.861473405170216], [-92.45827528486622, 41.86147511059377], [-92.45863444845396, 41.8617470093611], [-92.45899361508468, 41.862018907010295], [-92.45935506087847, 41.86202060905373], [-92.4597165067034, 41.862022309959734], [-92.46007795255946, 41.862024009728316], [-92.46043939844661, 41.862025708359475], [-92.46080084436485, 41.86202740585321], [-92.46116002180162, 41.86229929677715], [-92.46152146930348, 41.86230099201202], [-92.46188065133583, 41.86257288069614], [-92.46223983641127, 41.862844768261915], [-92.46259902452987, 41.86311665470926], [-92.46296047672033, 41.86311834544218], [-92.46332418841793, 41.86284984041287], [-92.46368563914866, 41.86285152885494], [-92.4640470899103, 41.86285321615954], [-92.4644085407028, 41.86285490232669], [-92.46476999152617, 41.862856587356376], [-92.46513144238035, 41.862858271248605], [-92.46549289326538, 41.86285995400337], [-92.46585434418117, 41.862861635620675], [-92.46621579512772, 41.862863316100515], [-92.46657724610505, 41.8628649954429], [-92.46693869711308, 41.86286667364783], [-92.46730014815182, 41.86286835071528], [-92.46766159922126, 41.86287002664528], [-92.46766384040784, 41.862599831817384], [-92.46802752962074, 41.86233131173762], [-92.46839121579056, 41.862062790475974], [-92.46875489891737, 41.86179426803252], [-92.4691185790012, 41.861525744407274], [-92.46948002261614, 41.86152741457125], [-92.46984146626164, 41.8615290835978], [-92.47020514032072, 41.861260556484524], [-92.47056881133688, 41.86099202818956], [-92.47093247931018, 41.86072349871294], [-92.47129614424065, 41.86045496805471], [-92.47165980612834, 41.86018643621489], [-92.47202124234964, 41.86018809833865], [-92.47238489970366, 41.85991956416426], [-92.4727463344644, 41.85992122399765], [-92.47310776925552, 41.859922882693695], [-92.47347142058486, 41.85965434503185], [-92.47383285391531, 41.859656001437585], [-92.47419428727606, 41.859657656705984], [-92.4745579325807, 41.85938911555684], [-92.47491936448067, 41.85939076853498], [-92.4752807964109, 41.85939242037579], [-92.47564222837136, 41.859394071079265], [-92.476003660362, 41.85939572064542], [-92.47636509238282, 41.859397369074244], [-92.47672652443381, 41.859399016365735], [-92.47708795651495, 41.8594006625199], [-92.4774493886262, 41.85940230753673], [-92.47781301895914, 41.85913375598336], [-92.47817444960926, 41.859135398710045], [-92.47853588028943, 41.859137040299416], [-92.47889731099963, 41.859138680751464], [-92.47925874173984, 41.85914032006619]]}}, {"type": "Feature", "properties": {}, "geometry": {"type": "LineString", "coordinates": [[-92.5090759144738, 41.835763709295136], [-92.50943721535519, 41.835765252944896], [-92.50980057809593, 41.83549659757401], [-92.51016187751426, 41.83549813893641], [-92.51052111816865, 41.83576987707571], [-92.51088036186212, 41.83604161409477], [-92.51124166440398, 41.83604315207698], [-92.51160296697397, 41.836044688922755], [-92.51196426957205, 41.83604622463211], [-92.51232557219822, 41.83604775920505], [-92.51268687485243, 41.83604929264157], [-92.51304817753471, 41.83605082494165], [-92.513409480245, 41.83605235610532], [-92.51377078298329, 41.83605388613256], [-92.51413208574954, 41.836055415023374], [-92.51449134641051, 41.83632714082438], [-92.51485061011061, 41.83659886550492], [-92.51520987684991, 41.83687058906493], [-92.51556914662844, 41.837142311504415], [-92.51593045561266, 41.83714383477054], [-92.51628972997797, 41.837415554967315], [-92.51664900738258, 41.83768727404346], [-92.51664697419983, 41.837957472099234], [-92.51664494098928, 41.83822767014219], [-92.5166429077509, 41.8384978681723], [-92.51700219267063, 41.83876958613226]]}}, {"type": "Feature", "properties": {}, "geometry": {"type": "LineString", "coordinates": [[-92.41169897777301, 41.85584187190392], [-92.41169650156357, 41.85611206446445], [-92.41169402532026, 41.85638225701208], [-92.41133013644627, 41.85665059769762], [-92.41096872388339, 41.856648744711215], [-92.41060483048021, 41.85691708305712], [-92.41024093403493, 41.85718542021798], [-92.40987703454749, 41.857453756193784], [-92.40951313201786, 41.85772209098451], [-92.40951064644449, 41.85799228335001], [-92.40914673931748, 41.85826061692519], [-92.40914425215492, 41.85853080924742], [-92.40878034043037, 41.858799141607015], [-92.40841642566343, 41.859067472781405], [-92.40841393535632, 41.85933766502994], [-92.40841144501515, 41.85960785726559], [-92.4084089546399, 41.859878049488366], [-92.40840646423057, 41.86014824169825], [-92.40804254019979, 41.86041657156568], [-92.40804004820096, 41.86068676373227], [-92.40803755616807, 41.860956955885975], [-92.4076736259837, 41.8612252845072], [-92.40731468301021, 41.86095322774453]]}}, {"type": "Feature", "properties": {}, "geometry": {"type": "LineString", "coordinates": [[-92.59489575246913, 41.805835180798844], [-92.59489745459285, 41.80556497835976], [-92.59526029058118, 41.805296048852945], [-92.59562312353498, 41.80502711817408], [-92.59598595345432, 41.80475818632323], [-92.59598765093332, 41.80448798379692]]}}, {"type": "Feature", "properties": {}, "geometry": {"type": "LineString", "coordinates": [[-92.32076534678124, 41.84210003727254], [-92.32076820430532, 41.841829848803755], [-92.32077106179031, 41.84155966032207], [-92.3207739192362, 41.841289471827466], [-92.32041545838456, 41.84101714603937], [-92.32041831727199, 41.84074695753907], [-92.3204211761203, 41.84047676902588], [-92.32042403492952, 41.84020658049975], [-92.32042689369963, 41.83993639196073], [-92.32006844180964, 41.83966406509249], [-92.32007130202115, 41.83939387654778], [-92.31971285465086, 41.839121548577765], [-92.31935441031972, 41.83884921949874], [-92.31899310437494, 41.83884707783368], [-92.31899596902771, 41.83857688931075], [-92.31899883364129, 41.838306700774936], [-92.31864039686864, 41.8380343694853], [-92.31828196313501, 41.837762037086776], [-92.3179235324403, 41.8374897035794]]}}, {"type": "Feature", "properties": {}, "geometry": {"type": "LineString", "coordinates": [[-92.56326951369132, 41.83625275714361], [-92.56363265553763, 41.83598393042381], [-92.56399579434476, 41.83571510252885], [-92.56435893011277, 41.835446273458786], [-92.56472206284168, 41.83517744321363], [-92.56508519253153, 41.83490861179344], [-92.56544831918238, 41.83463977919821], [-92.56580961661811, 41.83464114550063], [-92.56617091407881, 41.834642510666654], [-92.56653403470166, 41.83437367459795], [-92.56689533069279, 41.83437503747834], [-92.56725844678216, 41.8341061990855], [-92.56761974130366, 41.83410755968029], [-92.56798103585002, 41.83410891913871], [-92.56834233042125, 41.83411027746076], [-92.5687036250173, 41.834111634646426], [-92.56906673208942, 41.83384279048204], [-92.56942802521566, 41.83384414538219], [-92.56979112775426, 41.83357529889393], [-92.57015241941059, 41.83357665150861], [-92.57051371109166, 41.833578002986926], [-92.57087319796808, 41.83384955361915], [-92.57123449121796, 41.83385090283748], [-92.57159578449252, 41.83385225091945], [-92.57195707779172, 41.83385359786505], [-92.57231837111556, 41.83385494367428], [-92.57267966446399, 41.83385628834716]]}}, {"type": "Feature", "properties": {}, "geometry": {"type": "LineString", "coordinates": [[-92.44995053328971, 41.86278656842488], [-92.44958908374839, 41.86278483675956], [-92.44922763423877, 41.86278310395679], [-92.448863864422, 41.86305156399597], [-92.44850009156208, 41.863320022852115], [-92.4484977696381, 41.86359021678946], [-92.4481339921816, 41.863858674433345], [-92.44813166867245, 41.86412886832858], [-92.44812934513148, 41.86439906221094], [-92.44812702155872, 41.864669256080454], [-92.44776323639856, 41.86493771245354], [-92.4477609112405, 41.86520790628096], [-92.44775858605061, 41.86547810009551], [-92.44775626082891, 41.8657482938972], [-92.44739479473989, 41.86574655522693], [-92.4473924679646, 41.86601674899937], [-92.44739014115746, 41.866286942758954], [-92.44738781431849, 41.86655713650566], [-92.44738548744768, 41.86682733023953], [-92.4477446342432, 41.867099262712735], [-92.4477423088306, 41.867369456437245], [-92.44773998338617, 41.8676396501489], [-92.44773765790994, 41.867909843847706], [-92.44737385261604, 41.86817829871588], [-92.447733006862, 41.868450231206715], [-92.4477306812903, 41.86872042486692], [-92.44772835568678, 41.86899061851427], [-92.44808751595711, 41.86926254989437], [-92.44808519181198, 41.86953274353237], [-92.44808286763508, 41.86980293715751], [-92.44808054342636, 41.87007313076979], [-92.44843971121168, 41.87034506104259], [-92.44843738846149, 41.870615254645514], [-92.44843506567952, 41.870885448235576], [-92.44843274286576, 41.871155641812784], [-92.44843042002024, 41.871425835377124], [-92.44806659750618, 41.87169429217337], [-92.44806427307483, 41.871964485695635], [-92.44806194861168, 41.872234679205015], [-92.44805962411672, 41.87250487270153], [-92.44769579389592, 41.872773328226664], [-92.44733196063048, 41.8730417825683]]}}, {"type": "Feature", "properties": {}, "geometry": {"type": "LineString", "coordinates": [[-92.37576586807862, 41.834305952443806], [-92.37576849350873, 41.834035760650615], [-92.37577111890295, 41.83376556884452], [-92.37577374426124, 41.83349537702555], [-92.37577636958363, 41.83322518519368], [-92.37577899487009, 41.832954993348935], [-92.37578162012065, 41.83268480149129], [-92.37578424533531, 41.83241460962077], [-92.37542559821435, 41.83214245383821], [-92.3750669541316, 41.83187029694363], [-92.37506958227668, 41.83160010507146], [-92.37471094271521, 41.83132794707052], [-92.37471357230741, 41.83105775519112], [-92.37471620186365, 41.83078756329883], [-92.37471883138393, 41.83051737139363], [-92.37472146086823, 41.830247179475556], [-92.37472409031655, 41.8299769875446], [-92.3743654612082, 41.82970482845995], [-92.37436809210351, 41.82943463652175], [-92.37473197844575, 41.82916641167438], [-92.37473460775023, 41.82889621969185], [-92.37509848949989, 41.82862799362701], [-92.37546236821188, 41.82835976637619]]}}, {"type": "Feature", "properties": {}, "geometry": {"type": "LineString", "coordinates": [[-92.47925874173984, 41.85914032006619], [-92.47926093381622, 41.85887012455859], [-92.47962455359027, 41.85860156718465], [-92.47998817032182, 41.8583330086297], [-92.48035178401088, 41.85806444889375], [-92.47999254817978, 41.857792617462785], [-92.47999473706383, 41.857522421860054], [-92.47999692591794, 41.85725222624449], [-92.47999911474211, 41.85698203061606], [-92.48000130353633, 41.85671183497478], [-92.48036490791878, 41.85644327506923], [-92.48036709513204, 41.856173079386835], [-92.48036928231534, 41.8559028836916], [-92.48037146946874, 41.8556326879835], [-92.4803736565922, 41.85536249226256], [-92.48037584368575, 41.855092296528774], [-92.48037803074936, 41.85482210078214], [-92.48074162278407, 41.854553539526165], [-92.48074380826692, 41.854283343738416], [-92.48074599371985, 41.85401314793783], [-92.48110957961104, 41.853744585444566], [-92.48111176348333, 41.85347438960288], [-92.48111394732571, 41.85320419374835], [-92.48111613113822, 41.85293399788097], [-92.48111831492085, 41.852663802000734], [-92.4811204986736, 41.85239360610765], [-92.48112268239649, 41.85212341020173]]}}, {"type": "Feature", "properties": {}, "geometry": {"type": "LineString", "coordinates": [[-92.40731468301021, 41.86095322774453], [-92.4069532464825, 41.860951361967786], [-92.40659180998894, 41.86094949505369], [-92.40623037352955, 41.86094762700224], [-92.40586893710437, 41.86094575781345], [-92.40551000339578, 41.86067369545676], [-92.4051485685604, 41.860671824010915], [-92.40478963945009, 41.8603997594196], [-92.40442820620459, 41.86039788571672], [-92.4040667729934, 41.860396010876535], [-92.40370533981653, 41.86039413489902], [-92.40334390667401, 41.86039225778417], [-92.40298247356586, 41.860390379532], [-92.4026235552764, 41.86011830822763], [-92.40226212375835, 41.86011642771853], [-92.40190069227474, 41.860114546072126], [-92.40153926082556, 41.860112663288405], [-92.4011803502459, 41.859840587510575], [-92.40081892038695, 41.85983870246999], [-92.4004600144056, 41.859566624457976], [-92.40010111146673, 41.85929454533136], [-92.39973968475387, 41.85929265691448], [-92.3993782580756, 41.859290767360314], [-92.39901430153844, 41.85955906844466], [-92.39865034195878, 41.85982736834319], [-92.39828891234187, 41.8598254753415]]}}, {"type": "Feature", "properties": {}, "geometry": {"type": "LineString", "coordinates": [[-92.48927529317002, 41.82676054944679], [-92.48927744064318, 41.82649035198459], [-92.48927958808696, 41.82622015450953], [-92.48928173550136, 41.825949957021635], [-92.48928388288641, 41.825679759520895], [-92.48928603024207, 41.8254095620073], [-92.4889269375455, 41.82513775778334], [-92.4885678478863, 41.824865952440845], [-92.48820876126445, 41.82459414597987], [-92.48821091305854, 41.824323948460375], [-92.48821306482319, 41.82405375092804], [-92.4882152165584, 41.823783553382846], [-92.48821736826419, 41.82351335582481], [-92.48785829063623, 41.823241548254714], [-92.48749921604535, 41.82296973956624], [-92.48714014449152, 41.8226979297594], [-92.48714230063506, 41.82242773219555], [-92.48714445674909, 41.82215753461886], [-92.48714661283366, 41.821887337029324], [-92.48678539121019, 41.821885723698436], [-92.48678754878368, 41.82161552611126], [-92.48678970632766, 41.82134532851124], [-92.48643064680341, 41.82107351647731], [-92.48679402132707, 41.820804933272676], [-92.48643496478051, 41.820533121243486], [-92.48643712372476, 41.8202629236073], [-92.48680049360486, 41.81999434031847], [-92.48680265097178, 41.819724142641384], [-92.48680480830919, 41.81945394495144], [-92.48680696561709, 41.819183747248665], [-92.4864479180031, 41.818911935233714], [-92.48608887342552, 41.81864012210064], [-92.48572983188431, 41.81836830784946], [-92.48537079337945, 41.81809649248023], [-92.48537295661235, 41.81782629477416]]}}, {"type": "Feature", "properties": {}, "geometry": {"type": "LineString", "coordinates": [[-92.44158597324105, 41.82707902195646], [-92.44194956788279, 41.82681058223616], [-92.44231315948697, 41.8265421413339], [-92.44231550440058, 41.82627194593059], [-92.4423178492821, 41.82600175051441], [-92.44268143474724, 41.82573330837143], [-92.44268377804593, 41.825463112913006], [-92.44304501717498, 41.825464865046584], [-92.44340625633603, 41.82546661604418], [-92.44376983423979, 41.82519817038501], [-92.44413340910624, 41.824929723544045], [-92.44449464532599, 41.824931471100804], [-92.4448582156685, 41.824663021925666], [-92.44522178297382, 41.82439457156882], [-92.44522411548222, 41.82412437593068], [-92.44558767819989, 41.82385592436285], [-92.44594890847294, 41.823857667310115], [-92.44595123788046, 41.82358747161339], [-92.44595356725613, 41.823317275903804], [-92.44595589659994, 41.82304708018137], [-92.44559700171287, 41.822775141564534], [-92.4455993325114, 41.82250494583279], [-92.44560166327807, 41.8222347500882], [-92.44560399401284, 41.82196455433074], [-92.44596754284106, 41.82169610137625], [-92.44596987199371, 41.82142590557664], [-92.44597220111449, 41.821155709764184]]}}, {"type": "Feature", "properties": {}, "geometry": {"type": "LineString", "coordinates": [[-92.3179235324403, 41.8374897035794], [-92.3175651047845, 41.83721736896321], [-92.31756797527984, 41.83694718044365], [-92.31757084573591, 41.83667699191119], [-92.3172124240792, 41.83640465620086], [-92.31685113204499, 41.836402507899585]]}}, {"type": "Feature", "properties": {}, "geometry": {"type": "LineString", "coordinates": [[-92.55801719697969, 41.81191399755192], [-92.55801905444878, 41.81164379668807], [-92.55802091189247, 41.811373595811396], [-92.55802276931074, 41.8111033949219], [-92.5576634634564, 41.8108318038703], [-92.55730416063736, 41.81056021169664], [-92.55694299895866, 41.81055881928958], [-92.55658370071797, 41.81028722487162], [-92.55622254060782, 41.810285830206844], [-92.55586324694544, 41.81001423354465], [-92.55550395631823, 41.80974263576055], [-92.55514466872616, 41.809471036854575], [-92.55478351327089, 41.80946963768768], [-92.55442235784122, 41.80946823738538], [-92.5540630763705, 41.8091966351132], [-92.5540649502782, 41.80892643426587], [-92.55370567333436, 41.80865483087233], [-92.55334452253413, 41.808653427203566], [-92.5529852501684, 41.80838182156617], [-92.55262598083759, 41.80811021480711], [-92.55226671454166, 41.80783860692641], [-92.55226859590825, 41.8075684060812], [-92.55190933413881, 41.80729679707934], [-92.55154819105425, 41.807295387800224], [-92.55118893386269, 41.8070237765548], [-92.55082967970583, 41.80675216418787], [-92.55047042858362, 41.80648055069944], [-92.55011118049605, 41.806208936089575], [-92.54975193544304, 41.80593732035831], [-92.5493926934246, 41.80566570350564], [-92.54903345444062, 41.80539408553163], [-92.5486742184911, 41.805122466436295], [-92.548314985576, 41.80485084621967], [-92.54795575569524, 41.804579224881806], [-92.54759652884883, 41.80430760242271], [-92.54759842960368, 41.8040374015842], [-92.54723730503669, 41.80403597884242], [-92.5468780842588, 41.80376435414097], [-92.54687998799584, 41.803494153303646], [-92.54688189170685, 41.8032239524535]]}}, {"type": "Feature", "properties": {}, "geometry": {"type": "LineString", "coordinates": [[-92.59598765093332, 41.80448798379692], [-92.59635047627783, 41.804219050749296], [-92.5967099097683, 41.80449052166862], [-92.5970727321248, 41.80422158632666], [-92.59743555144696, 41.80395264981279], [-92.59779667791115, 41.80395391475155], [-92.59815780439845, 41.803955178555114], [-92.59852061769823, 41.803686238575196], [-92.59888342796374, 41.803417297423486], [-92.59924455148598, 41.803418557797706], [-92.59960567503126, 41.80341981703675], [-92.59996679859954, 41.80342107514063], [-92.60032960134852, 41.80315212937605], [-92.60069072344565, 41.803153385197746], [-92.6010518455657, 41.80315463988427], [-92.6014146422922, 41.80288569065407], [-92.60177576294102, 41.80288694305847], [-92.60213855513918, 41.802617991509734], [-92.60249967431668, 41.80261924163205], [-92.60286246198652, 41.80235028776486], [-92.6032252466223, 41.8020813327262], [-92.60358636283419, 41.80208257941958], [-92.60394914294172, 41.80181362206261], [-92.60431025768212, 41.80181486647401], [-92.60467137244525, 41.80181610975031], [-92.60503414653027, 41.80154714892828]]}}, {"type": "Feature", "properties": {}, "geometry": {"type": "LineString", "coordinates": [[-92.58044853204473, 41.806053533056996], [-92.58045029488369, 41.805783331119535], [-92.58045205769855, 41.80551312916928], [-92.5804538204893, 41.805242927206194], [-92.58045558325594, 41.80497272523029], [-92.58045734599848, 41.80470252324158], [-92.5804591087169, 41.80443232124006], [-92.58009974456361, 41.804160799785556], [-92.58010150875097, 41.80389059777083], [-92.58010327291419, 41.80362039574331], [-92.58046615934953, 41.80335151310581], [-92.58046792194742, 41.80308131104021], [-92.58046968452119, 41.80281110896179], [-92.58047144707088, 41.80254090687056], [-92.58047320959645, 41.80227070476652], [-92.58083608683306, 41.80200182085521], [-92.58083784779343, 41.801731618713106], [-92.581200720455, 41.80146273360379], [-92.58120247985029, 41.80119253142365], [-92.5812042392215, 41.800922329230694], [-92.58120599856866, 41.800652127024925], [-92.58156886357345, 41.80038324066723], [-92.58157062135564, 41.80011303842342], [-92.58157237911378, 41.799842836166796], [-92.58157413684788, 41.79957263389736], [-92.58193699419638, 41.799303746291386], [-92.58193875036564, 41.799033543983924], [-92.58194050651088, 41.798763341663644], [-92.58194226263208, 41.79849313933057], [-92.58194401872927, 41.79822293698466], [-92.58194577480248, 41.797952734625945], [-92.58194753085164, 41.79768253225441], [-92.58231037592226, 41.797413643324646]]}}, {"type": "Feature", "properties": {}, "geometry": {"type": "LineString", "coordinates": [[-92.60503414653027, 41.80154714892828], [-92.60539691758136, 41.801278186934944], [-92.60575968559853, 41.80100922377033], [-92.60576134179578, 41.80073902074531], [-92.60576299797039, 41.80046881770749], [-92.60576465412234, 41.800198614656864], [-92.60576631025164, 41.79992841159343], [-92.6057679663583, 41.79965820851718], [-92.60576962244231, 41.79938800542813], [-92.6061323781886, 41.799119040945335], [-92.60613403271054, 41.79884883781899], [-92.60577459055843, 41.798577396084134], [-92.60577624655184, 41.79830719294384], [-92.6057779025226, 41.79803698979076], [-92.60577955847073, 41.79776678662486]]}}, {"type": "Feature", "properties": {}, "geometry": {"type": "LineString", "coordinates": [[-92.54688189170685, 41.8032239524535], [-92.54652267694519, 41.80295232663214], [-92.54652458212115, 41.80268212576976], [-92.54616537188451, 41.80241049882796], [-92.54580616468186, 41.80213887076512], [-92.54544696051316, 41.801867241581284], [-92.54508775937836, 41.801595611276475], [-92.54472664864713, 41.80159418070989], [-92.54436745208928, 41.80132254816257], [-92.54400825856523, 41.80105091449436], [-92.54364715094634, 41.801049480549594], [-92.54328796199917, 41.80077784463903], [-92.54292877608573, 41.800506207607654], [-92.5425676715793, 41.80050477028484], [-92.54220849024267, 41.80023313101123], [-92.54184931193967, 41.79996149061692], [-92.54148821054581, 41.79996004991618], [-92.54112710917825, 41.79995860808042]]}}, {"type": "Feature", "properties": {}, "geometry": {"type": "LineString", "coordinates": [[-92.36511423253903, 41.815333119293655], [-92.36547807657833, 41.815064922820866], [-92.36584191758205, 41.814796725162054], [-92.36584458292516, 41.814526532963015], [-92.36548607716091, 41.814254346280144], [-92.36548874394883, 41.813984154074106], [-92.36549141070027, 41.813713961855186], [-92.36585524393307, 41.81344576403791], [-92.3658579090939, 41.8131755717744], [-92.36586057421829, 41.812905379498005], [-92.36586323930624, 41.81263518720871], [-92.36586590435775, 41.81236499490653], [-92.36586856937278, 41.812094802591446], [-92.36587123435137, 41.811824610263486], [-92.36623505522469, 41.811556411070185], [-92.36623771861288, 41.81128621869764], [-92.36624038196464, 41.81101602631222], [-92.36624304527999, 41.810745833913884], [-92.3662457085589, 41.81047564150266], [-92.36660952018167, 41.81020744099686], [-92.3669733287696, 41.809939239305315], [-92.36697598890449, 41.80966904681787], [-92.366978649003, 41.80939885431754], [-92.36698130906511, 41.809128661804316], [-92.36698396909085, 41.8088584692782], [-92.36698662908022, 41.808588276739194], [-92.36735042686487, 41.80832007370369], [-92.36735308526421, 41.808049881120134], [-92.3673557436272, 41.8077796885237], [-92.36735840195384, 41.807509495914374], [-92.36772219204323, 41.807241291598324], [-92.36772484877999, 41.80697109894447], [-92.36808863428152, 41.80670289341124], [-92.36809128942846, 41.80643270071286], [-92.3680939445391, 41.806162508001606], [-92.36845772389951, 41.805894301219624], [-92.36846037742045, 41.805624108463846], [-92.36846303090509, 41.80535391569519], [-92.36846568435344, 41.80508372291366], [-92.3684683377655, 41.804813530119205], [-92.3684709911413, 41.80454333731189], [-92.36847364448079, 41.80427314449167], [-92.36847629778399, 41.80400295165855], [-92.3681178389008, 41.80373077302016], [-92.36812049364835, 41.80346058018], [-92.36848160428154, 41.803462565953666], [-92.36884536662848, 41.803194357701805], [-92.36920382565675, 41.803466534095875], [-92.36956493639875, 41.803468516464406], [-92.36992604717696, 41.80347049769789], [-92.37028451234528, 41.80374267074867], [-92.37064562471278, 41.80374464973071], [-92.37100937972872, 41.80347643458807], [-92.37137313171084, 41.80320821826021], [-92.37173424115296, 41.803210193799835], [-92.37173688065921, 41.80294000074714], [-92.37210062657387, 41.80267178204895], [-92.37246436945485, 41.802403562165615], [-92.37282810930218, 41.802135341097184], [-92.3731918461159, 41.8018671188437], [-92.37355557989609, 41.80159889540521], [-92.37355821160202, 41.80132870218223], [-92.37392194079595, 41.8010604775273], [-92.37428566695645, 41.800792251687405], [-92.37428829552105, 41.80052205838866], [-92.37465201709554, 41.80025383133242], [-92.37501573563671, 41.799985603091315], [-92.3753794511446, 41.799717373665366], [-92.37574316361926, 41.7994491430546], [-92.37610687306073, 41.799180911259064], [-92.37646796021953, 41.79918287176591], [-92.37683166514711, 41.79891463763227], [-92.37719275086094, 41.79891659585089], [-92.37755645127463, 41.798648359379236], [-92.37791753554345, 41.79865031530967], [-92.37827861984802, 41.798652270105244], [-92.3786397041883, 41.79865422376596], [-92.3789981799664, 41.79892636992091], [-92.37935665877762, 41.79919851496491], [-92.37971774625804, 41.799200465257805], [-92.38007883377409, 41.799202414415824], [-92.38043731872291, 41.799474556115804], [-92.38079840782677, 41.799476503022404], [-92.38115949696619, 41.79947844879412], [-92.38152058614116, 41.79948039343092], [-92.38188167535166, 41.79948233693283]]}}, {"type": "Feature", "properties": {}, "geometry": {"type": "LineString", "coordinates": [[-92.56381607316956, 41.80896387385458], [-92.56381790607924, 41.808693672641475], [-92.56381973896384, 41.808423471415544], [-92.5638215718234, 41.808153270176796], [-92.56418455164115, 41.807884439629746], [-92.56418638293314, 41.807614238352436], [-92.5641882142001, 41.80734403706229], [-92.56419004544199, 41.80707383575935], [-92.56419187665885, 41.80680363444358], [-92.56419370785065, 41.80653343311498], [-92.56419553901742, 41.80626323177358], [-92.56455850654596, 41.80599439989816], [-92.56492147103995, 41.805725566848835], [-92.5652844324994, 41.80545673262568], [-92.56528625901429, 41.80518653119429], [-92.5652880855042, 41.80491632975007], [-92.56565104084481, 41.80464749430168], [-92.56565286576759, 41.80437729281896], [-92.56565469066541, 41.80410709132343], [-92.56565651553828, 41.80383688981506], [-92.56565834038618, 41.803566688293884], [-92.56566016520914, 41.80329648675988], [-92.56566199000713, 41.80302628521306], [-92.56566381478017, 41.80275608365342], [-92.56602675629208, 41.802487246851456], [-92.5660285794982, 41.802217045253315], [-92.56566928894955, 41.80194547889761], [-92.56531000143484, 41.80167391141971]]}}, {"type": "Feature", "properties": {}, "geometry": {"type": "LineString", "coordinates": [[-92.59598765093332, 41.80448798379692], [-92.59598934838912, 41.8042177812578], [-92.59599104582172, 41.80394757870586], [-92.5959927432311, 41.80367737614113], [-92.5956333173032, 41.803405902972834], [-92.59563501618324, 41.80313570039444], [-92.59563671504006, 41.802865497803246], [-92.59563841387363, 41.80259529519925], [-92.59564011268397, 41.802325092582436], [-92.59564181147108, 41.80205488995282]]}}, {"type": "Feature", "properties": {}, "geometry": {"type": "LineString", "coordinates": [[-92.60503414653027, 41.80154714892828], [-92.60539525982185, 41.80154838992265], [-92.60575637313607, 41.80154962978193], [-92.60611748647295, 41.801550868506105], [-92.60647859983247, 41.80155210609517], [-92.6068397132146, 41.80155334254914], [-92.6072008266193, 41.80155457786802], [-92.60756029136631, 41.80182601509667], [-92.60792140633313, 41.80182724815697], [-92.60828252132247, 41.80182848008215], [-92.60864363633432, 41.80182971087222], [-92.60900475136864, 41.801830940527175], [-92.60936422530767, 41.802102372137114], [-92.60972534190391, 41.80210359953342], [-92.61008645852259, 41.80210482579459]]}}, {"type": "Feature", "properties": {}, "geometry": {"type": "LineString", "coordinates": [[-92.54688189170685, 41.8032239524535], [-92.54688379539182, 41.802953751590515], [-92.54688569905076, 41.80268355071471], [-92.54688760268367, 41.8024133498261]]}}, {"type": "Feature", "properties": {}, "geometry": {"type": "LineString", "coordinates": [[-92.36511423253903, 41.815333119293655], [-92.36547540964452, 41.81533511497532], [-92.36583658678647, 41.81533710952148], [-92.36619776396488, 41.815339102932114], [-92.36655894117973, 41.815341095207245], [-92.366920118431, 41.81534308634685], [-92.36728129571866, 41.815345076350944], [-92.36764247304268, 41.81534706521952], [-92.3680063067123, 41.81507886066674], [-92.36837013734635, 41.81481065492808], [-92.36873131174379, 41.81481264035268], [-92.36909513786082, 41.814544432274], [-92.36945631081308, 41.81454641540891], [-92.36982013241311, 41.81427820499028], [-92.37018395097772, 41.814009993385916], [-92.37054512100318, 41.814011973077044], [-92.37090893505082, 41.81374375913288], [-92.3712727460631, 41.81347554400309], [-92.37163655404004, 41.813207327687685], [-92.3720003589817, 41.8129391101867], [-92.37236416088808, 41.812670891500176], [-92.37272795975925, 41.81240267162815], [-92.37273059594041, 41.81213247895788], [-92.3730943902228, 41.811864257868905], [-92.37345818147008, 41.811596035594484], [-92.37382196968233, 41.811327812134664], [-92.37418575485954, 41.81105958748949], [-92.37454690858826, 41.8110615544865], [-92.37491068924898, 41.8107933275021], [-92.37527446687476, 41.8105250993324], [-92.37563561767634, 41.81052706288634], [-92.37599939078567, 41.81025883237756], [-92.37636054014156, 41.81026079364236], [-92.37672168953328, 41.810262753771816], [-92.37708545664458, 41.80999451977027], [-92.37744660459052, 41.80999647761064], [-92.37780775257222, 41.80999843431569], [-92.37817151368546, 41.80973019682151], [-92.37853527176392, 41.809461958142286], [-92.37889641681807, 41.809463911404585], [-92.37925756190792, 41.809465863531585], [-92.37962131398828, 41.809197621359964], [-92.37998506303396, 41.8089293780034], [-92.38034620519606, 41.80893132668779], [-92.38070734739377, 41.808933274236914], [-92.38107109044135, 41.808665027388194], [-92.38142963189595, 41.80893716592934], [-92.3817907742004, 41.80893911007265], [-92.38215191654034, 41.80894105308069], [-92.38251305891582, 41.808942994953455], [-92.38287420132676, 41.808944935690945], [-92.38323534377318, 41.80894687529317], [-92.38359648625504, 41.80894881376012], [-92.38395762877234, 41.80895075109179], [-92.38431877132503, 41.80895268728819], [-92.3846799139131, 41.80895462234932], [-92.38504105653654, 41.80895655627518], [-92.38539961655363, 41.8092286825348], [-92.38576076076508, 41.80923061420832]]}}, {"type": "Feature", "properties": {}, "geometry": {"type": "LineString", "coordinates": [[-92.53918994530831, 41.81832500159608], [-92.53919188233421, 41.8180548017358], [-92.5391938193336, 41.8177846018627], [-92.53919575630653, 41.81751440197677], [-92.53919769325293, 41.817244202078], [-92.53919963017286, 41.81697400216642], [-92.53920156706629, 41.81670380224201], [-92.53920350393322, 41.81643360230476], [-92.53884424851933, 41.81616195288923], [-92.5384849961415, 41.81589030235256], [-92.53812574679974, 41.81561865069477], [-92.53812768811468, 41.81534845074725], [-92.53776650049396, 41.81534699791593], [-92.53740725722415, 41.815075344016044], [-92.53704801699025, 41.81480368899514], [-92.53704996277934, 41.81453348905025], [-92.53668877979224, 41.81453203285327], [-92.53632954563007, 41.81426037559045], [-92.53596836421417, 41.81425891713605], [-92.53560913463235, 41.813987257630515], [-92.53524990808626, 41.81371559700411], [-92.5348906845759, 41.813443935256885], [-92.53452950782041, 41.813442472301574], [-92.53417028889028, 41.813170808311824], [-92.53381107299577, 41.812899143201314], [-92.53344989935623, 41.812897676867046], [-92.53308872574351, 41.812896209397245], [-92.5327295159738, 41.8126245409227], [-92.53236834393256, 41.81262307119573], [-92.532009138743, 41.812351400478896], [-92.5316479682733, 41.8123499284948], [-92.53128876766391, 41.81207825553577], [-92.53129073747036, 41.81180805568353], [-92.53129270724983, 41.81153785581845], [-92.53093351265737, 41.81126618174104], [-92.53093548390063, 41.810995981864195], [-92.53093745511693, 41.810725781974526], [-92.53093942630628, 41.81045558207202]]}}, {"type": "Feature", "properties": {}, "geometry": {"type": "LineString", "coordinates": [[-92.64610900999355, 41.818433949002284], [-92.64647021983079, 41.81843506124394], [-92.64683142968836, 41.8184361723498], [-92.64719263956623, 41.818437282319884], [-92.64755533099256, 41.81816818766486], [-92.64791653939268, 41.81816929535293], [-92.64827922628442, 41.81790019838223], [-92.64864043320675, 41.81790130378833], [-92.64864191013963, 41.81763110024211], [-92.6486433870523, 41.817360896683105], [-92.64864486394478, 41.817090693111304], [-92.64900754168671, 41.816821593755385], [-92.64900901702063, 41.81655139014758], [-92.64901049233436, 41.81628118652697], [-92.64901196762791, 41.816010982893566], [-92.64901344290128, 41.81574077924736], [-92.64901491815446, 41.81547057558837], [-92.64937611145368, 41.815471678629336], [-92.64937758516864, 41.81520147494714], [-92.64937905886342, 41.81493127125215], [-92.64938053253806, 41.81466106754436], [-92.64938200619254, 41.814390863823775], [-92.64902229411777, 41.81411955710141], [-92.64902376924991, 41.81384935336563], [-92.64902524436187, 41.813579149617055], [-92.64902671945364, 41.81330894585567]]}}, {"type": "Feature", "properties": {}, "geometry": {"type": "LineString", "coordinates": [[-92.36184218202004, 41.817476642323136], [-92.36184486442525, 41.817206450460446], [-92.36148367706059, 41.81720444329121], [-92.36112517513702, 41.81693224314866], [-92.36076667624928, 41.81666004189553], [-92.36040549203065, 41.81665803135745], [-92.36004699773339, 41.816385827877134], [-92.35968850647188, 41.81611362328633], [-92.35969119780077, 41.815843431472864], [-92.35933271105598, 41.81557122577765], [-92.35897422734686, 41.815299018972034], [-92.35897692160087, 41.81502882715785], [-92.35897961581804, 41.814758635330776], [-92.3586211381063, 41.81448642742697], [-92.3586238337675, 41.81421623559312], [-92.35826536057205, 41.81394402658508], [-92.3582680576772, 41.81367383474444], [-92.35790958899788, 41.81340162463223], [-92.3579122875469, 41.813131432784836], [-92.3575538233836, 41.8128592215685], [-92.35755652337637, 41.812589029714346]]}}, {"type": "Feature", "properties": {}, "geometry": {"type": "LineString", "coordinates": [[-92.62625664004348, 41.815939200457876], [-92.62661783506707, 41.81594037506778], [-92.62697903011212, 41.815941548542014], [-92.6273417915377, 41.81567251787789], [-92.62770454992713, 41.815403486043216], [-92.62806730528044, 41.815134453038], [-92.62843005759768, 41.81486541886228], [-92.6287928068789, 41.814596383516104], [-92.62915555312414, 41.81432734699949], [-92.62915711176487, 41.81405714386491], [-92.6295198534349, 41.81378810615409]]}}, {"type": "Feature", "properties": {}, "geometry": {"type": "LineString", "coordinates": [[-92.48537295661235, 41.81782629477416], [-92.48537511981566, 41.81755609705524], [-92.4853772829894, 41.81728589932348], [-92.48574064031034, 41.817017319178625], [-92.48574280190685, 41.816747121405925], [-92.48610615464406, 41.81647854005401], [-92.48610831466344, 41.81620834224037], [-92.48611047465326, 41.8159381444139], [-92.48611263461352, 41.81566794657457], [-92.48647597967218, 41.815399363959486], [-92.48647813805545, 41.81512916607925], [-92.48648029640918, 41.81485896818617], [-92.48648245473342, 41.81458877028023], [-92.48648461302811, 41.81431857236145], [-92.4864867712933, 41.81404837442984], [-92.48648892952897, 41.81377817648537], [-92.4864910877351, 41.81350797852806]]}}, {"type": "Feature", "properties": {}, "geometry": {"type": "LineString", "coordinates": [[-92.57176504511776, 41.80845336521637], [-92.57212619568219, 41.8084547109689], [-92.57248734627119, 41.80845605558606], [-92.57284849688479, 41.80845739906787], [-92.57320964752292, 41.80845874141431], [-92.57357079818559, 41.8084600826254], [-92.57393194887275, 41.80846142270112], [-92.57429309958441, 41.808462761641486], [-92.57465425032055, 41.80846409944649], [-92.57501540108112, 41.80846543611614], [-92.5753765518661, 41.80846677165042], [-92.5757377026755, 41.80846810604935], [-92.5760988535093, 41.80846943931291], [-92.57646000436743, 41.80847077144111], [-92.57681937699488, 41.808742304118354], [-92.5768175987155, 41.809012505789944], [-92.5768158204118, 41.80928270744874], [-92.57681404208378, 41.80955290909469], [-92.57717342222593, 41.80982444064801], [-92.57717164536686, 41.81009464228088], [-92.5771698684835, 41.810364843900935], [-92.57716809157583, 41.810635045508164], [-92.57752747923317, 41.81090657593745], [-92.57752570379456, 41.81117677753158], [-92.5775239283317, 41.8114469791129], [-92.57752215284454, 41.811717180681406], [-92.57752037733309, 41.8119873822371], [-92.57751860179737, 41.81225758377995], [-92.57751682623734, 41.81252778531002], [-92.57751505065305, 41.81279798682726], [-92.57751327504445, 41.81306818833168], [-92.57751149941159, 41.81333838982329], [-92.57750972375443, 41.81360859130208], [-92.57714676678803, 41.81387746379538], [-92.57714498956439, 41.814147665236014], [-92.57714321231643, 41.81441786666383], [-92.57714143504417, 41.81468806807882], [-92.57713965774761, 41.81495826948101], [-92.57713788042673, 41.81522847087038], [-92.57713610308154, 41.815498672246925]]}}, {"type": "Feature", "properties": {}, "geometry": {"type": "LineString", "coordinates": [[-92.60570170442223, 41.81046632157707], [-92.60570004740933, 41.81073652414101], [-92.60569839037377, 41.81100672669214], [-92.60569673331554, 41.81127692923045], [-92.60533390677816, 41.81154589146412], [-92.60533224815684, 41.81181609396514], [-92.60496941704352, 41.8120850550026], [-92.60496775685904, 41.81235525746628], [-92.60496609665186, 41.81262545991717], [-92.6046032594219, 41.81289441973384], [-92.60424041915626, 41.81316337837869], [-92.6042387558452, 41.81343358076773], [-92.60387591100319, 41.81370253821621], [-92.60351306312533, 41.81397149449283], [-92.60315021221166, 41.81424044959754], [-92.60314854425572, 41.814510651900086], [-92.60314687627697, 41.81478085418982], [-92.6031452082754, 41.81505105646674], [-92.60314354025103, 41.81532125873087], [-92.60278068013814, 41.815590212565326], [-92.60277901055007, 41.81586041479205], [-92.60277734093916, 41.81613061700598], [-92.60241447470831, 41.81639956961925]]}}, {"type": "Feature", "properties": {}, "geometry": {"type": "LineString", "coordinates": [[-92.44597220111449, 41.821155709764184], [-92.44561331663316, 41.82088377117233], [-92.44525443518847, 41.82061183146471], [-92.44525676725026, 41.82034163564653], [-92.44525909928015, 41.82007143981549], [-92.44526143127815, 41.8198012439716], [-92.44526376324426, 41.81953104811485], [-92.4449048907815, 41.819259107305825], [-92.444907224202, 41.8189889114398], [-92.44490955759059, 41.81871871556091], [-92.4445506911367, 41.81844677364343], [-92.44419182771908, 41.81817483061032], [-92.44383296733767, 41.81790288646164], [-92.44347410999244, 41.81763094119739], [-92.44311525568334, 41.81735899481763], [-92.44275640441035, 41.81708704732239], [-92.44239755617339, 41.81681509871167], [-92.44203871097245, 41.816543148985545], [-92.44204105621759, 41.81627295312289]]}}, {"type": "Feature", "properties": {}, "geometry": {"type": "LineString", "coordinates": [[-92.44597220111449, 41.821155709764184], [-92.44597453020343, 41.82088551393886], [-92.4459768592605, 41.82061531810068], [-92.44634039885125, 41.82034686384754], [-92.44670393540542, 41.820078408412954], [-92.44706746892311, 41.81980995179695], [-92.44743099940429, 41.81954149399956], [-92.44779452684904, 41.81927303502082], [-92.44815805125741, 41.819004574860756], [-92.44852157262942, 41.81873611351941], [-92.44888509096509, 41.818467650996794], [-92.44924860626452, 41.81819918729296], [-92.4496121185277, 41.817930722407944], [-92.44997562775468, 41.81766225634176], [-92.45033913394552, 41.81739378909445], [-92.45070263710025, 41.81712532066606], [-92.45106382986008, 41.81712704730367], [-92.45106613721889, 41.816856851056585], [-92.4514296343015, 41.81658838026609], [-92.45179312834814, 41.8163199082946], [-92.45215431664857, 41.81632163147657], [-92.45251550498051, 41.81632335352292]]}}, {"type": "Feature", "properties": {}, "geometry": {"type": "LineString", "coordinates": [[-92.48537295661235, 41.81782629477416], [-92.48501175791085, 41.81782467599296], [-92.48465055923897, 41.81782305607608], [-92.4842893605967, 41.81782143502351], [-92.48392816198411, 41.81781981283525], [-92.48356913419506, 41.817547991868814], [-92.48320793715993, 41.817546367424505], [-92.48284674015451, 41.81754474184452], [-92.4824877184973, 41.81727291751949], [-92.48212652306945, 41.817271289683504], [-92.48176532767138, 41.81726966071186], [-92.48140413230311, 41.817268030604545], [-92.48104293696466, 41.81726639936157], [-92.48067955874714, 41.817534964515474], [-92.4803183619503, 41.81753333098578], [-92.47995497920834, 41.8178018938093], [-92.47959378095318, 41.81780025799284], [-92.47923039368679, 41.818068818485884], [-92.47886919397335, 41.81806718038262], [-92.47850799428987, 41.81806554114366], [-92.47814679463637, 41.81806390076901], [-92.47778779012648, 41.817792061875316], [-92.47742659205115, 41.817790419244766], [-92.47706539400583, 41.81778877547854], [-92.4767041959906, 41.81778713057663], [-92.47634299800545, 41.817785484539044], [-92.47598180005042, 41.81778383736577]]}}, {"type": "Feature", "properties": {}, "geometry": {"type": "LineString", "coordinates": [[-92.52871304748696, 41.818552702266835], [-92.52907425265427, 41.818554183656055], [-92.52943347977738, 41.81882586337142], [-92.52943150167907, 41.81909606282048]]}}, {"type": "Feature", "properties": {}, "geometry": {"type": "LineString", "coordinates": [[-92.61110771771139, 41.81237620789607], [-92.6111060833071, 41.81264641054447], [-92.61110444888047, 41.812916613180064], [-92.61110281443146, 41.813186815802844], [-92.61110117996012, 41.81345701841284], [-92.61109954546642, 41.813727221010005], [-92.61109791095035, 41.81399742359437], [-92.61109627641191, 41.81426762616593], [-92.61109464185114, 41.81453782872468], [-92.61109300726801, 41.81480803127062], [-92.61109137266251, 41.81507823380377], [-92.61108973803468, 41.8153484363241], [-92.61108810338447, 41.81561863883162], [-92.6110864687119, 41.81588884132634], [-92.61108483401698, 41.816159043808256], [-92.61108319929969, 41.81642924627736], [-92.61108156456005, 41.81669944873365], [-92.61107992979805, 41.81696965117715], [-92.61107829501368, 41.81723985360783], [-92.61143786341907, 41.817511278403096], [-92.61143623010821, 41.8177814808197], [-92.611434596775, 41.81805168322348], [-92.61143296341945, 41.818321885614466], [-92.61143133004154, 41.81859208799264], [-92.61179090746705, 41.81886351165722], [-92.61215048792917, 41.819134934196235], [-92.61251007142795, 41.81940635560964], [-92.61286965796343, 41.81967777589739], [-92.61322924753566, 41.819949195059465], [-92.61358884014469, 41.82022061309584]]}}, {"type": "Feature", "properties": {}, "geometry": {"type": "LineString", "coordinates": [[-92.52220131667565, 41.8198768388254], [-92.52256052188852, 41.8201485398594], [-92.52255851480625, 41.820418738977324], [-92.52255650769652, 41.820688938082405], [-92.52255450055934, 41.820959137174654], [-92.5225524933947, 41.82122933625407], [-92.5225504862026, 41.821499535320655], [-92.52254847898307, 41.8217697343744], [-92.52254647173606, 41.822039933415326], [-92.5225444644616, 41.822310132443405], [-92.5225424571597, 41.82258033145867], [-92.52254044983033, 41.822850530461075]]}}, {"type": "Feature", "properties": {}, "geometry": {"type": "LineString", "coordinates": [[-92.6367129800726, 41.819215241495556], [-92.63671145291231, 41.81948544461543], [-92.63707114262432, 41.819756789548315], [-92.63743235953835, 41.81975793023832], [-92.63779357647323, 41.81975906979248], [-92.63815327230051, 41.82003041134806], [-92.63851449079543, 41.82003154864128], [-92.63887419119874, 41.820302887944536], [-92.63887267306559, 41.82057309107763], [-92.6392323780035, 41.82084442925154], [-92.63923086134731, 41.82111463236972], [-92.63886811854154, 41.821383700400084], [-92.63886660032533, 41.82165390348196], [-92.63886508208836, 41.821924106551045], [-92.6388635638306, 41.82219430960733], [-92.63886204555207, 41.822464512650825], [-92.63849929355187, 41.822733579417026], [-92.63849777371318, 41.8230037824242], [-92.6384962538537, 41.823273985418574]]}}, {"type": "Feature", "properties": {}, "geometry": {"type": "LineString", "coordinates": [[-92.4234993660036, 41.82969173581467], [-92.42350179028892, 41.82942154144002], [-92.42314295590963, 41.8291495333379], [-92.42278412456818, 41.828877524121026], [-92.42278655179184, 41.82860732974197], [-92.4227889789823, 41.828337135350026], [-92.42279140613954, 41.828066940945234], [-92.4224325822929, 41.827794930626375], [-92.4220737614839, 41.82752291919284], [-92.42207619157914, 41.82725272478368], [-92.42171737529328, 41.82698071223979], [-92.4213561289787, 41.82697889298191], [-92.4209973172824, 41.82670687820457], [-92.42063607255317, 41.82670505669184], [-92.4206385086236, 41.826434862312695], [-92.42064094466072, 41.82616466792068], [-92.42064338066454, 41.82589447351578], [-92.42100705528946, 41.82562610054207], [-92.42100948970798, 41.825355906094266], [-92.4210119240932, 41.82508571163359], [-92.42101435844512, 41.824815517160054], [-92.42101679276374, 41.824545322673636], [-92.42101922704906, 41.82427512817435], [-92.4210216613011, 41.824004933662195], [-92.42066286749547, 41.823732917813324], [-92.4206653031994, 41.8234627232926], [-92.42066773887002, 41.823192528759], [-92.42067017450732, 41.82292233421254], [-92.42103383206178, 41.82265396090839]]}}, {"type": "Feature", "properties": {}, "geometry": {"type": "LineString", "coordinates": [[-92.35847281994587, 41.82934695842978], [-92.35811426379279, 41.829074749078764], [-92.35775300998674, 41.82907272971628], [-92.35739175621765, 41.829070709217746], [-92.35703320621386, 41.82879849652182], [-92.3566746592477, 41.828526282715096], [-92.35631340862722, 41.828524258846564], [-92.35595215804375, 41.828522233841994], [-92.35559090749733, 41.82852020770139], [-92.35522965698799, 41.82851818042476], [-92.35486840651572, 41.82851615201211], [-92.35450715608056, 41.82851412246341], [-92.35414590568253, 41.8285120917787], [-92.35378465532165, 41.82851005995796], [-92.35342340499794, 41.828508027001185], [-92.35306215471141, 41.82850599290838], [-92.35270090446211, 41.82850395767956], [-92.35234237764871, 41.828231730476304], [-92.3519838538729, 41.827959502162535], [-92.35162260677289, 41.82795746356406], [-92.35126135971021, 41.827955423829586], [-92.350902842084, 41.8276831921718], [-92.35054432749527, 41.8274109594036], [-92.35054705833849, 41.82714076860974], [-92.35018854826853, 41.826868534737535], [-92.3501912805557, 41.826598343937135], [-92.34983277500437, 41.82632610896096], [-92.34983550873541, 41.826055918154026], [-92.34947700770253, 41.82578368207396], [-92.34947974287738, 41.82551349126051], [-92.34912124636283, 41.82524125407657], [-92.34876275288536, 41.82496901578244], [-92.34840426244494, 41.82469677637813], [-92.34840700202564, 41.82442658557099], [-92.34804851610323, 41.82415434506296], [-92.34805125712742, 41.82388415424933], [-92.34769003321775, 41.82388210344483], [-92.34733155336914, 41.823609860716644], [-92.34697307655738, 41.823337616878426], [-92.34661460278242, 41.8230653719302], [-92.3462561320442, 41.82279312587201]]}}, {"type": "Feature", "properties": {}, "geometry": {"type": "LineString", "coordinates": [[-92.37546236821188, 41.82835976637619], [-92.3758236192461, 41.82836173001615], [-92.37618487031621, 41.82836369252008], [-92.37654612142221, 41.828365653887964], [-92.37690737256406, 41.82836761411982], [-92.37727124230668, 41.828099381064945], [-92.37763249200137, 41.82810133900627], [-92.37799374173186, 41.82810329581155], [-92.37835499149814, 41.82810525148082], [-92.37871624130018, 41.82810720601406], [-92.37907749113795, 41.82810915941126], [-92.37943874101143, 41.82811111167244], [-92.3797999909206, 41.828113062797584], [-92.3801638472442, 41.82784482047578], [-92.38052770053025, 41.82757657696832], [-92.38053030531897, 41.82730638461324], [-92.38089415401312, 41.82703813988889], [-92.38089675721186, 41.826767947489685], [-92.38126060131427, 41.82649970154852], [-92.38126320292314, 41.8262295091052], [-92.38162704243393, 41.825961261947285], [-92.38199087890747, 41.82569301360385], [-92.38199347737235, 41.825422821085205], [-92.38199607580168, 41.82515262855367], [-92.38199867419547, 41.82488243600925], [-92.38236250296944, 41.82461418638675], [-92.38236509977362, 41.824343993798244], [-92.38272892395648, 41.82407574295916], [-92.38273151917114, 41.82380555032657], [-92.38309533876304, 41.823537298270956], [-92.38345397106904, 41.823809430407], [-92.38381778769494, 41.823541176043115], [-92.38417901221405, 41.82354311322542], [-92.38454282432, 41.823274856522154]]}}, {"type": "Feature", "properties": {}, "geometry": {"type": "LineString", "coordinates": [[-92.55357057898017, 41.82810925907485], [-92.55393183911845, 41.82811066256057], [-92.55429122507294, 41.82838226486026], [-92.5546524867815, 41.828383666086935], [-92.55501561968714, 41.828114866200956], [-92.55537687992792, 41.82811626514216], [-92.5557362720608, 41.8283878629501], [-92.5560975338717, 41.82838925963222], [-92.55646066080364, 41.828120455148984], [-92.55682378469763, 41.82785164949051], [-92.55718690555369, 41.8275828426568], [-92.55755002337187, 41.827314034647905], [-92.55755188380861, 41.82704383452802], [-92.55791499704463, 41.82677502531805], [-92.55791685591161, 41.8265048251594], [-92.55827996456561, 41.82623601474838], [-92.55864307018194, 41.82596720316229], [-92.55864492593503, 41.82569700293899], [-92.55900802696955, 41.82542819015197], [-92.55900988115312, 41.82515798988994], [-92.55937297760599, 41.824889175902015], [-92.55973607102142, 41.82462036073914]]}}, {"type": "Feature", "properties": {}, "geometry": {"type": "LineString", "coordinates": [[-92.37546236821188, 41.82835976637619], [-92.37582624388625, 41.82809153793939], [-92.37582886849049, 41.827821345849756], [-92.37547024658099, 41.82754919016279], [-92.37547287263219, 41.82727899806588], [-92.37547549864746, 41.82700880595609], [-92.37547812462682, 41.8267386138334]]}}, {"type": "Feature", "properties": {}, "geometry": {"type": "LineString", "coordinates": [[-92.3179235324403, 41.8374897035794], [-92.31828769816568, 41.83722166000553], [-92.31829056562216, 41.83695147144554], [-92.31829343303943, 41.836681282872625], [-92.31829630041747, 41.83641109428681], [-92.31793787712364, 41.836138760815956], [-92.3183020350559, 41.83587071707641], [-92.31830490231627, 41.835600528451835], [-92.31830776953743, 41.83533033981435], [-92.31831063671936, 41.83506015116395], [-92.31831350386207, 41.83478996250064], [-92.31867765252173, 41.83452191743898], [-92.31904179814295, 41.83425387118776], [-92.31940594072574, 41.83398582374702], [-92.31977008027019, 41.83371777511679], [-92.32013421677631, 41.83344972529708], [-92.32013707608806, 41.83317953645537], [-92.32013993536069, 41.83290934760073], [-92.3201427945942, 41.83263915873317], [-92.31978438422892, 41.832366830944416], [-92.31978724490328, 41.8320966420712], [-92.3197901055385, 41.83182645318506], [-92.31979296613459, 41.83155626428602], [-92.31979582669156, 41.83128607537405], [-92.31979868720938, 41.831015886449194], [-92.31944028728148, 41.83074355758799], [-92.31944314923999, 41.83047336865746], [-92.31944601115934, 41.83020317971401], [-92.31944887303955, 41.829932990757655], [-92.31981298921163, 41.82966494163113], [-92.31981584949472, 41.829394752628765], [-92.31981870973866, 41.8291245636135], [-92.31982156994349, 41.828854374585326], [-92.31982443010918, 41.828584185544216], [-92.31982729023575, 41.828313996490216], [-92.32019139558062, 41.82804594600902], [-92.32019425411025, 41.82777575690902], [-92.32019711260077, 41.827505567796116]]}}, {"type": "Feature", "properties": {}, "geometry": {"type": "LineString", "coordinates": [[-92.37576586807862, 41.834305952443806], [-92.37612715256778, 41.83430791535476], [-92.3764884370928, 41.83430987712945], [-92.37684972165373, 41.83431183776787], [-92.37721100625049, 41.83431379727001], [-92.37757490871687, 41.83404556375028], [-92.37793880814475, 41.83377732904447], [-92.37830008981044, 41.83377928510091], [-92.37866398471637, 41.83351104805441], [-92.37902526493433, 41.83351300181993], [-92.37938654518804, 41.83351495444921], [-92.37975043408855, 41.83324671390743], [-92.38011171289442, 41.83324866424583], [-92.38047038616325, 41.83352080551956], [-92.38083166655964, 41.83352275360386], [-92.38119294699166, 41.83352470055192], [-92.38155422745928, 41.83352664636372], [-92.38191550796245, 41.83352859103928], [-92.38227419048903, 41.83380072672898], [-92.38263547258255, 41.83380266915036], [-92.38299675471158, 41.83380461043548], [-92.38299415970236, 41.8340748026096], [-92.38299156465766, 41.83434499477082], [-92.38335025629982, 41.83461712712289], [-92.38371154305766, 41.834619066190335], [-92.38407282985098, 41.83462100412149], [-92.38443411667971, 41.83462294091635], [-92.38479799102758, 41.834354684335246], [-92.38515927640785, 41.83435661883929], [-92.38552056182347, 41.83435855220705], [-92.38588184727445, 41.834360484438534], [-92.38624313276077, 41.83436241553373], [-92.38660441828239, 41.83436434549265], [-92.3869657038393, 41.834366274315286], [-92.38732698943149, 41.83436820200164], [-92.38768827505892, 41.83437012855171], [-92.38804956072158, 41.8343720539655], [-92.38840827412878, 41.83464417066455], [-92.38876956138112, 41.834646093823906], [-92.38913084866867, 41.834648015846966], [-92.38949213599135, 41.83464993673372], [-92.38985342334914, 41.834651856484186], [-92.39021471074206, 41.83465377509835], [-92.39057856134488, 41.83438550004607], [-92.39093984728862, 41.83438741636958], [-92.39130113326742, 41.834389331556814], [-92.3916598606643, 41.83466143819207], [-92.39201859109984, 41.83493354371423], [-92.39237732457404, 41.83520564812326], [-92.39273606108699, 41.8354777514191], [-92.39309480063869, 41.83574985360174], [-92.39345609442407, 41.83575176206119], [-92.39381738824434, 41.83575366938431], [-92.39418123022064, 41.83548538291229], [-92.39454506915817, 41.83521709525513], [-92.39490636004423, 41.835218999133325], [-92.39527019445849, 41.83495070913679], [-92.39563402583406, 41.834682417955214], [-92.39599785417097, 41.83441412558861], [-92.39636167946925, 41.83414583203703], [-92.39672550172898, 41.833877537300474], [-92.39708932095017, 41.833609241379015], [-92.39745313713287, 41.833340944272656], [-92.39781695027712, 41.83307264598143], [-92.39817822932146, 41.83307453948992], [-92.39853950840042, 41.833076431862175], [-92.39890078751398, 41.833078323098185], [-92.39926206666213, 41.83308021319796], [-92.39962334584484, 41.83308210216149], [-92.39998462506209, 41.833083989988786], [-92.40034590431385, 41.83308587667984], [-92.40070970402724, 41.83281756912548], [-92.40071222441988, 41.832547376003426], [-92.40071474477803, 41.832277182868474], [-92.40071726510172, 41.83200698972067], [-92.40071978539092, 41.831736796559966], [-92.40108357585152, 41.831468487698395], [-92.4010860945527, 41.831198294494186], [-92.40144988042161, 41.830929984417416], [-92.40181366325243, 41.83066167315611], [-92.4021774430452, 41.83039336071031], [-92.4021799570516, 41.83012316740136], [-92.4021824710236, 41.829852974079536], [-92.40218498496121, 41.82958278074483], [-92.40218749886445, 41.829312587397254], [-92.40255126940589, 41.8290442736446], [-92.40255378172145, 41.82877408025355], [-92.40255629400265, 41.82850388684962], [-92.40255880624949, 41.82823369343281], [-92.40256131846196, 41.82796350000313]]}}, {"type": "Feature", "properties": {}, "geometry": {"type": "LineString", "coordinates": [[-92.45566780796227, 41.82795723801557], [-92.45602677451157, 41.82822914534615], [-92.45602448709144, 41.828499341280015], [-92.45638574409864, 41.82850105156004], [-92.45674471672355, 41.82877295665722], [-92.45710597531219, 41.82877466468116], [-92.45746723393205, 41.82877637156899], [-92.45782849258312, 41.82877807732072], [-92.45818975126538, 41.82877978193635], [-92.45855100997879, 41.82878148541587], [-92.45891226872337, 41.82878318775928], [-92.45927125368691, 41.82905508501946], [-92.45963251401264, 41.829056785106694], [-92.45999150356415, 41.82932868012986]]}}, {"type": "Feature", "properties": {}, "geometry": {"type": "LineString", "coordinates": [[-92.57267966446399, 41.83385628834716], [-92.57304095783701, 41.83385763188365], [-92.5734022512346, 41.83385897428379], [-92.57376354465673, 41.83386031554757], [-92.57412483810337, 41.833861655674966], [-92.57448792120967, 41.83359279424904], [-92.57485100127714, 41.833323931648714], [-92.5752122917584, 41.83332526834182], [-92.57557358226411, 41.83332660389857], [-92.57593487279424, 41.83332793831898], [-92.57629794533803, 41.83305907109748], [-92.57666101484305, 41.832790202701716], [-92.57702230240757, 41.832791533687995], [-92.57738358999642, 41.83279286353794], [-92.5777466534727, 41.832523991670215], [-92.57810971391034, 41.83225511862832], [-92.57847099853339, 41.83225644504428], [-92.57883405443732, 41.83198756967945], [-92.57919533758957, 41.831988893810326], [-92.579556620766, 41.8319902168049], [-92.57991790396663, 41.83199153866318], [-92.58027918719144, 41.83199285938517], [-92.58064223407636, 41.83172397825125], [-92.58100527792273, 41.83145509594334], [-92.58136655818137, 41.83145641323161], [-92.58172783846408, 41.831457729383594], [-92.58208911877084, 41.83145904439931], [-92.58245039910166, 41.83146035827875], [-92.58281343392876, 41.831191470202256], [-92.58317471278835, 41.83119278179678], [-92.58353599167191, 41.83119409225504], [-92.58389727057946, 41.831195401577034], [-92.5842585495109, 41.83119670976276], [-92.58462157531844, 41.83092781591804], [-92.58498285277848, 41.830929121818926], [-92.58534413026241, 41.830930426583556], [-92.5857071500408, 41.83066152926802], [-92.58607016678081, 41.83039263077886]]}}, {"type": "Feature", "properties": {}, "geometry": {"type": "LineString", "coordinates": [[-92.41258741910895, 41.83774263886618], [-92.41258988997673, 41.83747244539531], [-92.41259236081069, 41.837202251911584], [-92.41259483161087, 41.83693205841499], [-92.41223600221248, 41.83666001662031], [-92.41223847446453, 41.83638982311537], [-92.4126022438086, 41.83612147784791], [-92.41260471447357, 41.8358512842998], [-92.4122458910178, 41.835579242523316], [-92.41224836313461, 41.83530904896689], [-92.41188707060087, 41.835307199632474], [-92.41152825322271, 41.83503515562729], [-92.4111694388833, 41.83476311050781], [-92.41117191545666, 41.834492916965075], [-92.41081310564138, 41.83422087073592], [-92.41081558366629, 41.833950677184895], [-92.41045677837502, 41.83367862984612], [-92.41045925785139, 41.83340843628683], [-92.41046173729383, 41.833138242714675], [-92.41082549542693, 41.83286990285213], [-92.41082797328235, 41.83259970923675], [-92.41083045110388, 41.832329515608485], [-92.41083292889151, 41.83205932196736], [-92.41083540664525, 41.831789128313346], [-92.4111991555278, 41.83152078714541], [-92.41120163169467, 41.831250593448196], [-92.41156537598607, 41.830982251065954], [-92.41192911723937, 41.83071390749977], [-92.41193159026656, 41.83044371372904], [-92.41193406325992, 41.83017351994544], [-92.41193653621944, 41.82990332614896]]}}, {"type": "Feature", "properties": {}, "geometry": {"type": "LineString", "coordinates": [[-92.68001708386693, 41.82772047669886], [-92.68037834715932, 41.82772148249824], [-92.68073961047008, 41.82772248716146], [-92.68074095293841, 41.8274522831911], [-92.68110355567947, 41.82718308271609], [-92.68110489659207, 41.82691287871068], [-92.68146749475784, 41.82664367704559], [-92.6818300898857, 41.826374474212685], [-92.68219268197569, 41.82610527021201], [-92.68255527102787, 41.8258360650436], [-92.68291652381576, 41.82583706282398], [-92.6832791083295, 41.82556785534238], [-92.6836416898055, 41.82529864669311], [-92.6840042682438, 41.82502943687624], [-92.68436551654794, 41.82503043008416], [-92.68472676487022, 41.825031422156016], [-92.68508801321065, 41.825032413091805], [-92.68545058410922, 41.82476319867115], [-92.68581183096703, 41.8247641873255], [-92.68617439732725, 41.82449497059198], [-92.68653564270237, 41.82449595696493], [-92.68689688809552, 41.82449694220185], [-92.68725813350667, 41.82449792630272], [-92.68762069232699, 41.824228704965805], [-92.68798193625533, 41.824229686785344], [-92.68834318020158, 41.824230667468846], [-92.68870573298271, 41.82396144267406], [-92.68906697544605, 41.82396242107628], [-92.68942821792727, 41.823963398342485], [-92.68978946042635, 41.823964374472666], [-92.69015200566734, 41.82369514507496], [-92.69051324668334, 41.82369611892391], [-92.69087448771714, 41.823697091636866], [-92.69123572876872, 41.823698063213804], [-92.69159696983805, 41.82369903365474], [-92.69195691579475, 41.82397020739733], [-92.69231815841829, 41.82397117557537], [-92.69267940105951, 41.823972142617386], [-92.6930406437184, 41.82397310852338], [-92.69340188639495, 41.82397407329336], [-92.69376312908913, 41.82397503692731], [-92.69412437180094, 41.823975999425244], [-92.6944843300136, 41.82424716527571], [-92.69484557427933, 41.82424812551064], [-92.6952068185626, 41.824249084609555], [-92.69556934282382, 41.823979838056744], [-92.69593058562337, 41.82398079487456], [-92.69629310534582, 41.82371154600986], [-92.69665434666157, 41.823712500546634], [-92.69701558799477, 41.823713453947406], [-92.6973768293454, 41.82371440621215], [-92.69773807071343, 41.82371535734089], [-92.69809931209883, 41.82371630733362], [-92.6984605535016, 41.82371725619033], [-92.69882052864753, 41.823988408520286], [-92.69918177160372, 41.823989355113895], [-92.69954301457719, 41.82399030057148], [-92.69990299583276, 41.82426144951626], [-92.70026298012587, 41.82453259733001], [-92.70062296745658, 41.824803744012705], [-92.70098295782495, 41.8250748895643], [-92.70134295123101, 41.82534603398478], [-92.70170294767479, 41.825617177274104], [-92.70206294715634, 41.82588831943224], [-92.7024229496757, 41.826159460459145], [-92.70242169843496, 41.8264296650421], [-92.70278170549403, 41.82670080493379], [-92.70278045573804, 41.82697100949998], [-92.70314046733695, 41.8272421482564], [-92.7031392190658, 41.827512352805826], [-92.7034992352047, 41.82778349042692], [-92.70385925438168, 41.82805462691664], [-92.70385800909749, 41.8283248314453], [-92.7042180328147, 41.82859596679958], [-92.70421678901553, 41.82886617131145], [-92.70457681727312, 41.82913730553027], [-92.70457557495911, 41.82940751002531], [-92.70457433262808, 41.82967771450758], [-92.7049343669284, 41.829948847586834], [-92.70529440426715, 41.83021997953454], [-92.70565444464438, 41.830491110350664], [-92.70565320680322, 41.83076131480801], [-92.70601325172132, 41.83103244448846], [-92.70637329967805, 41.83130357303725]]}}, {"type": "Feature", "properties": {}, "geometry": {"type": "LineString", "coordinates": [[-92.31685113204499, 41.836402507899585], [-92.31648984005008, 41.83640035846199], [-92.3161285480945, 41.83639820788808], [-92.31576725617826, 41.83639605617786], [-92.31540884379505, 41.836123714894626], [-92.31505043445054, 41.83585137250277], [-92.31469202814466, 41.835579029002325], [-92.31433362487739, 41.83530668439332], [-92.31397522464866, 41.835034338675804], [-92.3136139405655, 41.835032180249435], [-92.31325265652183, 41.83503002068681], [-92.31289426244909, 41.83475767162901], [-92.31253587141484, 41.83448532146278], [-92.31253876278643, 41.83421513309839], [-92.31254165411846, 41.83394494472108], [-92.31254454541094, 41.83367475633087], [-92.31254743666388, 41.83340456792772], [-92.31255032787726, 41.83313437951168], [-92.3125532190511, 41.8328641910827], [-92.31219483993273, 41.8325918398529], [-92.31219773254654, 41.83232165141848], [-92.31220062512075, 41.83205146297115]]}}, {"type": "Feature", "properties": {}, "geometry": {"type": "LineString", "coordinates": [[-92.68001708386693, 41.82772047669886], [-92.68037700315358, 41.82799168644634], [-92.6807382679834, 41.82799269111903], [-92.68073692547836, 41.82826289506381], [-92.68073558295494, 41.8285330989958], [-92.6810955098186, 41.828804306479896], [-92.68145543972052, 41.829075512833896], [-92.6818153726607, 41.82934671805777], [-92.68217664515939, 41.829347718232896], [-92.68253658267534, 41.82961892119982], [-92.68253524765606, 41.829889125115045], [-92.68289518971135, 41.830160326948366], [-92.68325513480505, 41.830431527651456], [-92.68361508293727, 41.83070272722425], [-92.68397503410802, 41.830973925666726], [-92.68433498831733, 41.83124512297887], [-92.68469494556527, 41.83151631916063], [-92.68505490585187, 41.83178751421198], [-92.68541619218767, 41.83178850424501], [-92.68577747854157, 41.83178949314172], [-92.68613744494175, 41.8320606848086], [-92.68649873285115, 41.832061671441956], [-92.68685870382751, 41.83233286085127], [-92.68721999329235, 41.83233384522122], [-92.68757996884489, 41.83260503237288], [-92.68793994743625, 41.83287621839392], [-92.6882999290665, 41.83314740328431], [-92.68866122316146, 41.83314838313656], [-92.68902120936801, 41.83341956576909], [-92.68938250501824, 41.833420543357796], [-92.6897424958011, 41.833691723732414]]}}, {"type": "Feature", "properties": {}, "geometry": {"type": "LineString", "coordinates": [[-92.32076534678124, 41.84210003727254], [-92.32112952716216, 41.84183198500824], [-92.32149370450347, 41.84156393155424], [-92.32185502591864, 41.84156606546554], [-92.32221634737283, 41.841568198240324], [-92.32257481897993, 41.841840518460835], [-92.32293614203189, 41.841842648982656], [-92.32329461823734, 41.84211496697745], [-92.32365309748242, 41.842387283862905], [-92.32401442369085, 41.84238941101522], [-92.32437574993818, 41.84239153703098], [-92.32473707622441, 41.84239366191017], [-92.32509840254949, 41.84239578565281], [-92.32545972891342, 41.84239790825889], [-92.32581821899171, 41.8426702184523], [-92.3261795469531, 41.84267233880526], [-92.32654370823802, 41.842404269257784], [-92.3269050347571, 41.84240638731764], [-92.32726636131491, 41.84240850424092], [-92.32762768791146, 41.84241062002765], [-92.3279890145467, 41.842412734677815], [-92.32835034122061, 41.842414848191424], [-92.32871166793318, 41.842416960568464], [-92.32907581729155, 41.842148882892666], [-92.32943714256153, 41.84215099297669], [-92.32979846787012, 41.842153101924175], [-92.33016261122638, 41.84188502074627], [-92.33052675154303, 41.84161693837919], [-92.33089088882012, 41.84134885482297], [-92.33089370367408, 41.8410786657557], [-92.33125783635342, 41.84081058097762], [-92.33162196599328, 41.840542495010475], [-92.33198609259375, 41.84027440785428], [-92.33235021615486, 41.84000631950909], [-92.33235302473771, 41.839736130298014], [-92.33235583328212, 41.83946594107401], [-92.33271995068782, 41.83919785147445], [-92.3327227576358, 41.83892766220485], [-92.33272556454538, 41.838657472922336], [-92.33272837141658, 41.83838728362692], [-92.33273117824938, 41.83811709431859], [-92.33273398504376, 41.837846904997356], [-92.33273679179977, 41.83757671566321], [-92.33273959851738, 41.83730652631616], [-92.33310370197856, 41.83703843529886], [-92.33346780240088, 41.83677034309275], [-92.33383189978436, 41.83650224969789], [-92.33419599412905, 41.83623415511426], [-92.334560085435, 41.83596605934192], [-92.33492137633104, 41.83596815192393], [-92.33528546311722, 41.83570005380689], [-92.3356495468647, 41.83543195450122], [-92.33601362757358, 41.83516385400697], [-92.33637770524385, 41.834895752324165], [-92.33673899025375, 41.834897839145924], [-92.33710306340438, 41.83462973511865], [-92.33746434697132, 41.83463181964822], [-92.33782841560232, 41.83436371327657], [-92.33819248119484, 41.83409560571651], [-92.33855654374894, 41.83382749696806], [-92.33892060326464, 41.833559387031244], [-92.339284659742, 41.83329127590612], [-92.33928743850089, 41.83302108599819]]}}, {"type": "Feature", "properties": {}, "geometry": {"type": "LineString", "coordinates": [[-92.47480989246876, 41.82858676937588], [-92.47516894412674, 41.828858617339456], [-92.4755302042815, 41.82886026742173], [-92.47589146446643, 41.82886191636788], [-92.4762505222606, 41.82913376097245], [-92.47661178402477, 41.82913540766189], [-92.47697304581907, 41.8291370532152], [-92.47733430764343, 41.829138697632374], [-92.47769556949787, 41.829140340913426], [-92.47805683138233, 41.82914198305835], [-92.47841589995978, 41.82941382094179], [-92.47877716342329, 41.82941546082991], [-92.47913842691678, 41.82941709958188], [-92.4794996904402, 41.82941873719771], [-92.47986095399361, 41.8294203736774], [-92.48022221757691, 41.82942200902095], [-92.48058129693716, 41.82969384018276], [-92.48021784600307, 41.829962402886096], [-92.48057692834162, 41.830234234053016], [-92.48093601371833, 41.83050606410172], [-92.48129510213323, 41.83077789303216], [-92.48165419358635, 41.83104972084432], [-92.48165201371157, 41.83131991776779], [-92.48164983380696, 41.831590114678406], [-92.48200893127708, 41.831861941377284], [-92.4823680317856, 41.83213376695777], [-92.48272713533255, 41.832405591419864], [-92.48272495986643, 41.832675788325155], [-92.48272278437052, 41.832945985217606], [-92.48272060884487, 41.833216182097196], [-92.48271843328945, 41.83348637896395], [-92.48271625770428, 41.83375657581785], [-92.4830753717375, 41.83402839917393], [-92.4834366614154, 41.83403002455264], [-92.48379578003644, 41.834301845669174]]}}, {"type": "Feature", "properties": {}, "geometry": {"type": "LineString", "coordinates": [[-92.57267966446399, 41.83385628834716], [-92.57267786720716, 41.834126488688085], [-92.57267606992573, 41.8343966890162], [-92.57303557055114, 41.83466823290598], [-92.57339507421553, 41.83493977567189], [-92.5733932798994, 41.835209975986864], [-92.57339148555873, 41.835480176289025], [-92.57338969119351, 41.83575037657837], [-92.57338789680374, 41.83602057685489], [-92.57338610238942, 41.836290777118585]]}}, {"type": "Feature", "properties": {}, "geometry": {"type": "LineString", "coordinates": [[-92.44266737428184, 41.82735448085192], [-92.44302862404206, 41.82735623310111], [-92.44338987383432, 41.82735798421427], [-92.44338753334888, 41.82762817961569], [-92.44374644569336, 41.82790012501436], [-92.44410536107556, 41.82817206929709], [-92.44410302353185, 41.82844226469291], [-92.44446194343874, 41.828714207863285], [-92.44482086638347, 41.82898614991764], [-92.44481853178173, 41.82925634530781], [-92.44481619714806, 41.829526540685144], [-92.44481386248243, 41.829796736049595], [-92.4448115277849, 41.83006693140119], [-92.44517045971578, 41.83033887235389], [-92.44553172640806, 41.830340616831684], [-92.445890662928, 41.83061255554852], [-92.44588833269188, 41.830882750910874], [-92.44588600242388, 41.83115294626037], [-92.445883672124, 41.83142314159699], [-92.44624261614379, 41.83169507920835], [-92.4466015632019, 41.83196701570346], [-92.44659923584476, 41.83223721103435], [-92.44695818742856, 41.83250914641674], [-92.44695586152697, 41.832779341738316], [-92.44731481763665, 41.83305127600792], [-92.44767377678484, 41.83332320916118], [-92.44767145382636, 41.83359340447694], [-92.44766913083612, 41.833863599779846], [-92.44766680781409, 41.834133795069874], [-92.44766448476028, 41.83440399034706], [-92.44766216167471, 41.83467418561138], [-92.44802113129931, 41.83494611766581], [-92.44801880966959, 41.83521631292078], [-92.44801648800811, 41.8354865081629], [-92.44837546364688, 41.83575843910785], [-92.44873444232461, 41.836030368936285], [-92.44909574123956, 41.83603210239559], [-92.44945935583333, 41.835763639436735], [-92.44982065329218, 41.83576537060694], [-92.44981833916457, 41.83603556590503], [-92.45017732553478, 41.83630749125672], [-92.45053631494402, 41.83657941549175], [-92.45053400376051, 41.83684961078387]]}}, {"type": "Feature", "properties": {}, "geometry": {"type": "LineString", "coordinates": [[-92.31685113204499, 41.836402507899585], [-92.31648696507516, 41.83667054694661], [-92.31612567160019, 41.83666839635242], [-92.3157643781646, 41.83666624462192], [-92.31540020519591, 41.836934280165956], [-92.31503602918843, 41.83720231452015], [-92.31467473283219, 41.83720015934004], [-92.31431343651539, 41.837198003023595], [-92.31395214023803, 41.837195845570804], [-92.31359084400016, 41.837193686981664], [-92.31322665903394, 41.83746171551922], [-92.31286536135565, 41.83745955463703], [-92.31250406371689, 41.83745739261849], [-92.31213987275198, 41.83772541765257]]}}, {"type": "Feature", "properties": {}, "geometry": {"type": "LineString", "coordinates": [[-92.56198102900352, 41.866240736199074], [-92.56234434693428, 41.86597191579185], [-92.56234618970795, 41.86570171732291], [-92.56270950304783, 41.86543289571345], [-92.56271134424924, 41.865162697205875], [-92.56307465299838, 41.86489387439425], [-92.56343795870391, 41.864625050406296], [-92.56380126136585, 41.864356225242034], [-92.56380309790119, 41.86408602664431], [-92.5641663959727, 41.863817200278], [-92.56452969100076, 41.86354837273548], [-92.56489298298538, 41.86327954401675], [-92.56525627192664, 41.86301071412185], [-92.56561955782453, 41.862741883050845], [-92.5659810134244, 41.86274324955582], [-92.56634246904929, 41.86274461492329], [-92.56670574891059, 41.862475780375405], [-92.56706902572863, 41.86220694465151], [-92.56743229950345, 41.86193810775162], [-92.56779375066327, 41.86193946853058], [-92.56815520184796, 41.86194082817205], [-92.56851665305754, 41.861942186676046], [-92.56887991929908, 41.861673345149356], [-92.56924136903676, 41.86167470136561], [-92.56960281879927, 41.8616760564444], [-92.56996426858656, 41.861677410385724], [-92.57032752729465, 41.86140856423247], [-92.5706889756099, 41.86140991588612], [-92.57105042394988, 41.86141126640231], [-92.57141187231457, 41.86141261578104], [-92.57177512348906, 41.861143765001486], [-92.57213657038156, 41.8611451120926], [-92.5724998170161, 41.86087625898725], [-92.57286126243636, 41.86087760379079], [-92.57322450453097, 41.86060874835971], [-92.57358774358258, 41.86033989175306], [-92.57394918603359, 41.860341233119], [-92.57431242054535, 41.86007237418677], [-92.57467386152398, 41.86007371326526], [-92.57503709149589, 41.85980485200752], [-92.57539853100202, 41.8598061887986], [-92.57576175643412, 41.85953732521546], [-92.57612497882337, 41.85926846045696], [-92.5761267631546, 41.858998261181924], [-92.57612854746141, 41.85872806189407], [-92.57648998095529, 41.85872939522268], [-92.5768531957133, 41.858460528088145], [-92.57721640742864, 41.858191659778335], [-92.57757783795299, 41.85819298966982], [-92.57793926850167, 41.85819431842396], [-92.57830069907465, 41.858195646040784], [-92.57866212967193, 41.85819697252026], [-92.57902356029346, 41.85819829786241], [-92.57938499093925, 41.85819962206722], [-92.57974642160924, 41.85820094513469], [-92.58010785230347, 41.85820226706484], [-92.58047104899984, 41.85793338838124], [-92.58083424265362, 41.85766450852261], [-92.58047458088329, 41.85739298938997], [-92.58047634678877, 41.857122789875106], [-92.58083953580635, 41.85685390994072], [-92.5808413001423, 41.856583710387774], [-92.58120272178151, 41.85658502883135], [-92.58156238215126, 41.85685654571543], [-92.58192380535988, 41.85685786189686], [-92.58228698684373, 41.85658897733843], [-92.58228874507084, 41.85631877772303], [-92.5826519219671, 41.85604989196453], [-92.58301334068435, 41.856051204696996], [-92.58337475942561, 41.85605251629221], [-92.58373617819086, 41.85605382675018], [-92.58409759698009, 41.85605513607089], [-92.58445901579327, 41.85605644425436], [-92.58445726671718, 41.85632664395671], [-92.5848169394966, 41.856598150717105], [-92.58517836139998, 41.856599456650684], [-92.58553978332722, 41.85660076144699], [-92.58590294829364, 41.85633186536725], [-92.58626611021771, 41.85606296811288], [-92.58590643425268, 41.85579146585128], [-92.5862695930868, 41.85552256854673], [-92.58663274887869, 41.85525367006758], [-92.5869959016284, 41.85498477041387], [-92.58735731454799, 41.854986069450334], [-92.58771872749135, 41.85498736734959], [-92.5880818742043, 41.85471846422247], [-92.58844501787516, 41.85444955992091], [-92.58880642784759, 41.85445085438413], [-92.58916783784369, 41.85445214771016], [-92.58953097547779, 41.85418323993543], [-92.58989411006986, 41.853914330986356], [-92.59025724161995, 41.85364542086297], [-92.59061864714755, 41.85364670960379], [-92.59098177415832, 41.85337779715684], [-92.5913431782121, 41.853379083611216], [-92.59170630068357, 41.85311016884076], [-92.59206942011316, 41.85284125289614], [-92.59243082119562, 41.85284253591488], [-92.59279393608598, 41.852573617646925], [-92.59279564984696, 41.85230341748451], [-92.59315876015124, 41.85203449801758], [-92.59352186741383, 41.85176557737659], [-92.59388497163475, 41.85149665556159], [-92.59424807281407, 41.85122773257262], [-92.59460946491191, 41.85122900869642], [-92.59497085703312, 41.85123028368316], [-92.59533224917764, 41.85123155753282], [-92.595695342823, 41.85096262992269], [-92.59605843342685, 41.8506937011387], [-92.5964215209892, 41.850424771180904], [-92.59678290866452, 41.85042604044642], [-92.5967846055101, 41.85015584004931], [-92.59714768698957, 41.84988690774397], [-92.59714938226806, 41.84961670730929], [-92.59751245916233, 41.84934777380548], [-92.59751415287379, 41.84907757333323], [-92.59751584656206, 41.848807372848164], [-92.59751754022716, 41.848537172350305], [-92.59751923386911, 41.848266971839614], [-92.59788230154707, 41.84799803706316], [-92.59788399362213, 41.84772783651492], [-92.59788568567404, 41.847457635953866], [-92.59788737770282, 41.84718743538], [-92.59788906970843, 41.84691723479333], [-92.59789076169089, 41.846647034193836], [-92.5982538186097, 41.84637809812012], [-92.59825550902548, 41.84610789748309], [-92.59825719941811, 41.84583769683324], [-92.59825888978763, 41.845567496170595], [-92.5986202502091, 41.84556875953656], [-92.59862193903513, 41.845298558849194], [-92.59862362783808, 41.845028358149], [-92.59862531661791, 41.844758157436], [-92.59862700537464, 41.844487956710196], [-92.59862869410827, 41.844217755971584], [-92.5986303828188, 41.84394755522015], [-92.59863207150623, 41.843677354455906], [-92.59863376017054, 41.843407153678854], [-92.59863544881176, 41.84313695288899], [-92.59899848267194, 41.84286801419647], [-92.59900016974682, 41.84259781336908], [-92.59936319902351, 41.842328873478536], [-92.59972622526001, 41.842059932414685], [-92.60008756601091, 41.84206119107904], [-92.60045058771017, 41.84179224769339], [-92.600811926987, 41.8417935040725], [-92.60117494414907, 41.84152455836511], [-92.60153795827102, 41.84125561148459], [-92.60189929457664, 41.841256864429994], [-92.60226230416146, 41.840987915227885], [-92.60262531070627, 41.840718964852705], [-92.6029883142111, 41.840450013304505], [-92.60334964604826, 41.840451261667916], [-92.60371264501605, 41.840182307798315], [-92.60407397537888, 41.84018355387669], [-92.6044353057645, 41.840184798818434], [-92.60479829869809, 41.83991584147917], [-92.60515962760928, 41.83991708413594], [-92.6055209565432, 41.83991832565609], [-92.60588228549982, 41.83991956603962], [-92.60624527090194, 41.83965060408256]]}}, {"type": "Feature", "properties": {}, "geometry": {"type": "LineString", "coordinates": [[-92.56326951369132, 41.83625275714361], [-92.56362898462524, 41.83652433024747], [-92.56362714913139, 41.83679453014009], [-92.56398662459914, 41.837066102120666], [-92.56434610310622, 41.83733767297779], [-92.5647055846527, 41.83760924271143], [-92.56506506923861, 41.83788081132154], [-92.56542455686399, 41.838152378808104], [-92.56578404752888, 41.8384239451711], [-92.56578222097798, 41.838694145051406], [-92.56578039440208, 41.83896434491889], [-92.56577856780119, 41.83923454477357], [-92.56577674117531, 41.83950474461542], [-92.56613624085918, 41.83977630985499], [-92.56613441570322, 41.84004650968407], [-92.5661325905223, 41.84031670950033], [-92.56613076531639, 41.84058690930375], [-92.5664902725249, 41.84085847341977], [-92.56684978277336, 41.84113003641204], [-92.56720929606179, 41.84140159828052], [-92.56756881239023, 41.841673159025184]]}}, {"type": "Feature", "properties": {}, "geometry": {"type": "LineString", "coordinates": [[-92.51700219267063, 41.83876958613226], [-92.51736351088437, 41.83877110493842], [-92.51772685783278, 41.838502424547805], [-92.51808817458229, 41.8385039410666], [-92.5184494913595, 41.838505456448864], [-92.51881080816445, 41.8385069706946], [-92.51917212499707, 41.83850848380383], [-92.51953344185736, 41.838509995776526], [-92.51989475874531, 41.83851150661269], [-92.52025405759224, 41.8387832144724], [-92.52061537605518, 41.83878472304975], [-92.520974679489, 41.839056428666225], [-92.52133599952687, 41.83905793498469], [-92.52169731959229, 41.839059440166615], [-92.52205863968524, 41.83906094421199], [-92.52241995980567, 41.83906244712082], [-92.5227812799536, 41.83906394889309], [-92.52314260012899, 41.83906544952882], [-92.52350191588617, 41.83933714729], [-92.52386323763623, 41.839338645666764], [-92.52422255798025, 41.83961034118436], [-92.52458388130492, 41.839611837302094], [-92.52494320623582, 41.839883530576046], [-92.52530453113503, 41.83988502443472], [-92.52566585606155, 41.83988651715683], [-92.52602518712652, 41.84015820706449], [-92.52638651362749, 41.840159697527476], [-92.5267478401557, 41.84016118685386], [-92.52710916671117, 41.84016267504366], [-92.52747049329383, 41.84016416209686], [-92.5278318199037, 41.840165648013475], [-92.52819314654074, 41.84016713279349], [-92.52855447320493, 41.840168616436905], [-92.52891778162616, 41.83989990050949], [-92.52927910682472, 41.83990138186575], [-92.52963845336022, 41.8401730605476], [-92.52999978013283, 41.840174539644636], [-92.53036110693246, 41.84017601760508], [-92.53072045960158, 41.840447692920044], [-92.53108178797515, 41.84044916862121], [-92.53144311637571, 41.84045064318576], [-92.53180444480324, 41.84045211661371], [-92.53216577325772, 41.84045358890505], [-92.53252513515413, 41.84072525860753], [-92.53288646518236, 41.84072672863951], [-92.53324779523744, 41.840728197534865], [-92.53360716326735, 41.84099986387006], [-92.53396653433715, 41.84127152908345], [-92.53432786751267, 41.84127299459658], [-92.5346872431692, 41.8415446575653], [-92.53504857791829, 41.84154612081894], [-92.53540795816157, 41.8418177815429], [-92.53576929448414, 41.84181924253701], [-92.5361286793142, 41.842090901016135]]}}, {"type": "Feature", "properties": {}, "geometry": {"type": "LineString", "coordinates": [[-92.35255114371397, 41.84336443498286], [-92.35291519993743, 41.84309628109979], [-92.35327925312103, 41.84282812602883], [-92.35364330326483, 41.842559969770015], [-92.35400735036886, 41.84229181232339], [-92.35436867825294, 41.84229384398458], [-92.35437139443316, 41.84202365368897], [-92.35473543545777, 41.84175549386681]]}}, {"type": "Feature", "properties": {}, "geometry": {"type": "LineString", "coordinates": [[-92.5090759144738, 41.835763709295136], [-92.50907384957539, 41.83603390713743], [-92.50907178464874, 41.8363041049669], [-92.50943102513392, 41.83657584647695], [-92.50942896167037, 41.836846044295285], [-92.50942689817859, 41.8371162421008], [-92.50942483465857, 41.837386439893464], [-92.50978408265715, 41.837658180288415], [-92.50978202060038, 41.83792837806994], [-92.50977995851538, 41.83819857583864], [-92.50977789640218, 41.83846877359449], [-92.50977583426078, 41.8387389713375], [-92.50977377209115, 41.83900916906769], [-92.50977170989331, 41.83927936678503], [-92.50976964766728, 41.839549564489516], [-92.50976758541302, 41.839819762181186], [-92.50940419790585, 41.840088417113996], [-92.5094021340753, 41.84035861476543], [-92.5090387419803, 41.84062726849234], [-92.5086753468455, 41.84089592104068], [-92.50867327989039, 41.841166118624486], [-92.5083098801675, 41.84143476996684], [-92.50794647740473, 41.84170342013053], [-92.50758307160197, 41.84197206911556], [-92.5075809999737, 41.842242266604266], [-92.5075789283171, 41.842512464080116], [-92.50721551637757, 41.84278111183155]]}}, {"type": "Feature", "properties": {}, "geometry": {"type": "LineString", "coordinates": [[-92.51700219267063, 41.83876958613226], [-92.5170001608964, 41.83903978415103], [-92.51699812909438, 41.83930998215697], [-92.51663477451925, 41.839578660164385], [-92.51663274114179, 41.839848858130324], [-92.51626938197933, 41.84011753493251], [-92.51626734702636, 41.840387732858424], [-92.51626531204556, 41.84065793077151], [-92.51662460735378, 41.840929649865686], [-92.51698390570188, 41.841201367839076], [-92.51698187367748, 41.84147156574233], [-92.51697984162526, 41.841741763632726], [-92.51697780954527, 41.84201196151031], [-92.51697577743745, 41.842282159375046], [-92.51697374530185, 41.84255235722694], [-92.51697171313846, 41.842822555066], [-92.51733102347984, 41.84309427192747], [-92.51732899278093, 41.84336446975518], [-92.51732696205426, 41.84363466757006], [-92.51768627842056, 41.84390638331356], [-92.51804762556908, 41.843907900118275]]}}, {"type": "Feature", "properties": {}, "geometry": {"type": "LineString", "coordinates": [[-92.55676973136681, 41.83568744588406], [-92.55676786707636, 41.83595764556737], [-92.55640469683875, 41.83622645044675], [-92.55640283097769, 41.83649665009125], [-92.55640096509109, 41.83676684972293], [-92.55639909917898, 41.83703704934179], [-92.55603592126663, 41.83730585296765], [-92.55603405378375, 41.83757605254771], [-92.55567087128676, 41.83784485497192], [-92.55566900223307, 41.838115054513146], [-92.55530581515131, 41.838383855735685], [-92.5553039445267, 41.83865405523808], [-92.55530207387649, 41.83892425472766], [-92.5549388806644, 41.83919305472243], [-92.55493700844318, 41.83946325417317], [-92.55493513619635, 41.83973345361108], [-92.55457193685362, 41.840002252378], [-92.55420873447112, 41.84027104996909], [-92.5538455290488, 41.84053984638428], [-92.55384365213969, 41.84081004573127], [-92.55384177520489, 41.84108024506542], [-92.55347856365141, 41.84134904025259], [-92.55347668514526, 41.84161923954787], [-92.5534748066134, 41.84188943883031], [-92.55347292805584, 41.84215963809993], [-92.55347104947259, 41.842429837356725], [-92.55383051305687, 41.84270144080102], [-92.55382863594232, 41.8429716400454], [-92.55382675880209, 41.843241839276956], [-92.55382488163617, 41.843512038495696], [-92.55418435274406, 41.84378364081813], [-92.55418247704698, 41.84405384002444], [-92.55418060132423, 41.84432403921792], [-92.55417872557584, 41.84459423839858], [-92.55417684980176, 41.84486443756642], [-92.55417497400204, 41.84513463672144], [-92.55417309817665, 41.845404835863626]]}}, {"type": "Feature", "properties": {}, "geometry": {"type": "LineString", "coordinates": [[-92.48112268239649, 41.85212341020173], [-92.48148625594186, 41.85185484635833], [-92.48184764582408, 41.85185647729668], [-92.48221121483706, 41.85158791112026], [-92.48257478080865, 41.851319343763244], [-92.48257695832928, 41.85104914774445], [-92.48294051970898, 41.85078057917869], [-92.48330407804738, 41.85051200943243], [-92.4836676333445, 41.850243438505686], [-92.48403118560039, 41.849974866398505], [-92.48403335688974, 41.84970467025417], [-92.48439690455417, 41.849436096938426], [-92.48439907426356, 41.8491659007531], [-92.48476261733667, 41.84889732622885], [-92.48512615736875, 41.848628750524284], [-92.48548969435987, 41.84836017363941], [-92.48585322831002, 41.848091595574296], [-92.48621675921927, 41.847823016328924], [-92.4865781266789, 41.84782463225733], [-92.48694165305642, 41.847556050679685], [-92.48730301905472, 41.84755766431912], [-92.48766438508252, 41.84755927682169], [-92.48766654090055, 41.84728908040926], [-92.48802790543745, 41.84729069175978], [-92.48838927000381, 41.847292301973454], [-92.48839142275155, 41.84702210551779], [-92.48875493702494, 41.84675351809577], [-92.4891184482576, 41.84648492949375], [-92.48947980835118, 41.8464865362514], [-92.48984331505225, 41.846217945317434]]}}, {"type": "Feature", "properties": {}, "geometry": {"type": "LineString", "coordinates": [[-92.36446983150502, 41.8439714137413], [-92.36482849721781, 41.84424360331079], [-92.36518716597067, 41.844515791768366], [-92.3655485071567, 41.844517788346145], [-92.36590718050623, 41.844789974573956], [-92.36626585689591, 41.84506215968981], [-92.36590184465066, 41.84533035610871], [-92.36589917666815, 41.84560054685674], [-92.36589650864912, 41.84587073759188], [-92.36625785750867, 41.84587273199031], [-92.36661654138952, 41.846144916011845], [-92.36697789184218, 41.846146908155596], [-92.36733658032001, 41.84641908994709], [-92.36769793236573, 41.84642107983613], [-92.36805662544054, 41.84669325939752], [-92.36841797907925, 41.846695247031796], [-92.3687766767511, 41.84696742436297], [-92.36913803198273, 41.846969409742435], [-92.36949938725066, 41.846971393985136], [-92.36985809107611, 41.84724356796795]]}}, {"type": "Feature", "properties": {}, "geometry": {"type": "LineString", "coordinates": [[-92.39484781514145, 41.84143342814871], [-92.394845269293, 41.84170362056002], [-92.394481394533, 41.84197190863154], [-92.394478847095, 41.84224210099914], [-92.39447629962217, 41.842512293353856], [-92.3944737521145, 41.842782485695686], [-92.39447120457194, 41.84305267802464], [-92.39410732055298, 41.84332096478742], [-92.39374343349401, 41.843589250364715], [-92.39337954339506, 41.84385753475653], [-92.39337699115298, 41.84412772698004], [-92.393374438876, 41.844397919190676], [-92.39301054262698, 41.84466620233521], [-92.39300798876005, 41.84493639450208], [-92.3930054348582, 41.84520658665606], [-92.39300288092137, 41.84547677879716], [-92.39300032694965, 41.84574697092537], [-92.39299777294295, 41.84601716304072], [-92.39299521890133, 41.84628735514317], [-92.39299266482477, 41.846557547232734], [-92.39299011071326, 41.84682773930943], [-92.39298755656681, 41.847097931373234], [-92.3926236432813, 41.8473662130542], [-92.39262108754465, 41.84763640507424]]}}, {"type": "Feature", "properties": {}, "geometry": {"type": "LineString", "coordinates": [[-92.48112268239649, 41.85212341020173], [-92.480763476267, 41.85185158107052], [-92.48076566145086, 41.85158138515429], [-92.48040645985364, 41.851309554906564], [-92.4800450731324, 41.85130791945091], [-92.4796858761272, 41.85103608696255], [-92.47932668216336, 41.850764253355216], [-92.4793288733102, 41.850494057449275], [-92.47896968387829, 41.850222222725584], [-92.47861049748762, 41.84995038688298], [-92.4782513141381, 41.84967854992151], [-92.47825350972671, 41.849408354010535], [-92.47789433090884, 41.849136515932834], [-92.47753515513202, 41.84886467673633], [-92.4775373536715, 41.84859448081778], [-92.4775395521809, 41.848324284886374]]}}, {"type": "Feature", "properties": {}, "geometry": {"type": "LineString", "coordinates": [[-92.43880939956863, 41.85543712805375], [-92.43917316759216, 41.855168699498805], [-92.43953693257379, 41.854900269760584], [-92.43953929150456, 41.854630075823934], [-92.43954165040303, 41.85435988187442], [-92.43918260933428, 41.854087923792996], [-92.43882357130727, 41.85381596459487], [-92.43882593315061, 41.85354577064004], [-92.43918969030179, 41.85327734187857], [-92.43955108567424, 41.85327910594773], [-92.43991248107896, 41.85328086887982], [-92.44027387651595, 41.853282630674855], [-92.44063762615988, 41.85301419726916], [-92.44100137276224, 41.85274576268038], [-92.44100372535182, 41.85247556857441], [-92.4410060779092, 41.85220537445558], [-92.44064704253674, 41.85193342088592], [-92.44064939655046, 41.85166322675794], [-92.44065175053194, 41.85139303261712], [-92.44065410448123, 41.85112283846341], [-92.44065645839831, 41.85085264429684], [-92.44065881228319, 41.850582450117415], [-92.44066116613587, 41.850312255925125]]}}, {"type": "Feature", "properties": {}, "geometry": {"type": "LineString", "coordinates": [[-92.44313926023337, 41.8562688192265], [-92.44350067268984, 41.85627057096954], [-92.44386208517835, 41.856272321575396], [-92.44422583701768, 41.856003876956535], [-92.44422817630446, 41.85573368285614], [-92.44423051555923, 41.85546348874287], [-92.44423285478199, 41.855193294616754], [-92.44423519397276, 41.854923100477784], [-92.44423753313151, 41.85465290632593], [-92.44423987225827, 41.85438271216123], [-92.44460361173792, 41.85411426618331], [-92.44460594927979, 41.853844071976404], [-92.44496968416485, 41.85357562478625], [-92.44497202012195, 41.85330543053715], [-92.4453357504126, 41.8530369821348], [-92.44569714481001, 41.85303872685737], [-92.44606087057021, 41.85277027611872], [-92.44606320186914, 41.852500081781685], [-92.44642692303513, 41.852231629830975], [-92.44679064115968, 41.851963176697545], [-92.44643158243211, 41.851691241059775], [-92.4464339120828, 41.851421046654885], [-92.44679762554968, 41.851152593433625], [-92.44716133597525, 41.850884139029695], [-92.44752504335958, 41.85061568344315], [-92.44788874770266, 41.850347226674], [-92.44825012711617, 41.85034896327345], [-92.44861150656142, 41.85035069873594], [-92.44897288603842, 41.85035243306147], [-92.44933426554715, 41.85035416625005], [-92.44969332924978, 41.85062609290534], [-92.4500547103425, 41.85062782383632], [-92.45041609146688, 41.85062955363034], [-92.4507774726229, 41.85063128228739], [-92.45113885381055, 41.850633009807474], [-92.45149792676342, 41.85090493086285]]}}, {"type": "Feature", "properties": {}, "geometry": {"type": "LineString", "coordinates": [[-92.4308344858368, 41.85809993727066], [-92.43083688166281, 41.85782974389047], [-92.43083927745604, 41.85755955049739], [-92.43084167321649, 41.857289357091474], [-92.43084406894417, 41.857019163672675], [-92.43084646463906, 41.85674897024101], [-92.43084886030117, 41.85647877679647], [-92.43085125593052, 41.856208583339075], [-92.43049224172643, 41.855936598341295], [-92.43085604709087, 41.855668196385665], [-92.43085844262188, 41.85539800288966], [-92.43086083812013, 41.85512780938079], [-92.43050182986875, 41.854855824399095], [-92.43014282465923, 41.85458383830118], [-92.43014522310092, 41.85431364478749], [-92.43014762150979, 41.85404345126093], [-92.43015001988584, 41.8537732577215], [-92.4297910221822, 41.85350127051954], [-92.42979342201343, 41.85323107697128], [-92.42979582181184, 41.85296088341014], [-92.42979822157741, 41.85269068983615], [-92.42980062131015, 41.85242049624929]]}}, {"type": "Feature", "properties": {}, "geometry": {"type": "LineString", "coordinates": [[-92.29603839793808, 41.85627200413319], [-92.29603543488102, 41.85654219050958], [-92.29603247178339, 41.85681237687305], [-92.2963909154558, 41.857084777901036], [-92.29674936217006, 41.8573571778207], [-92.29674640199275, 41.85762736418714], [-92.29710781192624, 41.857629576632036], [-92.29746626472435, 41.857901974335], [-92.29782767625976, 41.85790418452644], [-92.29818613366132, 41.85817658000465], [-92.2985475467986, 41.858178787942606], [-92.29891191110855, 41.85791080827786], [-92.2992762723765, 41.85764282742143], [-92.2996406306025, 41.85737484537337], [-92.30000498578659, 41.85710686213371], [-92.30000793219459, 41.85683667555413], [-92.30001087856228, 41.85656648896163], [-92.30037522758208, 41.85629850446305], [-92.30073957356012, 41.85603051877293], [-92.3007425167652, 41.85576033210016], [-92.30110685814044, 41.85549234518492], [-92.30110979974417, 41.85522215846556]]}}, {"type": "Feature", "properties": {}, "geometry": {"type": "LineString", "coordinates": [[-92.34162527257878, 41.85167868811714], [-92.34198942157495, 41.85141056991798], [-92.3423507999079, 41.85141263974918], [-92.3427094121393, 41.851684897669266], [-92.34306802741185, 41.851957154478505], [-92.34342664572559, 41.85222941017686], [-92.34342388251389, 41.85249959940294], [-92.34378526708055, 41.85250166476428], [-92.34414389147679, 41.85277391824077], [-92.34414113123081, 41.85304410747997], [-92.34449976015131, 41.853316359851995], [-92.34486114939327, 41.85331842186074], [-92.3448583921132, 41.853588611113004], [-92.34521702711653, 41.853860861262966], [-92.34557566516135, 41.85413311030183], [-92.34593430624771, 41.85440535822956], [-92.34629295037563, 41.85467760504614], [-92.3466543474098, 41.85467966146677], [-92.34701574448157, 41.85468171675033], [-92.34737714159095, 41.854683770896834], [-92.34773579343576, 41.85495601324914], [-92.3480971921411, 41.854958065140856], [-92.34846133314448, 41.85468992651398], [-92.34882547110625, 41.85442178669849], [-92.34918960602643, 41.85415364569441], [-92.3495510003194, 41.854155692979944], [-92.34991239464982, 41.85415773912844], [-92.35027378901768, 41.854159784139895], [-92.35063518342294, 41.854161828014306], [-92.3509965778656, 41.85416387075167], [-92.3513552423264, 41.85443610191358], [-92.35171663836458, 41.85443814239609], [-92.35207530742512, 41.85471037132868], [-92.35207258037286, 41.85498056090291], [-92.3524312539586, 41.85525278873028], [-92.35242852835258, 41.855522978297934], [-92.35206439899223, 41.855791129548216], [-92.35206167179074, 41.85606131907085], [-92.35205894455193, 41.85633150858058], [-92.35169480903326, 41.85659965857817], [-92.35133067047266, 41.85686780738726], [-92.35132794007993, 41.85713799681983]]}}, {"type": "Feature", "properties": {}, "geometry": {"type": "LineString", "coordinates": [[-92.47925874173984, 41.85914032006619], [-92.47962017251007, 41.85914195824359], [-92.47998160331025, 41.859143595283676], [-92.48034303414038, 41.85914523118644], [-92.48070227897931, 41.85941706150833], [-92.48106371139059, 41.859418695151845], [-92.48142514383176, 41.85942032765803], [-92.4817865763028, 41.85942195902688], [-92.48214800880369, 41.8594235892584], [-92.4825094413344, 41.859425218352584], [-92.48286869697186, 41.859697041945275], [-92.4832301310835, 41.85969866878012], [-92.48359156522491, 41.859700294477626], [-92.48395299939605, 41.85970191903778], [-92.48431226272949, 41.85997373814485], [-92.48467369848143, 41.8599753604456], [-92.48503513426303, 41.859976981609], [-92.48539657007431, 41.85997860163504], [-92.48575800591523, 41.859980220523724], [-92.48611944178576, 41.859981838275054], [-92.48648087768588, 41.85998345488901], [-92.4868423136156, 41.859985070365624], [-92.48720374957486, 41.85998668470487], [-92.48756518556367, 41.85998829790677], [-92.48792662158199, 41.8599899099713], [-92.4882880576298, 41.85999152089846], [-92.48864949370709, 41.85999313068828], [-92.48901092981383, 41.85999473934073], [-92.48937236595, 41.859996346855816], [-92.48973380211558, 41.859997953233545], [-92.49009738483625, 41.85972936254628], [-92.49045667453491, 41.86000116257692], [-92.4908181107886, 41.86000276554257], [-92.49117954707162, 41.86000436737085], [-92.49154098338394, 41.86000596806177], [-92.49190241972556, 41.860007567615334], [-92.49226385609644, 41.86000916603153], [-92.49262529249657, 41.86001076331036], [-92.49298672892593, 41.860012359451844]]}}, {"type": "Feature", "properties": {}, "geometry": {"type": "LineString", "coordinates": [[-92.50661954929392, 41.87331178829936], [-92.50662162722915, 41.873041592316525], [-92.50662370513596, 41.87277139632083], [-92.50698729057336, 41.872502752769364], [-92.50698936690097, 41.87223255673337], [-92.50735294774294, 41.87196391197447], [-92.50771652554027, 41.87169526603567], [-92.50808010029304, 41.871426618916985], [-92.50844367200126, 41.87115797061844], [-92.50844574209785, 41.87088777445982], [-92.50880930921103, 41.87061912495404], [-92.50881137772878, 41.870348928755156], [-92.5088134462182, 41.870078732543426], [-92.50917700718603, 41.86981008180307], [-92.50954056510953, 41.869541429882965], [-92.50954263046982, 41.869271233603605], [-92.50954469580186, 41.869001037311406], [-92.50954676110563, 41.86873084100636], [-92.50991031133388, 41.86846218782443], [-92.50991237505909, 41.86819199147916], [-92.50991443875607, 41.86792179512104], [-92.51027798283977, 41.86765314070473], [-92.5102800449583, 41.86738294430642], [-92.51028210704861, 41.86711274789525], [-92.5102841691107, 41.86684255147125], [-92.51028623114459, 41.866572355034414], [-92.51064976598379, 41.86630369932909], [-92.51101329777921, 41.86603504244426], [-92.51101535668477, 41.86576484593988], [-92.51101741556212, 41.865494649422644], [-92.51065800763698, 41.8652229133439], [-92.51066006797979, 41.864952716815495], [-92.51066212829441, 41.86468252027426], [-92.51066418858085, 41.864412323720195], [-92.51066624883909, 41.864142127153286], [-92.51066830906913, 41.86387193057354], [-92.51103182691497, 41.86360327344254], [-92.51103388556699, 41.86333307682261], [-92.51103594419084, 41.86306288018984], [-92.51103800278652, 41.86279268354421], [-92.51104006135402, 41.86252248688576], [-92.51140356995742, 41.86225382846605], [-92.51140562694704, 41.861983631767416], [-92.51176913095762, 41.861714972141115], [-92.51177118636944, 41.86144477540231], [-92.51177324175313, 41.86117457865067], [-92.51177529710871, 41.86090438188619]]}}, {"type": "Feature", "properties": {}, "geometry": {"type": "LineString", "coordinates": [[-92.56198102900352, 41.866240736199074], [-92.56198287332433, 41.86597053775594], [-92.56162324555703, 41.86569896013944], [-92.56126362083349, 41.865427381398504], [-92.56126546812227, 41.8651571829429], [-92.56090584793898, 41.86488560307776], [-92.56054623079932, 41.864614022088254], [-92.56018661670325, 41.864342439974415], [-92.5598270056507, 41.864070856736284], [-92.55946739764165, 41.86379927237386], [-92.55910779267607, 41.86352768688724], [-92.5591096489181, 41.86325748842015], [-92.55911150513474, 41.86298728994025], [-92.55911336132596, 41.86271709144753], [-92.55875376389254, 41.86244550483746], [-92.5587556215546, 41.86217530633217], [-92.55875747919123, 41.86190510781406], [-92.55839788779339, 41.8616335200804], [-92.55839974690073, 41.86136332154974]]}}, {"type": "Feature", "properties": {}, "geometry": {"type": "LineString", "coordinates": [[-92.39828891234187, 41.8598254753415], [-92.39793001725145, 41.85955338949313], [-92.39757112520354, 41.85928130253031], [-92.39757366114726, 41.85901111081302], [-92.39721223619807, 41.85900921445306], [-92.39685335023499, 41.85873712526144], [-92.39649192687645, 41.858735226644846], [-92.39613050355267, 41.85873332689099], [-92.39576908026366, 41.858731425999885], [-92.39540765700944, 41.85872952397152], [-92.39504623379007, 41.8587276208059], [-92.39468481060553, 41.85872571650303], [-92.39432338745583, 41.858723811062916], [-92.39396196434103, 41.858721904485535], [-92.39360054126114, 41.85871999677091], [-92.39323911821617, 41.85871808791902], [-92.39287769520615, 41.85871617792989], [-92.39251371502546, 41.85898445828245], [-92.39251115778482, 41.85925464974853], [-92.39250860050919, 41.85952484120171], [-92.39214461417366, 41.859793120306286], [-92.39178062479562, 41.86006139822461], [-92.391416632375, 41.86032967495667], [-92.39105263691181, 41.86059795050242], [-92.39069120346319, 41.86059603356331], [-92.39032720347114, 41.86086430676733], [-92.38996320043641, 41.861132578784954], [-92.38959919435896, 41.86140084961616], [-92.38923775648682, 41.86139892807342]]}}, {"type": "Feature", "properties": {}, "geometry": {"type": "LineString", "coordinates": [[-92.39828891234187, 41.8598254753415], [-92.39828637933661, 41.86009566705586], [-92.3986452789562, 41.8603677517947], [-92.39864274740293, 41.86063794350113], [-92.39864021581504, 41.86090813519469], [-92.3986376841925, 41.86117832687536], [-92.39863515253532, 41.861448518543156], [-92.39863262084351, 41.86171871019807], [-92.39826864732935, 41.861987008695685], [-92.39826611404682, 41.86225720030698], [-92.39862502556024, 41.86252928508553], [-92.39862249372986, 41.86279947668892], [-92.39861996186485, 41.86306966827942]]}}, {"type": "Feature", "properties": {}, "geometry": {"type": "LineString", "coordinates": [[-92.53119453964354, 41.87449555390429], [-92.53155605974435, 41.87449702908319], [-92.53191955134591, 41.87422830619425], [-92.53228303990247, 41.873959582126744], [-92.53264652541405, 41.873690856880714], [-92.53301000788068, 41.87342213045619], [-92.53337348730243, 41.87315340285323], [-92.53337545255165, 41.87288320580371], [-92.53337741777399, 41.872613008741354], [-92.53337938296943, 41.872342811666186], [-92.53338134813798, 41.87207261457817], [-92.53338331327964, 41.87180241747733], [-92.5333852783944, 41.87153222036366], [-92.53338724348228, 41.87126202323715], [-92.53375070901461, 41.87099329426906], [-92.53411417150242, 41.870724564122646], [-92.53411613346518, 41.87045436692998], [-92.53447959135944, 41.87018563557863], [-92.53448155174632, 41.86991543834649], [-92.53448351210636, 41.86964524110151], [-92.53448547243958, 41.86937504384371], [-92.53484892264255, 41.869106311234205], [-92.53485088140003, 41.86883611393693], [-92.5348528401307, 41.86856591662683], [-92.53485479883457, 41.86829571930388], [-92.5352182413467, 41.86802698543632], [-92.53485871616189, 41.8677553246195], [-92.53486067478535, 41.86748512725807], [-92.53486263338202, 41.8672149298838], [-92.53486459195187, 41.86694473249669], [-92.53486655049494, 41.86667453509677], [-92.5348685090112, 41.86640433768401], [-92.53523194068202, 41.866135603630084], [-92.53523389762282, 41.865865406177875], [-92.53559732470123, 41.865596670919295], [-92.53596074873596, 41.865327934482735], [-92.53632416972704, 41.8650591968682], [-92.53668758767449, 41.86479045807575], [-92.5370510025784, 41.864521718105415], [-92.53741441443877, 41.86425297695722], [-92.53777782325565, 41.86398423463118]]}}, {"type": "Feature", "properties": {}, "geometry": {"type": "LineString", "coordinates": [[-92.56015328081702, 41.86920601020189], [-92.56051477256483, 41.86920739408249], [-92.56087626433798, 41.86920877682532], [-92.5612377561364, 41.869210158430384], [-92.56159740181432, 41.86948173717395], [-92.56195705053656, 41.86975331479292]]}}, {"type": "Feature", "properties": {}, "geometry": {"type": "LineString", "coordinates": [[-92.36446983150502, 41.8439714137413], [-92.36446715762492, 41.84424160447851], [-92.36446448370822, 41.84451179520282], [-92.36410046715854, 41.84477998590759], [-92.3640977916486, 41.845050176587264], [-92.36409511610206, 41.84532036725405], [-92.36409244051895, 41.84559055790791], [-92.36408976489919, 41.84586074854891], [-92.36444843943987, 41.84613293927789], [-92.3644457652671, 41.846403129911934], [-92.36444309105777, 41.84667332053309], [-92.36480177160604, 41.846945510162044], [-92.36479909884376, 41.847215700776246], [-92.36479642604492, 41.84748589137756], [-92.36479375320951, 41.84775608196597], [-92.36479108033754, 41.848026272541496], [-92.364788407429, 41.84829646310412], [-92.36514709843645, 41.84856865165078], [-92.36514442697515, 41.84883884220645], [-92.36478038848396, 41.84910703471465], [-92.36441902152721, 41.84910503554321], [-92.3640549785114, 41.84937322570828], [-92.36405230237916, 41.84964341616873], [-92.36404962621029, 41.8499136066163], [-92.36404695000482, 41.85018379705097], [-92.36440564828516, 41.8504559878753], [-92.36404159748402, 41.85072417788162], [-92.3640389211687, 41.850994368277604], [-92.36403624481677, 41.85126455866069], [-92.36367486576935, 41.85126255706462], [-92.36331080732887, 41.851530744664075], [-92.36330812786251, 41.85180093498362], [-92.3633054483595, 41.85207112529028], [-92.36330276881982, 41.85234131558405], [-92.36330008924348, 41.852611505864914], [-92.36329740963049, 41.85288169613289], [-92.36329472998082, 41.85315188638796], [-92.3632920502945, 41.85342207663014], [-92.36328937057152, 41.853692266859426], [-92.36328669081189, 41.85396245707582], [-92.36328401101558, 41.85423264727932], [-92.3632813311826, 41.854502837469916], [-92.36327865131297, 41.85477302764762], [-92.36363737170741, 41.85504522080972], [-92.36363469328532, 41.855315410980516], [-92.36363201482656, 41.85558560113842], [-92.36362933633119, 41.855855791283425], [-92.3632652514148, 41.85612397834271], [-92.36326257132517, 41.856394168443046], [-92.36362130062513, 41.85666636164106], [-92.36398003296705, 41.85693855372678], [-92.36433876835098, 41.857210744700154], [-92.36469750677696, 41.85748293456119], [-92.36505624824504, 41.85775512330983], [-92.36541499275525, 41.858027310946035], [-92.36577641000626, 41.85802930732778], [-92.36613782729383, 41.85803130257233], [-92.36649657796144, 41.85830348685928], [-92.36649391126853, 41.85857367702598], [-92.3664912445391, 41.85884386717979], [-92.36685000121828, 41.85911605036599], [-92.36720876093982, 41.8593882324396], [-92.36720609714337, 41.8596584225923], [-92.36720343331045, 41.8599286127321], [-92.3672007694411, 41.860198802859], [-92.36719810553531, 41.86046899297302], [-92.36755687423847, 41.86074117395749], [-92.3675542117811, 41.86101136406448], [-92.36755154928727, 41.86128155415858], [-92.36754888675704, 41.861551744239776], [-92.36754622419036, 41.861821934308104], [-92.36754356158725, 41.8620921243635], [-92.36754089894772, 41.862362314406035], [-92.36789967960323, 41.86263449431298], [-92.3682584633016, 41.86290667310713], [-92.36861725004293, 41.863178850788486], [-92.36897603982723, 41.86345102735698], [-92.36933483265456, 41.863723202812594], [-92.36969362852493, 41.863995377155284], [-92.37005242743842, 41.864267550385044], [-92.37041122939507, 41.864539722501824], [-92.37040857860048, 41.86480991257805], [-92.37076738508568, 41.865082083587595], [-92.37112619461415, 41.86535425348409], [-92.37148500718595, 41.86562642226751], [-92.37184382280111, 41.8658985899378], [-92.371841177912, 41.866168780024175], [-92.37219999805613, 41.86644094658707], [-92.37219735461639, 41.866711136666304], [-92.3725561792896, 41.86698330212171], [-92.37291500700637, 41.8672554664639], [-92.37327383776677, 41.86752762969283], [-92.37327119874789, 41.867797819776314], [-92.37363003403769, 41.868069981897634], [-92.37398887237126, 41.86834214290561], [-92.3743477137486, 41.868614302800225], [-92.37434507915104, 41.868884492887865], [-92.37434244451742, 41.869154682962616], [-92.37470129191041, 41.86942684175514], [-92.3746986587267, 41.86969703182267]]}}, {"type": "Feature", "properties": {}, "geometry": {"type": "LineString", "coordinates": [[-92.40731468301021, 41.86095322774453], [-92.40695074985138, 41.86122155405589], [-92.40694825318609, 41.861491746131115], [-92.40694575648666, 41.861761938193474], [-92.40658181717389, 41.862030263258475], [-92.40657931888467, 41.862300455277456], [-92.40657682056126, 41.86257064728359], [-92.40657432220367, 41.86284083927684], [-92.4065718238119, 41.86311103125719], [-92.40656932538595, 41.8633812232247], [-92.40656682692581, 41.863651415179305], [-92.40656432843149, 41.863921607121036], [-92.40656182990298, 41.864191799049884], [-92.40655933134028, 41.86446199096586], [-92.40655683274339, 41.86473218286897], [-92.40655433411231, 41.86500237475919], [-92.40655183544706, 41.86527256663654], [-92.40654933674762, 41.865542758501], [-92.40654683801397, 41.86581295035259], [-92.40654433924614, 41.8660831421913], [-92.4065418404441, 41.866353334017134], [-92.40653934160791, 41.86662352583009], [-92.40617787319535, 41.866621657408864], [-92.40617537280313, 41.86689184919133], [-92.40617287237671, 41.86716204096092], [-92.40617037191608, 41.86743223271763], [-92.40652934592113, 41.86770429295314], [-92.40652684691396, 41.86797448470171], [-92.40652434787259, 41.86824467643739], [-92.40652184879703, 41.868514868160204], [-92.40651934968726, 41.868785059870135], [-92.40651685054331, 41.86905525156719], [-92.40651435136516, 41.86932544325136], [-92.4065118521528, 41.86959563492265], [-92.40650935290626, 41.86986582658108], [-92.40650685362552, 41.87013601822663], [-92.40650435431057, 41.87040620985929], [-92.40614036371957, 41.87067453279368]]}}, {"type": "Feature", "properties": {}, "geometry": {"type": "LineString", "coordinates": [[-92.48856551889489, 41.87053075948263], [-92.48856336510528, 41.870800954835794], [-92.48856121128618, 41.87107115017612], [-92.48855905743761, 41.8713413455036], [-92.48855690355958, 41.871611540818236], [-92.48855474965208, 41.87188173612001], [-92.48855259571509, 41.87215193140896], [-92.48855044174863, 41.872422126685045]]}}, {"type": "Feature", "properties": {}, "geometry": {"type": "LineString", "coordinates": [[-92.44733196063048, 41.8730417825683], [-92.4473296329954, 41.87331197599347], [-92.44732730532847, 41.87358216940578], [-92.44732497762968, 41.873852362805216], [-92.44732264989905, 41.8741225561918], [-92.44732032213656, 41.87439274956552], [-92.44767951066113, 41.87466468213749], [-92.4476771843574, 41.87493487550188], [-92.44803637741757, 41.875206806959376], [-92.4480340525727, 41.875477000314405]]}}, {"type": "Feature", "properties": {}, "geometry": {"type": "LineString", "coordinates": [[-92.41312731865841, 41.85774061586113], [-92.41312484829633, 41.85801080840124], [-92.4127634279587, 41.85800896101368], [-92.4123995342167, 41.85827730498128], [-92.4120356374324, 41.8585456477639], [-92.41203316240532, 41.8588158402131], [-92.41239211369907, 41.859087882381196], [-92.41275106803529, 41.85935992343403], [-92.41274859594914, 41.85963011587947], [-92.4131075548153, 41.859902155821494], [-92.41346651672403, 41.860174194648145], [-92.41382548167537, 41.8604462323594], [-92.41382301401795, 41.86071642480555], [-92.41382054632675, 41.86098661723884], [-92.41381807860179, 41.86125680965924], [-92.41381561084309, 41.861527002066765], [-92.4141745847876, 41.861799038680616], [-92.41453356177499, 41.862071074178964], [-92.41489500510092, 41.86207291614074], [-92.41525644846054, 41.86207475696512], [-92.4152539866864, 41.86234494940348], [-92.41561297131481, 41.862616981550644], [-92.41561051099481, 41.86288717398061], [-92.41596950015412, 41.863159205016586], [-92.41596704128831, 41.863429397438146], [-92.41632603497862, 41.86370142736291], [-92.4166850317121, 41.863973456171955], [-92.4170440314888, 41.86424548386526], [-92.41740303430873, 41.864517510442795], [-92.41776204017197, 41.86478953590453], [-92.4177595887127, 41.865059728335325], [-92.4177571372199, 41.86532992075324], [-92.41775468569355, 41.86560011315829], [-92.41775223413366, 41.865870305550466], [-92.41774978254021, 41.86614049792977], [-92.41810879888777, 41.86641252229762], [-92.4177448792527, 41.86668088264975], [-92.41774242755861, 41.86695107499044], [-92.41773997583098, 41.867221267318236], [-92.41773752406982, 41.86749145963317], [-92.41809654785888, 41.867763484023], [-92.41809409755253, 41.86803367632947], [-92.41773016858502, 41.868302036500744], [-92.41808919683923, 41.868574060903754], [-92.41808674643228, 41.86884425317159], [-92.41844577921887, 41.86911627646297], [-92.41844333026688, 41.86938646872232], [-92.41844088128138, 41.869656660968786], [-92.41879992008904, 41.86992868315287], [-92.41879747255861, 41.870198875390855], [-92.41879502499467, 41.87046906761595], [-92.41879257739724, 41.87073925982818], [-92.41879012976632, 41.871009452027536], [-92.41878768210191, 41.87127964421402], [-92.41914673139695, 41.87155166530382], [-92.41914428518774, 41.8718218574818], [-92.41914183894508, 41.872092049646895], [-92.41913939266894, 41.872362241799124], [-92.41913694635933, 41.872632433938485], [-92.41913450001624, 41.872902626064956], [-92.41913205363967, 41.87317281817857], [-92.41912960722962, 41.8734430102793], [-92.4191271607861, 41.87371320236717], [-92.4191247143091, 41.873983394442156], [-92.41912226779864, 41.874253586504274], [-92.4191198212547, 41.87452377855351], [-92.41911737467727, 41.87479397058988], [-92.41911492806636, 41.87506416261338], [-92.41911248142198, 41.87533435462399], [-92.41911003474411, 41.875604546621744], [-92.41910758803276, 41.87587473860661], [-92.41910514128794, 41.87614493057862], [-92.41910269450963, 41.87641512253775], [-92.41910024769784, 41.876685314484], [-92.41909780085257, 41.876955506417396], [-92.4190953539738, 41.87722569833789], [-92.41909290706157, 41.87749589024553], [-92.41945199215819, 41.87776791031497]]}}, {"type": "Feature", "properties": {}, "geometry": {"type": "LineString", "coordinates": [[-92.44733196063048, 41.8730417825683], [-92.44696812432039, 41.87331023572643], [-92.44660428496557, 41.87357868770103], [-92.446240442566, 41.87384713849204], [-92.44587659712164, 41.87411558809945], [-92.44551274863244, 41.87438403652322], [-92.44515357092446, 41.8741120972259], [-92.44478971945435, 41.874380543340955], [-92.44478738100285, 41.87465073658676], [-92.4444235249334, 41.874919181488764], [-92.44405966581898, 41.875187625207005], [-92.44405732422648, 41.87545781838125], [-92.44405498260193, 41.87572801154265], [-92.4436934605125, 41.875726260886346], [-92.44333193845512, 41.87572450909209], [-92.44297041642984, 41.87572275615987], [-92.4429680702056, 41.87599294925886], [-92.44296572394926, 41.876263142344996], [-92.44260185109991, 41.87653158129849], [-92.44223797520536, 41.87680001906805], [-92.44187409626558, 41.877068455653664], [-92.4415102142805, 41.877336891055265], [-92.44150786177293, 41.877607084010876], [-92.44150550923317, 41.87787727695363], [-92.4415031566612, 41.878147469883515], [-92.44150080405706, 41.87841766280054], [-92.4418599900666, 41.87868961337096], [-92.44185763892084, 41.87895980627881], [-92.4418552877429, 41.87922999917381], [-92.44149374605142, 41.87922824147441], [-92.44112985013638, 41.87949667548591], [-92.4407683069865, 41.87949491549374], [-92.44040676386885, 41.87949315436345], [-92.44040440653521, 41.87976334716638], [-92.44004050303823, 41.88003177765484], [-92.43967895693942, 41.88003001421511], [-92.43931504890612, 41.880298442364605]]}}]}