{"type": "FeatureCollection", "features": [{"type": "Feature", "properties": {}, "geometry": {"type": "LineString", "coordinates": [[-93.6110341455064, 42.050057501627045], [-93.61139924183774, 42.05032575334143], [-93.61140183286648, 42.05059593557482], [-93.61140442393071, 42.050866117795316], [-93.61176952647719, 42.051134368253386], [-93.61177211914853, 42.051404550429886], [-93.6117747118554, 42.0516747325935], [-93.61213982061733, 42.05194298179518], [-93.61250493245153, 42.052211229802595], [-93.61286744993609, 42.05220929454545], [-93.61322996738505, 42.05220735814335], [-93.61359248479842, 42.05220542059631], [-93.61395760420659, 42.05247366391985], [-93.61432012308482, 42.05247172406464], [-93.61468524706585, 42.052739965030575], [-93.61505037411928, 42.053008204802055], [-93.6150529808654, 42.05327838672406], [-93.61541811256325, 42.05354662526989], [-93.61542072091707, 42.0538168071478], [-93.61542332930665, 42.05408698901281], [-93.61542593773197, 42.05435717086493], [-93.61542854619303, 42.05462735270415], [-93.61506862209231, 42.05489947798529], [-93.61470608945902, 42.054901420295046], [-93.61434616071348, 42.05517354332806], [-93.61398622889516, 42.05544566523966], [-93.61362629400402, 42.05571778602983], [-93.61399143384759, 42.055986028948354], [-93.61399403637729, 42.05625621078335], [-93.61399663894268, 42.056526392605456], [-93.61436178500347, 42.05679463426711], [-93.61472693413727, 42.057062874734186], [-93.61508947906215, 42.05706093227808], [-93.61544941516847, 42.05678880695368], [-93.61581195848534, 42.056786862225614], [-93.61617450176644, 42.05678491635241], [-93.61653704501174, 42.056782969334094], [-93.6169022031501, 42.05705120282046], [-93.61726736436154, 42.0573194351121], [-93.61726998089864, 42.05758961671778], [-93.61727259747163, 42.05785979831056], [-93.61727521408045, 42.05812997989044], [-93.61764038308236, 42.058398210893486], [-93.61800555515754, 42.0586664407017], [-93.61836810897962, 42.058664487829], [-93.61873066276578, 42.05866253381109], [-93.619093216516, 42.058660578647974], [-93.61945839616665, 42.05892880377047], [-93.61982357889063, 42.059197027698], [-93.62018876468802, 42.05946525043052], [-93.62055395355884, 42.059733471967995], [-93.62055658424941, 42.06000365329187], [-93.62055921497604, 42.06027383460284], [-93.62056184573873, 42.06054401590092], [-93.62056447653748, 42.060814197186104], [-93.62020453993534, 42.061086338368405], [-93.62020716926934, 42.061356519646246], [-93.62020979863937, 42.061626700911184], [-93.62021242804543, 42.06189688216322], [-93.62021505748754, 42.062167063402356], [-93.62021768696567, 42.0624372446286], [-93.62022031647984, 42.06270742584194], [-93.62022294603005, 42.062977607042384], [-93.6202255756163, 42.06324778822993], [-93.6198656239332, 42.063519928335346], [-93.61950566917604, 42.06379206731937], [-93.61950829579628, 42.064062248505095], [-93.6195109224525, 42.06433242967795], [-93.61951354914476, 42.06460261083789], [-93.61987876489981, 42.06487083410735], [-93.6198813932012, 42.06514101522306], [-93.6198840215386, 42.06541119632587], [-93.61988664991202, 42.06568137741578], [-93.62025187346099, 42.06594959939597], [-93.62061710008437, 42.06621782018087], [-93.62098232978225, 42.06648603977042], [-93.62134756255467, 42.06675425816461], [-93.62171279840163, 42.0670224753634], [-93.6220780373232, 42.06729069136676], [-93.62244327931943, 42.067558906174646]]}}, {"type": "Feature", "properties": {}, "geometry": {"type": "LineString", "coordinates": [[-93.55766373875592, 42.12382216245158], [-93.55766610816053, 42.12409234380296], [-93.55766847759763, 42.12436252514145], [-93.55803140966567, 42.12436076065056], [-93.5583967142545, 42.1246291763042], [-93.55876202192708, 42.12489759076381], [-93.55876439608734, 42.1251677720138], [-93.55876677028017, 42.125437953250916], [-93.55876914450555, 42.12570813447517], [-93.55877151876349, 42.12597831568654], [-93.55877389305398, 42.12624849688502], [-93.55877626737704, 42.12651867807063], [-93.55877864173264, 42.12678885924337], [-93.5587810161208, 42.127059040403225], [-93.55878339054154, 42.127329221550205], [-93.55842281448808, 42.12760116967058], [-93.55842518743182, 42.12787135080844], [-93.55842756040809, 42.12814153193343], [-93.55842993341687, 42.12841171304555], [-93.55879526313353, 42.128680127091975], [-93.55916059593456, 42.12894853994419], [-93.55952593182, 42.12921695160218], [-93.55988889148199, 42.12921518107191], [-93.5602542319615, 42.1294835903709], [-93.56061719310044, 42.12948181752782], [-93.56098253817404, 42.12975022446771], [-93.5613455007899, 42.12974844931178], [-93.5613478863322, 42.13001863021322], [-93.56171323757493, 42.13028703476432], [-93.56135265751493, 42.13055899197747], [-93.56171801190776, 42.13082739646937], [-93.56208336938528, 42.13109579976681], [-93.56208575817591, 42.13136598057039], [-93.56245112031336, 42.13163438264371], [-93.56209053585546, 42.131906342138954], [-93.56209292474438, 42.132176522903904], [-93.56209531366603, 42.13244670365597], [-93.56209770262046, 42.13271688439518], [-93.56246307263403, 42.13298528632036], [-93.56246546319652, 42.13325546701706], [-93.56283083787045, 42.133523867718004], [-93.56319382191634, 42.133522086586915], [-93.56355920118517, 42.13379048492823], [-93.56392458353916, 42.13405888207483], [-93.56428996897834, 42.134327278026724], [-93.56429236741792, 42.13459745857512], [-93.56429476589038, 42.134867639110645], [-93.56429716439574, 42.13513781963328], [-93.56429956293398, 42.13540800014305], [-93.56430196150512, 42.13567818063993], [-93.56430436010915, 42.135948361123916], [-93.56430675874607, 42.13621854159505], [-93.56467215829979, 42.13648693614432], [-93.56467455854529, 42.136757116572866], [-93.56467695882371, 42.137027296988535], [-93.56504236461453, 42.137295690283544], [-93.56504476650164, 42.13756587065662], [-93.56504716842171, 42.137836051016826], [-93.56468656026658, 42.138108018522416], [-93.56468896070959, 42.13837819887369], [-93.56505437437954, 42.13864659202016], [-93.56505677643136, 42.138916772328834]]}}, {"type": "Feature", "properties": {}, "geometry": {"type": "LineString", "coordinates": [[-93.62244327931943, 42.067558906174646], [-93.62244591874253, 42.06782908703198], [-93.62208595098045, 42.0681012339943], [-93.62208858893851, 42.06837141484435], [-93.62172861660041, 42.06864356069082], [-93.62136600623195, 42.06864552455455], [-93.62100339582739, 42.06864748727268], [-93.62064078538674, 42.0686494488452], [-93.62027817491001, 42.06865140927213], [-93.61991556439725, 42.068653368553456], [-93.61955032661616, 42.068385145722715], [-93.61918771756878, 42.06838710269442], [-93.6188251084854, 42.06838905852052], [-93.618459876782, 42.068120832166414], [-93.61809726916412, 42.06812278568295], [-93.61773466151033, 42.068124738053896], [-93.61737205382062, 42.06812668927927], [-93.61700944609504, 42.06812863935905], [-93.61664683833361, 42.06813058829326], [-93.61628423053632, 42.06813253608188], [-93.61592162270323, 42.068134482724936], [-93.61556162511918, 42.0684066094039], [-93.6151990156771, 42.06840855377409], [-93.61483901344504, 42.068680678203904], [-93.61447640239405, 42.0686826203012], [-93.61411379130736, 42.068684561252894], [-93.61375118018496, 42.068686501058984], [-93.6133911701586, 42.06895862098487], [-93.61303115705729, 42.069230739788765], [-93.61267114088103, 42.06950285747061], [-93.61231112162976, 42.06977497403039], [-93.61194850417928, 42.06977690818131], [-93.61158588669325, 42.06977884118657], [-93.61122326917166, 42.06978077304618], [-93.61086065161456, 42.06978270376015], [-93.61050062299593, 42.07005481468798], [-93.6101405913022, 42.070326924493564], [-93.60978055653332, 42.07059903317691], [-93.60942051868925, 42.07087114073798], [-93.60906047776996, 42.07114324717671], [-93.60870043377538, 42.071415352493084], [-93.60833780674461, 42.071417275296135], [-93.60797517967848, 42.071419196953464], [-93.60761255257701, 42.07142111746507], [-93.60724992544023, 42.071423036830964], [-93.60688987207833, 42.07169513651442], [-93.60652981564108, 42.07196723507537], [-93.60616975612841, 42.07223933251378], [-93.6058096935403, 42.072511428829614], [-93.60544706007641, 42.072513342539], [-93.60508442657733, 42.072515255102616], [-93.60472179304308, 42.07251716652048], [-93.60435915947367, 42.07251907679257], [-93.60399908751837, 42.07279116747473], [-93.60363645234098, 42.072793075473264], [-93.60327381712848, 42.072794982326016], [-93.60291373895191, 42.07306706962982], [-93.60255110213153, 42.07306897420896], [-93.6021884652761, 42.0730708776423], [-93.6018283808783, 42.07334296156756], [-93.6018309334059, 42.07361314319239], [-93.6018334859685, 42.073883324804314], [-93.60219868160785, 42.07415160404412], [-93.60220123577831, 42.07442178561236], [-93.60220378998376, 42.07469196716768], [-93.60184369656872, 42.074964051123104], [-93.60184624930625, 42.075234232670574], [-93.60184880207875, 42.07550441420514], [-93.60148870258183, 42.075776497047656], [-93.6014912538863, 42.07604667857436], [-93.6011311498103, 42.07631876029888], [-93.60077104265818, 42.07659084090037], [-93.60041093242994, 42.0768629203788], [-93.60041347925997, 42.07713310190759], [-93.60005336445231, 42.0774051802679], [-93.59969324656838, 42.07767725750507], [-93.59933312560814, 42.077949333619074], [-93.59897300157152, 42.07822140860988], [-93.59897554242328, 42.07849159014559], [-93.59861541380685, 42.07876366401808], [-93.59861795319, 42.07903384554586], [-93.59825781999362, 42.079305918299994], [-93.59825528211394, 42.0790357367673], [-93.59789007469648, 42.078767445279354], [-93.59752740508914, 42.078769334190966], [-93.59716726867718, 42.0790414035555], [-93.59716980194203, 42.079311585141554], [-93.59680966094994, 42.07958365338759], [-93.59681219274593, 42.07985383496562], [-93.59717740194489, 42.080122129822364], [-93.59717993534862, 42.080392311356846], [-93.5971824687871, 42.08066249287845], [-93.59718500226028, 42.08093267438717], [-93.5971875357682, 42.08120285588299], [-93.59682738425052, 42.081474924163174], [-93.59646469915548, 42.0814768098143], [-93.59646722965591, 42.08174699131986], [-93.59610707198436, 42.08201905735303], [-93.59610960101564, 42.08228923885057], [-93.59574943876322, 42.08256130376502], [-93.59575196632528, 42.082831485254516], [-93.595754493922, 42.083101666731125], [-93.59575702155337, 42.083371848194844], [-93.59575954921937, 42.08364202964566], [-93.59612477593139, 42.0839103275651], [-93.59612730520536, 42.0841805089724], [-93.59612983451399, 42.084450690366836], [-93.59649253656801, 42.084448805666625], [-93.59685777100805, 42.08471710116617], [-93.59722300852552, 42.08498539547106], [-93.59758824912045, 42.08525368858123], [-93.59795349279287, 42.08552198049667], [-93.59795602996878, 42.085792161737785], [-93.59795856717946, 42.08606234296601], [-93.59796110442493, 42.08633252418135], [-93.59796364170516, 42.0866027053838], [-93.59796617902019, 42.08687288657335], [-93.59796871636999, 42.08714306775003], [-93.59797125375458, 42.0874132489138], [-93.59797379117394, 42.087683430064686], [-93.59797632862808, 42.08795361120268], [-93.59797886611702, 42.08822379232778], [-93.59761867864289, 42.0884958629921], [-93.59725848809076, 42.08876793253268], [-93.59689829446059, 42.08904000094952], [-93.5965380977523, 42.08931206824257], [-93.59617789796589, 42.0895841344118], [-93.59618042796801, 42.08985431554842], [-93.59582022359896, 42.09012638059867], [-93.59546001615165, 42.090398444525], [-93.59509980562603, 42.09067050732742], [-93.59473706803794, 42.09067238784991], [-93.59437685286018, 42.090944448399576], [-93.59401663460402, 42.09121650782523], [-93.5936564132694, 42.091488566126834], [-93.59329618885631, 42.09176062330437], [-93.59293596136469, 42.09203267935779], [-93.5925757307945, 42.09230473428708], [-93.59221298372918, 42.0923066068899], [-93.59185023662943, 42.092308478346155], [-93.59148748949524, 42.09231034865584], [-93.59112474232664, 42.09231221781897], [-93.59076199512364, 42.09231408583553], [-93.59040175360617, 42.09258613399583], [-93.59003900479514, 42.09258799973683], [-93.58967625594978, 42.09258986433126], [-93.58931350707012, 42.09259172777911], [-93.58895075815616, 42.09259359008039], [-93.58858800920794, 42.092595451235084], [-93.58822526022549, 42.0925973112432], [-93.5878625112088, 42.09259917010475], [-93.58749976215792, 42.09260102781972], [-93.58713701307285, 42.09260288438811], [-93.58677177362699, 42.092334558344405], [-93.58640902601294, 42.09233641260218], [-93.5860487656128, 42.092608447213806], [-93.58568601639122, 42.09261029919588], [-93.58532575133897, 42.09288233155379], [-93.5849630005099, 42.092884181260125], [-93.58460024964683, 42.092886029819866], [-93.58423997836906, 42.093158058794764], [-93.58387970401252, 42.09343008664497], [-93.58351942657717, 42.09370211337043], [-93.58315914606297, 42.09397413897113], [-93.58279886246987, 42.094246163447], [-93.58243857579782, 42.094518186798076], [-93.58207581546054, 42.09452002743567], [-93.58171305508937, 42.094521866926605], [-93.58135029468436, 42.09452370527089], [-93.58098753424552, 42.09452554246852], [-93.58062477377288, 42.09452737851948], [-93.58026447615521, 42.094799395098875], [-93.57990417545851, 42.09507141055327], [-93.57954387168272, 42.095343424882635], [-93.57954633159363, 42.09561360655361], [-93.57954879153826, 42.0958837882117], [-93.5795512515166, 42.096153969856914], [-93.57955371152867, 42.09642415148923], [-93.57955617157447, 42.09669433310868], [-93.579558631654, 42.09696451471524], [-93.57956109176723, 42.09723469630892], [-93.57920077437082, 42.09750670954375], [-93.57884045389495, 42.09777872165341], [-93.57848013033959, 42.098050732637866], [-93.57811980370465, 42.09832274249708], [-93.57775947399016, 42.09859475123102], [-93.57739914119601, 42.09886675883966], [-93.5770388053222, 42.09913876532295], [-93.57667846636868, 42.099410770680876], [-93.57631812433539, 42.0996827749134], [-93.57595777922229, 42.09995477802048], [-93.57559743102937, 42.1002267800021], [-93.57523463771798, 42.10022859921286], [-93.57523707975652, 42.10049878085822], [-93.57487672540377, 42.1007707805888], [-93.57451636797101, 42.101042779193826], [-93.57451880702996, 42.10131296083477], [-93.57452124612233, 42.10158314246282], [-93.57452368524815, 42.10185332407801], [-93.57488892856585, 42.102121688643564], [-93.57525417496375, 42.102390052015025], [-93.57561942444187, 42.10265841419239], [-93.57598467700025, 42.102926775175604], [-93.57634993263896, 42.103195134964636], [-93.57671519135802, 42.10346349355946], [-93.57708045315746, 42.10373185096005], [-93.57744571803735, 42.10400020716636], [-93.57781098599771, 42.104268562178355]]}}, {"type": "Feature", "properties": {}, "geometry": {"type": "LineString", "coordinates": [[-93.57781098599771, 42.104268562178355], [-93.57745062156854, 42.10454056987758], [-93.57708780378307, 42.104542395097766], [-93.5770902540588, 42.10481257645124], [-93.57709270436811, 42.10508275779183], [-93.57709515471103, 42.10535293911953], [-93.57709760508753, 42.10562312043435], [-93.57673722997691, 42.105895125895294], [-93.5767396788802, 42.106165307201536], [-93.57674212781707, 42.10643548849489]]}}, {"type": "Feature", "properties": {}, "geometry": {"type": "LineString", "coordinates": [[-93.56505677643136, 42.138916772328834], [-93.56542219476316, 42.13918516425061], [-93.56578761618096, 42.139453554977365], [-93.56615304068482, 42.139721944509056], [-93.56651846827478, 42.13999033284567], [-93.56688148901894, 42.13998853982718], [-93.56724692120504, 42.14025692580329], [-93.56761235647733, 42.14052531058424], [-93.56797538020845, 42.14052351408646], [-93.56834082007694, 42.140791896506755], [-93.56870626303169, 42.1410602777318], [-93.56907170907273, 42.14132865776156], [-93.5694371582001, 42.141597036595975], [-93.56980261041386, 42.141865414235056], [-93.5698050329229, 42.14213559416943], [-93.56980745546515, 42.14240577409092], [-93.56944684212979, 42.14267775637559], [-93.56908622570786, 42.14294973753272], [-93.56872560619937, 42.143221717562255], [-93.56872802424455, 42.1434918974831]]}}, {"type": "Feature", "properties": {}, "geometry": {"type": "LineString", "coordinates": [[-93.56872802424455, 42.1434918974831], [-93.5690910648517, 42.14349009735338], [-93.56945652659071, 42.14375847594908], [-93.56981956867483, 42.14375667350514], [-93.57018261072571, 42.143754869912556], [-93.57054565274335, 42.143753065171346], [-93.57090869472773, 42.1437512592815], [-93.57127173667882, 42.14374945224302], [-93.57163720905504, 42.14401782381509], [-93.572002684518, 42.14428619419158], [-93.57200511658651, 42.144556373907974]]}}, {"type": "Feature", "properties": {}, "geometry": {"type": "LineString", "coordinates": [[-93.57674212781707, 42.10643548849489], [-93.57638174661196, 42.10670749283874], [-93.57602136232595, 42.1069794960569], [-93.57602380828257, 42.107249677345926], [-93.57602625427273, 42.10751985862207], [-93.57566586389183, 42.10779186072301], [-93.57530547042983, 42.10806386169815], [-93.57530791343946, 42.10833404296993], [-93.57531035648259, 42.10860422422883], [-93.57567564215964, 42.108872585715815], [-93.57567808681038, 42.10914276693181], [-93.57568053149464, 42.10941294813493], [-93.57568297621242, 42.109683129325155], [-93.57568542096371, 42.109953310502505], [-93.57568786574852, 42.11022349166698], [-93.57569031056686, 42.11049367281856], [-93.5756927554187, 42.11076385395726], [-93.57605805519663, 42.111032214039646], [-93.57642335805615, 42.11130057292752], [-93.57678866399726, 42.111568930620855], [-93.57715397302006, 42.11183728711961], [-93.57715642420297, 42.112107468125245], [-93.57715887541947, 42.112377649117995], [-93.5771613266696, 42.11264783009786], [-93.57716377795332, 42.11291801106484], [-93.57716622927065, 42.113188192018946], [-93.5771686806216, 42.11345837296015], [-93.57717113200616, 42.11372855388849], [-93.57681071168248, 42.11400055947831], [-93.57681316159324, 42.11427074039807], [-93.57681561153755, 42.114540921304936]]}}, {"type": "Feature", "properties": {}, "geometry": {"type": "LineString", "coordinates": [[-93.69235036087427, 42.09363748877555], [-93.69198761330989, 42.093639676815116], [-93.69162486570522, 42.09364186370813], [-93.69126211806034, 42.09364404945459], [-93.69089937037523, 42.09364623405451], [-93.69053662264992, 42.093648417507886], [-93.69017094563206, 42.09338042384327], [-93.68980527169275, 42.0931124289781], [-93.68943960083195, 42.09284443291239], [-93.68943667477846, 42.09257425686109], [-93.6894337487651, 42.092304080796865], [-93.68943082279183, 42.0920339047197], [-93.68942789685869, 42.09176372862961], [-93.68942497096563, 42.09149355252658], [-93.6894220451127, 42.091223376410625], [-93.68905638680592, 42.09095537894374], [-93.68905346257226, 42.09068520278141], [-93.6890505383787, 42.09041502660614], [-93.68868488630832, 42.09014702787199], [-93.68831923731601, 42.089879027937506], [-93.6879535914017, 42.08961102680272], [-93.68795067198538, 42.08934085051423], [-93.687585030728, 42.089072848145776], [-93.68721939254851, 42.088804844577076], [-93.68685375744685, 42.08853683980818], [-93.68648812542301, 42.08826883383912], [-93.68648521236223, 42.08799865740418], [-93.68648229934139, 42.0877284809563], [-93.68611667355285, 42.0874604737204], [-93.68611376215067, 42.08719029722624], [-93.68647356051846, 42.08691795153511], [-93.68647064765734, 42.08664777503553], [-93.68683044144876, 42.086375428233566], [-93.68719023216273, 42.08610308031329]]}}, {"type": "Feature", "properties": {}, "geometry": {"type": "LineString", "coordinates": [[-93.57681561153755, 42.114540921304936], [-93.57681806151548, 42.11481110219892], [-93.576820511527, 42.11508128308001], [-93.5768229615721, 42.11535146394824], [-93.5768254116508, 42.11562164480357], [-93.57682786176309, 42.11589182564601], [-93.57683031190898, 42.11616200647558], [-93.57683276208846, 42.116432187292254], [-93.57683521230153, 42.11670236809606], [-93.57683766254819, 42.11697254888698], [-93.57684011282845, 42.117242729665016], [-93.57720545491918, 42.1175110855324], [-93.57720790680794, 42.117781266267485], [-93.57684746387082, 42.11805327192181], [-93.57648701785101, 42.11832527645], [-93.57612656874849, 42.11859727985203], [-93.57576611656322, 42.11886928212786], [-93.57540566129512, 42.11914128327747], [-93.5750427601023, 42.1191431025401], [-93.57468230017645, 42.11941510143293], [-93.57468474151037, 42.11968528219789], [-93.5743242769936, 42.11995727996863], [-93.573961371076, 42.11995909583961], [-93.57396380939387, 42.12022927661302], [-93.57360333871111, 42.120501272131015], [-93.5736057755543, 42.12077145289574], [-93.57360821243087, 42.12104163364758], [-93.57397356299964, 42.121309999577804], [-93.57433891665158, 42.12157836431322], [-93.57434135671167, 42.12184854499224], [-93.57470671502195, 42.12211690850283]]}}, {"type": "Feature", "properties": {}, "geometry": {"type": "LineString", "coordinates": [[-93.57200511658651, 42.144556373907974], [-93.57237059671306, 42.144824743058905], [-93.57273364470436, 42.144822931357666], [-93.57309912942782, 42.1450912981472], [-93.5734646172382, 42.14535966374102], [-93.5731040030592, 42.14563165738745], [-93.57274338579319, 42.14590364990644], [-93.5727458211489, 42.14617382951143], [-93.572748256538, 42.146444009103526], [-93.57275069196051, 42.14671418868275], [-93.5727531274164, 42.146984368249086], [-93.57239250102262, 42.1472563596573], [-93.57239493500168, 42.14752653921493], [-93.57239736901413, 42.147796718759686], [-93.57239980305997, 42.148066898291546], [-93.57240223713919, 42.14833707781052], [-93.57240467125177, 42.14860725731662], [-93.57240710539776, 42.14887743680983], [-93.57240953957711, 42.149147616290165], [-93.57241197378985, 42.149417795757614], [-93.57205133222598, 42.149689786071605], [-93.57205376496168, 42.14995996553034], [-93.57205619773072, 42.15023014497619], [-93.57205863053314, 42.15050032440915], [-93.57206106336892, 42.150770503829236], [-93.57206349623806, 42.15104068323644], [-93.57206592914058, 42.15131086263076], [-93.5724314486937, 42.15157923103341], [-93.57279697133477, 42.15184759824014], [-93.5731624970638, 42.15211596425089], [-93.57352802588088, 42.15238432906563], [-93.57389355778598, 42.15265269268434], [-93.57389599860902, 42.152922871916], [-93.57353534371778, 42.15319486681189], [-93.57353778306367, 42.153465046034874], [-93.573540222443, 42.15373522524497], [-93.5735426618558, 42.15400540444219], [-93.57390820322632, 42.15427376788102], [-93.57427130511712, 42.15427195098647], [-93.57463440697444, 42.15427013294287], [-93.57499506317531, 42.15399813463433], [-93.57535571628786, 42.15372613519812], [-93.57571881495623, 42.15372431374166], [-93.57608191359103, 42.15372249113617], [-93.57644501219221, 42.15372066738164], [-93.57681056406983, 42.15398902152106], [-93.57717611903578, 42.15425737446419], [-93.57754167709007, 42.154525726210984], [-93.57790723823274, 42.15479407676141], [-93.57827280246384, 42.15506242611546], [-93.5786383697834, 42.15533077427306], [-93.57900394019148, 42.15559912123421]]}}, {"type": "Feature", "properties": {}, "geometry": {"type": "LineString", "coordinates": [[-93.68719023216273, 42.08610308031329], [-93.68682461284872, 42.08583507521061], [-93.6864589966121, 42.08556706890788], [-93.68609338345283, 42.08529906140512], [-93.68609047236988, 42.08502888480752], [-93.68572486386643, 42.08476087607143], [-93.68572195440188, 42.08449069942757], [-93.68535635055409, 42.084222689458194], [-93.68499074978342, 42.083954678288926], [-93.68462515208985, 42.08368666591978], [-93.68462224740037, 42.08341648916302], [-93.68425665436216, 42.08314847556075], [-93.68425375129077, 42.08287829875776], [-93.68388816290776, 42.082610283922406], [-93.68352257760164, 42.082342267887306], [-93.68315699537234, 42.08207425065248], [-93.6831540970753, 42.08180407373674], [-93.68315119881797, 42.081533896808054], [-93.68314830060038, 42.08126371986647], [-93.6831454024225, 42.08099354291194], [-93.68277982958226, 42.08072552434441], [-93.68241425981863, 42.08045750457728], [-93.68204869313153, 42.08018948361058], [-93.68204579972728, 42.07991930654339], [-93.68168023769458, 42.07965128434394], [-93.68131467873832, 42.07938326094497], [-93.68131178852938, 42.07911308379843], [-93.68094623422728, 42.07884505916681], [-93.68058068300148, 42.07857703333576], [-93.68057779598763, 42.078306856109904], [-93.68021224941576, 42.0780388290463], [-93.68020936401913, 42.077768651774356], [-93.68020647866206, 42.077498474489474], [-93.67984093832156, 42.07723044616019], [-93.6798380545816, 42.076960268829225], [-93.67947251889466, 42.076692239267494], [-93.6791069862837, 42.07642420850652], [-93.67874145674867, 42.076156176546334], [-93.67837593028952, 42.075888143386976], [-93.67801040690622, 42.075620109028456], [-93.67764488659876, 42.07535207347081], [-93.67727936936703, 42.075084036714095], [-93.6772764967082, 42.07481385913838], [-93.6769109841294, 42.074545821149535]]}}, {"type": "Feature", "properties": {}, "geometry": {"type": "LineString", "coordinates": [[-93.57470671502195, 42.12211690850283], [-93.5750696332052, 42.12211509019953], [-93.57543255135496, 42.12211327074846], [-93.5757954694712, 42.122111450149625], [-93.57615838755389, 42.12210962840303], [-93.57652375498003, 42.12237798605909], [-93.57688667453723, 42.12237616199979], [-93.57724959406085, 42.12237433679271], [-93.57761251355082, 42.122372510437856], [-93.57797543300715, 42.122370682935234], [-93.57834080954883, 42.1226390347364], [-93.57870373047949, 42.122637204921], [-93.57906665137642, 42.122635373957806], [-93.57942957223962, 42.12263354184684], [-93.57979249306908, 42.12263170858809], [-93.58015541386476, 42.12262987418155], [-93.58051833462663, 42.12262803862723], [-93.58088372329934, 42.122896382242956], [-93.58124911505546, 42.12316472466342], [-93.58161203879924, 42.12316288563112], [-93.58161450989505, 42.12343306588856], [-93.58161698102472, 42.123703246133125], [-93.58161945218829, 42.123973426364806], [-93.58162192338575, 42.1242436065836], [-93.58162439461708, 42.12451378678951], [-93.58162686588231, 42.12478396698252], [-93.58162933718141, 42.125054147162665], [-93.58163180851442, 42.125324327329906], [-93.58127134226106, 42.125596346672424], [-93.5812738121199, 42.125866526831224], [-93.58163922271672, 42.12613486775435]]}}, {"type": "Feature", "properties": {}, "geometry": {"type": "LineString", "coordinates": [[-93.57900394019148, 42.15559912123421], [-93.57900640300282, 42.155869300083666], [-93.57900886584797, 42.156139478920245], [-93.57901132872686, 42.156409657743936], [-93.57901379163957, 42.15667983655474], [-93.57901625458604, 42.15695001535266], [-93.57901871756629, 42.15722019413769], [-93.57865806059509, 42.157492204949016], [-93.57829740053506, 42.15776421463277], [-93.57829986052776, 42.15803439341363], [-93.57830232055417, 42.1583045721816], [-93.57794165438376, 42.15857658074643], [-93.57758098512433, 42.158848588183574], [-93.57721785728181, 42.15885041571206], [-93.57685472940561, 42.158852242091314], [-93.57649405390069, 42.15912424613668], [-93.57649650633927, 42.15939442493914], [-93.57686209135503, 42.159662778447135], [-93.57722767945997, 42.15993113075861], [-93.5775908134808, 42.1599293031613], [-93.5779564061859, 42.16019765310971], [-93.57832200198031, 42.160466001861515], [-93.57832446231042, 42.16073618051351], [-93.57796132372307, 42.16073801046106], [-93.5776006423765, 42.16101001793287], [-93.5772399579405, 42.16128202427688], [-93.57687927041508, 42.16155402949309], [-93.57651612705884, 42.16155585489495], [-93.57615298366895, 42.161557679147464], [-93.57579228989725, 42.16182968097148], [-93.57543159303603, 42.16210168166756], [-93.57507089308523, 42.162373681235685], [-93.5750733397482, 42.16264385995217], [-93.57471263519649, 42.16291585839656], [-93.57471508038171, 42.16318603710439], [-93.57471752560049, 42.16345621579934], [-93.5747199708528, 42.16372639448141], [-93.57508557356647, 42.16399475334126], [-93.57545117937002, 42.16426311100451], [-93.57581433827565, 42.16426128887914], [-93.57617749714767, 42.164259465604324], [-93.57654065598608, 42.16425764118005], [-93.57690381479084, 42.16425581560633], [-93.5772669735619, 42.16425398888315], [-93.57763259001199, 42.16452233951658], [-93.577998209552, 42.164790688953225], [-93.57800066887711, 42.16506086741628], [-93.57763996335228, 42.16533287495741], [-93.5776424211998, 42.165603053411914], [-93.57800804705482, 42.165871402728136], [-93.57837367600001, 42.16613975084752], [-93.57873684545142, 42.166137919405855], [-93.57910001486903, 42.16613608681467], [-93.57946318425284, 42.16613425307395], [-93.57982635360285, 42.16613241818371], [-93.58018952291901, 42.16613058214394], [-93.58019199168346, 42.16640076043901], [-93.58055763285431, 42.16666910149733], [-93.58092327711543, 42.1669374413586], [-93.58092574907182, 42.167207619580424], [-93.58056504408795, 42.167479636214686], [-93.5802018670799, 42.167481473490454], [-93.57983869003797, 42.16748330961665], [-93.57947797880553, 42.167755322858476], [-93.57911726448263, 42.16802733497236], [-93.57875408424879, 42.16802916768432], [-93.57839336525636, 42.16830117753788], [-93.57803264317339, 42.16857318626341], [-93.5780351029708, 42.16884336454606], [-93.57767437628566, 42.169115372147864], [-93.57767683460521, 42.16938555042198], [-93.57767929295849, 42.16965572868319], [-93.57731610331774, 42.16965755690001], [-93.5769529136433, 42.169659383967165], [-93.576592177686, 42.16993138818457], [-93.57623143863789, 42.170203391273795], [-93.57659708528863, 42.17047174474578], [-93.57696273503024, 42.17074009702082], [-93.57696519046118, 42.171010275252016], [-93.5773308448729, 42.17127862629997], [-93.57733330191672, 42.1715488044882], [-93.57733575899424, 42.171818982663545], [-93.57733821610546, 42.172089160826], [-93.57697746812109, 42.17236116621473], [-93.57661671704552, 42.172633170475194], [-93.57625351030329, 42.17263499543199], [-93.57589275455722, 42.172906997431525], [-93.57552954620208, 42.1729088201059], [-93.5755319957199, 42.17317899830271]]}}, {"type": "Feature", "properties": {}, "geometry": {"type": "LineString", "coordinates": [[-93.5755319957199, 42.17317899830271], [-93.57589765671779, 42.17344735377795], [-93.57626332080702, 42.17371570805616], [-93.57626577351705, 42.17398588617998], [-93.57626822626075, 42.17425606429093], [-93.57627067903809, 42.174526242388986]]}}, {"type": "Feature", "properties": {}, "geometry": {"type": "LineString", "coordinates": [[-93.6329377327561, 42.02886347576243], [-93.63330279796983, 42.02913165898675], [-93.63366786625222, 42.02939984101646], [-93.63403293760334, 42.02966802185157], [-93.63439801202321, 42.02993620149202], [-93.63476308951189, 42.03020437993781], [-93.63476577765384, 42.030474561921075], [-93.63476846583264, 42.03074474389144], [-93.63477115404825, 42.03101492584891], [-93.63513623931965, 42.03128310300461], [-93.63550132766007, 42.03155127896554], [-93.63586641906953, 42.03181945373166], [-93.63623151354807, 42.03208762730293], [-93.63659661109574, 42.03235579967932], [-93.63659930720533, 42.03262598146485], [-93.63660200335187, 42.03289616323745], [-93.63660469953533, 42.03316634499717], [-93.63660739575575, 42.03343652674396], [-93.63624768133033, 42.03370871801345], [-93.63588796383554, 42.03398090816369], [-93.63552824327132, 42.034253097194636], [-93.63516851963765, 42.03452528510626], [-93.63480879293446, 42.03479747189854]]}}, {"type": "Feature", "properties": {}, "geometry": {"type": "LineString", "coordinates": [[-93.57200511658651, 42.144556373907974], [-93.57200754868838, 42.14482655361147], [-93.5716469312221, 42.14509854272301], [-93.57164936184721, 42.1453687224178], [-93.57128873978387, 42.14564071040597], [-93.57092811463352, 42.145912697266596], [-93.57056506030162, 42.14591450329247], [-93.57020200593644, 42.145916308169625], [-93.56984137454545, 42.146188291639206], [-93.56984379758609, 42.14645847136746], [-93.56984622065998, 42.14672865108285], [-93.56948558316117, 42.147000633432945], [-93.56912494257514, 42.14727261465532], [-93.56912736266143, 42.147542794366], [-93.56949284805098, 42.147811172514075], [-93.56949526974735, 42.14808135218202], [-93.56949769147693, 42.14835153183708], [-93.56913704333853, 42.14862351307986], [-93.56950253503571, 42.14889189110856], [-93.56914188387621, 42.1491638723595], [-93.56878122962915, 42.149435852482625], [-93.56914672454668, 42.14970423158762], [-93.56914914493171, 42.149974411182356], [-93.56951464451393, 42.15024278906184], [-93.56951706650923, 42.150512968613846], [-93.56951948853775, 42.150783148152975], [-93.56952191059946, 42.15105332767922], [-93.56952433269441, 42.15132350719258], [-93.56952675482259, 42.15159368669306], [-93.56952917698396, 42.15186386618067], [-93.56953159917857, 42.15213404565538], [-93.5695340214064, 42.15240422511722], [-93.56953644366745, 42.15267440456618], [-93.5699019605322, 42.15294278098124], [-93.56990438440378, 42.15321296038745], [-93.56990680830862, 42.15348313978079], [-93.56990923224667, 42.15375331916123], [-93.56991165621798, 42.154023498528794], [-93.56991408022255, 42.15429367788347], [-93.56991650426033, 42.154563857225284], [-93.5699189283314, 42.154834036554206], [-93.56992135243568, 42.155104215870246], [-93.56992377657322, 42.1553743951734], [-93.569926200744, 42.15564457446368], [-93.56992862494806, 42.155914753741065], [-93.56993104918534, 42.15618493300558], [-93.56993347345588, 42.156455112257206], [-93.57029901391608, 42.15672348708812], [-93.5703014397975, 42.156993666297005], [-93.57030386571219, 42.15726384549299], [-93.57030629166016, 42.157534024676096], [-93.5706718399422, 42.15780239822135], [-93.57103739131314, 42.158070770570504], [-93.57140294577306, 42.158339141723545], [-93.57140537648765, 42.158609320804096], [-93.57140780723557, 42.15887949987175], [-93.57141023801685, 42.15914967892654], [-93.57141266883146, 42.15941985796844], [-93.5710519666335, 42.15969184503998], [-93.5706888335543, 42.159693651933225], [-93.57069126134637, 42.159963830983386], [-93.57033055296995, 42.16023581579865], [-93.56996741673491, 42.16023762042734], [-93.56960670369129, 42.1605096029821], [-93.56960912694922, 42.16077978204459], [-93.56961155024037, 42.16104996109419], [-93.56925083108446, 42.161321942528886], [-93.56888768857094, 42.161323743777515], [-93.56852696474762, 42.161595722951525], [-93.5685293835042, 42.16186590201336], [-93.56853180229395, 42.162136081062314], [-93.56853422111688, 42.16240626009838], [-93.56853663997298, 42.16267643912157], [-93.56853905886227, 42.162946618131876], [-93.56817832439117, 42.1632185961978], [-93.56781758683029, 42.1634905731353], [-93.56782000272928, 42.163760752140824], [-93.5674568461796, 42.163762548944334], [-93.56709610243907, 42.16403452362486], [-93.56673294427824, 42.1640363181464], [-93.56636978608435, 42.16403811151848], [-93.56600662785739, 42.16403990374111], [-93.56564346959742, 42.164041694814294], [-93.56527790618686, 42.1637733056272], [-93.56491474940583, 42.16377509438465], [-93.56455159259183, 42.16377688199265], [-93.56418843574488, 42.16377866845122], [-93.56382767780276, 42.164050632938455], [-93.56346451934505, 42.16405241711494], [-93.56310136085443, 42.16405420014197], [-93.56273580802801, 42.16378580279107], [-93.56237265101664, 42.16378758350243], [-93.56200949397245, 42.16378936306435], [-93.56164394726014, 42.16352096218521], [-93.5612807916953, 42.163522739431514], [-93.5609176360977, 42.16352451552838], [-93.56055448046737, 42.16352629047582], [-93.56019132480434, 42.163528064273834], [-93.5601889413814, 42.16325788490247], [-93.55982578723058, 42.163259657534354], [-93.55946263304709, 42.16326142901682], [-93.55909947883094, 42.16326319934987], [-93.55873632458217, 42.16326496853348], [-93.55837317030078, 42.163266736567685], [-93.55801001598682, 42.16326850345246], [-93.55764923424886, 42.16354044867576], [-93.55728607832488, 42.1635422132783], [-93.55692055284962, 42.16327379721024], [-93.55655739840553, 42.16327555949732], [-93.55619424392896, 42.163277320634975], [-93.55619661035787, 42.16354750018932], [-93.55583581922038, 42.16381943975214], [-93.555475024993, 42.16409137818577], [-93.55511422767567, 42.16436331549018], [-93.55511658959945, 42.16463349504269], [-93.55475342726838, 42.16463525166533], [-93.55439262377107, 42.16490718671118], [-93.55403181718368, 42.16517912062771], [-93.55403417456947, 42.16544930019116], [-93.55367336337923, 42.165721232981966], [-93.55367571928457, 42.16599141253617], [-93.55331490349134, 42.1662633442012], [-93.55295408460782, 42.166535274736766], [-93.55295643751977, 42.16680545428533], [-93.55259326263398, 42.16680720414287], [-93.55223243756978, 42.16707913241947], [-93.55223478745584, 42.16734931197521], [-93.55187395778823, 42.16762123912583], [-93.5518763061935, 42.16789141867228], [-93.55151312503013, 42.167893165146886], [-93.55115228918149, 42.168165090038315], [-93.55079145024226, 42.1684370138001], [-93.55043060821241, 42.1687089364322], [-93.5500697630919, 42.16898085793459], [-93.54970657558651, 42.16898259872668], [-93.54934338804905, 42.16898433836911], [-93.54898020047952, 42.16898607686188], [-93.54861701287794, 42.168987814204996]]}}, {"type": "Feature", "properties": {}, "geometry": {"type": "LineString", "coordinates": [[-93.6769109841294, 42.074545821149535], [-93.67654547462625, 42.07427778196168], [-93.67618283612606, 42.07427991924976], [-93.675817331197, 42.07401187769704], [-93.67581446484672, 42.07374169998908], [-93.6754518293435, 42.073743834945375], [-93.67508633056552, 42.07347579099484], [-93.67472369652154, 42.07347792363953], [-93.67436106243832, 42.073480055138475], [-93.67399842831593, 42.07348218549165], [-93.67363579415435, 42.07348431469908], [-93.67327030444602, 42.07321626488644], [-93.67291052571373, 42.07348856967667], [-93.67255074390596, 42.07376087334826], [-93.67218810805011, 42.073762997992674], [-93.67182832158996, 42.074035299419855], [-93.67183117106379, 42.07430547733546], [-93.67183402057665, 42.07457565523814], [-93.67183687012857, 42.0748458331279], [-93.67219951217473, 42.07484370954926], [-93.67220236330357, 42.0751138874061], [-93.6722052144715, 42.07538406525001], [-93.6722080656785, 42.07565424308101], [-93.67257356508323, 42.075922296094596], [-93.6729390675638, 42.076190347909375], [-93.67294192196398, 42.076460525661574], [-93.67330742909759, 42.07672857624455], [-93.6736729393072, 42.07699662562865], [-93.6736757969008, 42.077266803302], [-93.67404131176363, 42.07753485145422], [-93.67404417097363, 42.07780502908167], [-93.67368436991657, 42.07807733624452], [-93.67368722766685, 42.07834751386617], [-93.67332456578332, 42.07834964228861], [-93.67296475857383, 42.078621947213904], [-93.67260494828803, 42.07889425102038], [-93.67260780154128, 42.07916442866337], [-93.67261065483363, 42.07943460629343], [-93.67225083847332, 42.07970690899523], [-93.67225369030565, 42.07997708661945], [-93.67225654217708, 42.08024726423076], [-93.67225939408759, 42.08051744182916], [-93.67226224603719, 42.08078761941462], [-93.67226509802587, 42.08105779698717], [-93.67190527109302, 42.08133009860544], [-93.67190812162154, 42.08160027617214], [-93.67191097218912, 42.08187045372592], [-93.67191382279577, 42.082140631266775], [-93.67227935855574, 42.082408684656045], [-93.67228221077899, 42.08267886215105], [-93.67228506304134, 42.08294903963314], [-93.67228791534279, 42.083219217102304], [-93.6726534589124, 42.083487269193704], [-93.67265631283057, 42.083757446617], [-93.67265916678787, 42.084027624027385], [-93.67266202078427, 42.08429780142484], [-93.6726648748198, 42.084567978809375], [-93.67266772889445, 42.084838156180986], [-93.67267058300821, 42.085108333539665], [-93.67267343716111, 42.085378510885434], [-93.67267629135311, 42.08564868821827], [-93.67231644050761, 42.085920991083164], [-93.67195658658467, 42.086193292828895], [-93.67159672958427, 42.08646559345544], [-93.6712340213129, 42.08646771560162], [-93.67087415965716, 42.08674001398265], [-93.67051429492386, 42.0870123112444], [-93.67015442711296, 42.08728460738685], [-93.66979171406919, 42.08728672500775], [-93.66943184160284, 42.08755901890448], [-93.66906912694232, 42.087561134252674], [-93.66870924982052, 42.0878334259036], [-93.66871208743703, 42.08810360333973], [-93.66835220573748, 42.088375893878194], [-93.66799232096011, 42.08864818329716], [-93.66763243310486, 42.088920471596616], [-93.66763526626008, 42.089190649040724], [-93.66727537382677, 42.08946293622757], [-93.66691547831547, 42.08973522229483], [-93.6665527510715, 42.089737329777535], [-93.66619285090437, 42.090009613598575], [-93.66619567805871, 42.09027979107041], [-93.66619850525183, 42.090549968529324], [-93.66620133248368, 42.09082014597532], [-93.66620415975429, 42.091090323408395], [-93.66620698706367, 42.09136050082854], [-93.6662098144118, 42.091630678235774], [-93.66621264179868, 42.09190085563009], [-93.66585272805078, 42.09217313837978], [-93.66549281122448, 42.092445420009696], [-93.6651328913197, 42.092717700519785], [-93.66477296833641, 42.09298997991004], [-93.66441304227457, 42.093262258180395], [-93.66405311313413, 42.09353453533084]]}}, {"type": "Feature", "properties": {}, "geometry": {"type": "LineString", "coordinates": [[-93.57627067903809, 42.174526242388986], [-93.57627313184908, 42.17479642047415], [-93.57627558469369, 42.17506659854644], [-93.57627803757197, 42.175336776605846], [-93.57591726670495, 42.175608778648225], [-93.57555649274623, 42.17588077956215], [-93.57519571569578, 42.17615277934759], [-93.57483493555354, 42.1764247780045], [-93.57483738241638, 42.176694956068104], [-93.57447415231948, 42.17669677553286], [-93.57411336599355, 42.17696877193263], [-93.57375013428364, 42.176970589114596], [-93.5737525765757, 42.177240767203756], [-93.57375501890125, 42.177510945280055], [-93.5741206976082, 42.17777930611018], [-93.57448637940718, 42.17804766574319], [-93.57448882492535, 42.1783178437466], [-93.57449127047707, 42.17858802173712], [-93.57449371606235, 42.17885819971477], [-93.57413291763646, 42.17913019614839], [-93.5741353617427, 42.179400374117385], [-93.57377455871192, 42.17967236942653], [-93.5734137525888, 42.179944363606914], [-93.57305294337331, 42.18021635665853], [-93.5726921310654, 42.18048834858133], [-93.5726945691543, 42.180758526554264], [-93.5723337522411, 42.18103051735239]]}}, {"type": "Feature", "properties": {}, "geometry": {"type": "LineString", "coordinates": [[-93.63480879293446, 42.03479747189854], [-93.63517390020667, 42.03506564860922], [-93.63553901054846, 42.035333824124955], [-93.63554170245995, 42.03560400582527], [-93.63590681744311, 42.035872180114254], [-93.63627193549598, 42.036140353208204], [-93.63663705661862, 42.03640852510711], [-93.63700218081104, 42.03667669581096], [-93.63736730807331, 42.03694486531969], [-93.63772973706295, 42.03694285212399], [-93.63809216601558, 42.036940837783966], [-93.63845459493118, 42.036938822299625], [-93.63881972975707, 42.0372069871233], [-93.63918486765287, 42.037475150751746], [-93.63955000861864, 42.03774331318491], [-93.63991244199079, 42.0377412930662], [-93.63991515265441, 42.03801147442277], [-93.64028029976022, 42.038279634465304], [-93.64064544993612, 42.038547793312475], [-93.64101060318211, 42.03881595096424], [-93.64137304254572, 42.03881392619184], [-93.64173548187212, 42.03881190027506], [-93.64209792116125, 42.03880987321387], [-93.64246036041312, 42.03880784500829], [-93.64282279962771, 42.03880581565832], [-93.64318523880497, 42.03880378516396], [-93.64354767794492, 42.0388017535252]]}}, {"type": "Feature", "properties": {}, "geometry": {"type": "LineString", "coordinates": [[-93.64354767794492, 42.0388017535252], [-93.6439073893867, 42.038529539634204]]}}, {"type": "Feature", "properties": {}, "geometry": {"type": "LineString", "coordinates": [[-93.62244327931943, 42.067558906174646], [-93.62280588342986, 42.067556938948236], [-93.62316848750412, 42.067554970576275]]}}, {"type": "Feature", "properties": {}, "geometry": {"type": "LineString", "coordinates": [[-93.6439073893867, 42.038529539634204], [-93.64426982691684, 42.038527505725824], [-93.64463226440958, 42.03852547067306], [-93.64499470186493, 42.03852343447591], [-93.64535713928282, 42.03852139713439], [-93.64571957666327, 42.03851935864848], [-93.64608201400621, 42.03851731901819], [-93.64644718971792, 42.03878545921705], [-93.64680962852093, 42.03878341727877], [-93.64717480880033, 42.03905155511824], [-93.64753724906329, 42.03904951087193], [-93.64789968928868, 42.03904746548123], [-93.64826212947646, 42.039045418946124], [-93.64862456962663, 42.03904337126662]]}}, {"type": "Feature", "properties": {}, "geometry": {"type": "LineString", "coordinates": [[-93.62316848750412, 42.067554970576275], [-93.62353109154215, 42.067553001058755], [-93.62389369554396, 42.067551030395684], [-93.62425894661935, 42.06781923935165], [-93.62462420076947, 42.06808744711199], [-93.62498945799436, 42.068355653676704], [-93.62535471829405, 42.06862385904573], [-93.62499475861773, 42.06889601504123], [-93.62536002206495, 42.069164220347254], [-93.6257252885871, 42.069432424457524]]}}, {"type": "Feature", "properties": {}, "geometry": {"type": "LineString", "coordinates": [[-93.54861701287794, 42.168987814204996], [-93.54825615835702, 42.16925973004446], [-93.54789296914605, 42.1692614651046], [-93.54753210995699, 42.169533378680846], [-93.54717124767714, 42.16980529112718], [-93.54680805527947, 42.16980702277091], [-93.54644718833143, 42.170078932953885], [-93.54644951384485, 42.17034911262996], [-93.54608864229232, 42.17062102168632], [-93.54572776764883, 42.17089292961266], [-93.5457300901669, 42.171163109282666], [-93.54573241271684, 42.171433288939795], [-93.5460979386105, 42.1717017402755], [-93.5464634675953, 42.171970190416026], [-93.54682899967129, 42.17223863936132], [-93.54683132698555, 42.1725088189181], [-93.54683365433173, 42.17277899846202], [-93.54647277073366, 42.17305090868259], [-93.54611188404421, 42.17332281777304], [-93.54611420839475, 42.17359299731091], [-93.54575331710006, 42.17386490527463], [-93.54539242271387, 42.174136812108124], [-93.54539474406853, 42.1744069916399], [-93.54503384507687, 42.17467889734657], [-93.5446729429936, 42.17495080192294], [-93.54431203781867, 42.175222705369016], [-93.54395112955203, 42.17549460768476], [-93.54359021819364, 42.175766508870126], [-93.54322930374347, 42.1760384089251], [-93.54286607544539, 42.176040128294446], [-93.5425028471156, 42.17604184651385], [-93.54214192641837, 42.176313743170844], [-93.54178100262925, 42.17658563869732], [-93.54142007574822, 42.17685753309327], [-93.54105914577522, 42.17712942635864], [-93.54069821271021, 42.17740131849338], [-93.54033727655316, 42.17767320949751], [-93.539976337304, 42.177945099370966], [-93.53997863591336, 42.17821527896515], [-93.53998093455425, 42.17848545854647], [-93.53998323322668, 42.17875563811491], [-93.53998553193064, 42.179025817670485], [-93.53998783066612, 42.17929599721319], [-93.53962688075178, 42.17956788597203]]}}, {"type": "Feature", "properties": {}, "geometry": {"type": "LineString", "coordinates": [[-93.5723337522411, 42.18103051735239], [-93.5723361888506, 42.181300695316615], [-93.57197536733194, 42.18157268499003], [-93.57161454272065, 42.18184467353452], [-93.57161697633775, 42.18211485149419], [-93.57125614712078, 42.18238683891385], [-93.57125857925826, 42.1826570168648], [-93.57126101142907, 42.18292719480286], [-93.57126344363327, 42.18319737272803], [-93.57090260678432, 42.18346935903111], [-93.57054176684242, 42.18374134420511], [-93.57018092380754, 42.18401332825], [-93.57018335150563, 42.184283506174694], [-93.57018577923704, 42.18455368408648], [-93.56982493008262, 42.18482566701046], [-93.56946407783505, 42.18509764880525], [-93.56910322249428, 42.18536962947081], [-93.56874236406027, 42.185641609007114], [-93.56838150253296, 42.18591358741414], [-93.56838392273083, 42.186183765333475], [-93.5683863429619, 42.18645394323995], [-93.56838876322617, 42.18672412113353], [-93.56802789406498, 42.186996098423386], [-93.5680303128489, 42.187266276308144], [-93.56766702181031, 42.187268074583876], [-93.56730614646209, 42.18754004961494], [-93.56694526802028, 42.187812023516564], [-93.56731097800858, 42.18808040538772], [-93.56767669109055, 42.18834878606177], [-93.56804240726623, 42.188617165538666], [-93.56804482624926, 42.188887343346124], [-93.56768394339896, 42.18915931953493], [-93.56732305745481, 42.18943129459425], [-93.56695975397504, 42.189433090704476], [-93.56659886335693, 42.189705063500696], [-93.56623796964489, 42.189977035167345], [-93.56587707283886, 42.19024900570438], [-93.56551617293883, 42.190520975111774], [-93.56551858132491, 42.19079115294733], [-93.56552098974402, 42.19106133077001], [-93.56516008372186, 42.19133329905567], [-93.56516249065994, 42.191603476869425], [-93.5648015800295, 42.191875444029336], [-93.56444066630478, 42.192147410059455], [-93.56407974948573, 42.19241937495979], [-93.56408215191433, 42.19268955277253], [-93.56408455437591, 42.19295973057238], [-93.56408695687044, 42.193229908359356], [-93.56372603241421, 42.193501872141645], [-93.5637284334274, 42.193772049919666], [-93.56336750436228, 42.19404401257597], [-93.56336990389401, 42.19431419034504], [-93.56337230345868, 42.19458436810122], [-93.56301136827008, 42.1948563296354], [-93.56265042998675, 42.195128290039584], [-93.5622894886086, 42.19540024931375], [-93.56192854413564, 42.19567220745785]]}}, {"type": "Feature", "properties": {}, "geometry": {"type": "LineString", "coordinates": [[-93.58163922271672, 42.12613486775435], [-93.58164169418525, 42.12640504787006], [-93.58164416568768, 42.126675227972875], [-93.5812812218996, 42.1266770672303], [-93.58092074652993, 42.126949085464325], [-93.5805578011321, 42.12695092244316], [-93.5801973211025, 42.12722293842028], [-93.57983683798881, 42.127494953271125], [-93.57947388940545, 42.12749678684062], [-93.57911094078834, 42.12749861926212], [-93.57875045143882, 42.12777063072518], [-93.57875291077387, 42.128040810901815], [-93.57875537014264, 42.12831099106557], [-93.5783948746921, 42.12858300141093], [-93.57803437615723, 42.12885501062982], [-93.57767387453801, 42.12912701872224], [-93.57767632941504, 42.129397198886124], [-93.57804174541498, 42.12966555106985], [-93.5784071644994, 42.12993390205817], [-93.57877258666836, 42.13020225185109], [-93.5791380119219, 42.13047060044856], [-93.57950344026004, 42.130738947850546], [-93.57986887168283, 42.13100729405703], [-93.58023430619032, 42.13127563906795], [-93.58059727629717, 42.131273802960486], [-93.58096271539793, 42.1315421456104], [-93.58096518445957, 42.131812325503034], [-93.5813306282214, 42.13208066692712], [-93.58169607506808, 42.132349007155526], [-93.58169854731622, 42.132619186974864], [-93.58170101959824, 42.13288936678131], [-93.58206647268263, 42.133157705753575], [-93.58206894657498, 42.13342788551692], [-93.58243440432085, 42.1336962232632], [-93.58279986515183, 42.13396455981366], [-93.58316532906798, 42.13423289516829], [-93.58352831587082, 42.134231049684686], [-93.58389378438076, 42.13449938267781], [-93.58425677265816, 42.13449753488031], [-93.58462224576189, 42.13476586551184], [-93.58498772195091, 42.13503419494739], [-93.58535071321137, 42.13503234367027], [-93.58571370443771, 42.135030491244876], [-93.58607669562991, 42.1350286376712], [-93.58643968678795, 42.135026782949254], [-93.58680517209635, 42.13529510652587], [-93.58716816472867, 42.135293249489884], [-93.58753115732678, 42.13529139130561], [-93.58789664873741, 42.13555971135451], [-93.58825964280969, 42.13555785085615], [-93.58862513881414, 42.13582616854301], [-93.58862764081492, 42.13609634786365], [-93.58863014285002, 42.13636652717139], [-93.58899564509404, 42.13663484360113], [-93.58936115042363, 42.13690315883457], [-93.58972415207234, 42.13690129365523], [-93.59008966199596, 42.13716960652639], [-93.59045266511872, 42.137167739032776], [-93.59081315681217, 42.136895691227124], [-93.59117867126096, 42.13716400060047], [-93.59154167428039, 42.13716212966178], [-93.59190467726536, 42.137160257574735], [-93.59226768021581, 42.13715838433933], [-93.5926332022752, 42.13742668901821], [-93.59299872742027, 42.137694992500535], [-93.59300124817568, 42.13796517151974], [-93.59336677798392, 42.1382334737749], [-93.59373231087794, 42.13850177483343], [-93.59373483482292, 42.138771953778615], [-93.5940978468578, 42.13877007469528], [-93.59446338592355, 42.13903837336042], [-93.59482892807522, 42.13930667082884], [-93.59519447331286, 42.139574967100465], [-93.59556002163649, 42.1398432621753], [-93.59592557304616, 42.1401115560533], [-93.59628859258788, 42.140109669990665], [-93.59665414859194, 42.14037796150554], [-93.59701716960717, 42.14037607312819], [-93.59738273020561, 42.14064436227988], [-93.59774829389023, 42.14091265023459], [-93.59811386066104, 42.1411809369923], [-93.59847943051813, 42.14144922255295], [-93.59884500346148, 42.14171750691654], [-93.59921057949117, 42.14198579008302], [-93.59957615860723, 42.14225407205236], [-93.59994174080971, 42.14252235282453], [-93.60030732609864, 42.14279063239948], [-93.60030987837622, 42.14306081081824], [-93.59994939301268, 42.14333288813447], [-93.59958890456255, 42.14360496432494], [-93.59995194381698, 42.14360306654533], [-93.59995449465623, 42.14387324494331], [-93.59995704553049, 42.14414342332839], [-93.60032264028918, 42.14441170271871], [-93.60068823813461, 42.14467998091173], [-93.60105383906685, 42.144948257907416], [-93.601416885898, 42.1449463554438], [-93.60177993269411, 42.144944451831535], [-93.60214297945512, 42.144942547070606], [-93.60250602618102, 42.144940641161014], [-93.60287163623339, 42.14520891229293], [-93.60287419963014, 42.14547909047019], [-93.60287676306203, 42.14574926863457], [-93.60324237935852, 42.14601753850727], [-93.60324494440425, 42.14628771662788], [-93.60324750948514, 42.14655789473561], [-93.60325007460123, 42.14682807283043], [-93.60325263975248, 42.14709825091236], [-93.60361826545092, 42.14736651946402], [-93.60398389423656, 42.147634786818074], [-93.60434952610947, 42.14790305297446], [-93.60471516106965, 42.14817131793316], [-93.60507822607163, 42.148169403766694], [-93.60508079911716, 42.14843958169415], [-93.6054438656275, 42.14843766636086], [-93.60580950827078, 42.148705927757256], [-93.60617515400146, 42.148974187955844], [-93.6065408028196, 42.14924244695659], [-93.60690387381973, 42.14924052697388], [-93.60726952723371, 42.14950878360984], [-93.6076325997068, 42.14950686131137], [-93.60799567214444, 42.14950493786406], [-93.60835874454662, 42.1495030132679], [-93.60872440557308, 42.14977126520506], [-93.60909006968711, 42.1500395159442], [-93.60945573688876, 42.15030776548529], [-93.60982140717806, 42.15057601382828], [-93.6098240006114, 42.15084619140438], [-93.61018967556784, 42.151114438518185], [-93.61019227061622, 42.15138461605031], [-93.61019486570021, 42.15165479356955], [-93.61056054690347, 42.15192303942302], [-93.61092623119463, 42.15219128407828], [-93.61128931875103, 42.15218935010934], [-93.61165500763848, 42.15245759239918], [-93.6120206996139, 42.15272583349071], [-93.61238639467733, 42.152994073383915], [-93.61275209282886, 42.15326231207875], [-93.61311779406847, 42.15353054957518], [-93.61348349839623, 42.153798785873164], [-93.6138492058122, 42.15406702097269], [-93.61385181669341, 42.15433719818058], [-93.61385442761043, 42.15460737537556], [-93.61385703856327, 42.15487755255765], [-93.61422275380738, 42.15514578636509], [-93.61458847213991, 42.155414018973964], [-93.61495157786793, 42.15541207329578], [-93.61531206635878, 42.15513994938548], [-93.61567517047081, 42.15513800142749], [-93.61603827454694, 42.15513605232044], [-93.61640137858713, 42.15513410206432], [-93.61676710596946, 42.15540232766876]]}}, {"type": "Feature", "properties": {}, "geometry": {"type": "LineString", "coordinates": [[-93.57627067903809, 42.174526242388986], [-93.5766363509569, 42.174794595379915], [-93.5770020259673, 42.175062947173714], [-93.5773677040693, 42.175331297770356], [-93.57773338526296, 42.175599647169776], [-93.57809906954832, 42.17586799537198], [-93.5784622946709, 42.17586616445943], [-93.57882798356006, 42.17613451029721], [-93.579193675541, 42.17640285493767], [-93.57955937061378, 42.17667119838079], [-93.5799250687784, 42.17693954062651], [-93.5802907700349, 42.17720788167481], [-93.58065647438335, 42.17747622152568], [-93.58065894611653, 42.177746399262205], [-93.5802981805964, 42.178018414936275], [-93.57993741198422, 42.17829042948207], [-93.57957664027991, 42.178562442899526], [-93.57921586548348, 42.17883445518862], [-93.57921833120176, 42.17910463292985], [-93.5788575518008, 42.17937664409494], [-93.57849676930756, 42.179648654131576], [-93.57849923203497, 42.17991883186865], [-93.57850169479617, 42.18018900959284], [-93.57850415759115, 42.18045918730413], [-93.57850662041992, 42.18072936500255], [-93.57850908328246, 42.18099954268808], [-93.57887480218915, 42.18126788795328], [-93.57887726666557, 42.18153806559579], [-93.57924052418844, 42.18153623202096], [-93.57960624928033, 42.18180457489108], [-93.5799695082818, 42.18180273899869], [-93.58033523797883, 42.182071079503764], [-93.58069849845889, 42.18206924129377], [-93.58106423276107, 42.18233757943371], [-93.58142749471963, 42.18233573890606], [-93.58179075664425, 42.18233389722823], [-93.58215401853488, 42.182332054400234], [-93.5825172803915, 42.18233021042207], [-93.58288302383598, 42.18259854269422], [-93.58324628717091, 42.18259669639833], [-93.58360955047179, 42.18259484895225], [-93.58397281373858, 42.182593000356], [-93.5843335891639, 42.18232097327865], [-93.58469685081607, 42.182319122399456], [-93.5850601124341, 42.182317270370085], [-93.58542586646446, 42.18258559446915], [-93.58579162358758, 42.18285391737023], [-93.58615738380352, 42.18312223907332], [-93.5865231471123, 42.18339055957836]]}}, {"type": "Feature", "properties": {}, "geometry": {"type": "LineString", "coordinates": [[-93.66405311313413, 42.09353453533084], [-93.66405593155638, 42.093804712753496], [-93.66405875001723, 42.09407489016325], [-93.6636988147967, 42.09434716620743], [-93.66333606103807, 42.09434926370819], [-93.66297612116078, 42.0946215375055], [-93.66261617820467, 42.094893810182775], [-93.66225342125149, 42.09489590428317], [-93.66189347363859, 42.09516817471345], [-93.66153352294675, 42.095440444023566], [-93.66117076279914, 42.09544253472349], [-93.66081080745043, 42.09571480178648], [-93.66044804568641, 42.095716890212785], [-93.66008808568078, 42.09598915502854], [-93.6597281225961, 42.09626141872402], [-93.65936815643236, 42.096533681299185], [-93.65900538989617, 42.09653576519774], [-93.65864262332164, 42.09653784794962], [-93.65827985670877, 42.0965399295548], [-93.65791709005761, 42.096542010013295], [-93.65755432336816, 42.09654408932511], [-93.65719155664046, 42.096546167490224], [-93.6568287898745, 42.096548244508654], [-93.65646602307034, 42.096550320380395], [-93.65610325622796, 42.09655239510545], [-93.65574048934742, 42.09655446868381], [-93.65538050432632, 42.09682671886738], [-93.65502051622602, 42.097098967930364], [-93.65466052504651, 42.09737121587271], [-93.65430053078774, 42.0976434626944], [-93.65394053344967, 42.09791570839539], [-93.65358053303224, 42.098187952975664], [-93.6532205295354, 42.09846019643518], [-93.65286052295916, 42.098732438773894], [-93.65249774341873, 42.09873450218747], [-93.65250051330342, 42.0990046799918], [-93.65286606584606, 42.09927279433076], [-93.6528688373465, 42.099542972089814], [-93.65250882318536, 42.09981521332726], [-93.65214603744784, 42.09981727567174], [-93.65178325167234, 42.099819336869395], [-93.65142046585893, 42.099821396920234], [-93.6510576800076, 42.099823455824236], [-93.65069489411839, 42.09982551358142], [-93.6503321081913, 42.099827570191785], [-93.64996932222637, 42.09982962565532], [-93.64960929394151, 42.10010185787974], [-93.6496120516972, 42.100372035774555], [-93.64925201883055, 42.10064426688434], [-93.64889198288412, 42.100916496873005], [-93.6488947376734, 42.101186674767725], [-93.64853469714495, 42.10145890364165], [-93.64853745046977, 42.10172908152986], [-93.64890300226777, 42.10199720837442], [-93.64854295723268, 42.10226943726755], [-93.64818290911752, 42.10254166503945], [-93.64818566105329, 42.10281184289531], [-93.64818841302679, 42.10308202073827], [-93.64819116503799, 42.10335219856831], [-93.64819391708693, 42.10362237638544], [-93.6478338598822, 42.1038946030616], [-93.64783661046643, 42.1041647808722], [-93.64783936108839, 42.104434958669884], [-93.64747929779837, 42.10470718423746], [-93.64711923142794, 42.10497940868367], [-93.64675916197703, 42.10525163200846], [-93.64639908944561, 42.105523854211796], [-93.64640183409496, 42.105794032022], [-93.64676740054595, 42.10606216538126], [-93.6467701468109, 42.10633234314636], [-93.64641006826879, 42.10660456537507], [-93.64641281306866, 42.106874743133616], [-93.64641555790618, 42.107144920879236], [-93.6464183027813, 42.10741509861196], [-93.6460554732778, 42.107417141999086], [-93.64569264373668, 42.107419184239085], [-93.64533255444941, 42.107691403109435], [-93.64497246208126, 42.10796362085817], [-93.64460962934655, 42.10796565969517], [-93.64424953231944, 42.10823787519428], [-93.64388943221135, 42.10851008957167], [-93.64352659628312, 42.10851212500554], [-93.64316649151601, 42.10878433713317], [-93.64280638366782, 42.10905654813901], [-93.64244627273852, 42.10932875802301]]}}, {"type": "Feature", "properties": {}, "geometry": {"type": "LineString", "coordinates": [[-93.64862456962663, 42.03904337126662], [-93.64898975896614, 42.039311503255554], [-93.64935495137587, 42.03957963404857], [-93.64972014685586, 42.03984776364563], [-93.65008534540615, 42.0401158920467], [-93.65045054702678, 42.04038401925174], [-93.6508157517178, 42.04065214526074], [-93.65117820081487, 42.040650089454275], [-93.65154341007373, 42.04091821310334], [-93.65190586063041, 42.040916154988565], [-93.65227107445713, 42.04118427627764], [-93.65263352647334, 42.04118221585452], [-93.65299874486796, 42.04145033478349], [-93.6533639663331, 42.04171845251622], [-93.65372919086884, 42.04198656905265], [-93.65409164733923, 42.04198450399327], [-93.65445687644294, 42.04225261816942], [-93.65482210861731, 42.04252073114922], [-93.65518456804439, 42.04251866261733], [-93.6555498047868, 42.0427867732367], [-93.65591504459996, 42.043054882659604], [-93.65591782356485, 42.04332506291005], [-93.65628306802229, 42.043593171104035], [-93.65664831555061, 42.043861278101495], [-93.65701356614984, 42.0441293839024], [-93.65737603456085, 42.044127308386045], [-93.65774128972835, 42.04439541182619], [-93.65810654796685, 42.04466351406969], [-93.65810933637339, 42.044933694125405], [-93.65811212481813, 42.045203874168195], [-93.65811491330109, 42.04547405419806], [-93.65811770182225, 42.04574423421503], [-93.65812049038163, 42.04601441421908], [-93.65848575956015, 42.04628251510341], [-93.6584885497316, 42.046552695062054], [-93.65849133994129, 42.04682287500778], [-93.65813164500126, 42.04709513410612], [-93.65813443375171, 42.04736531404561], [-93.65813722254036, 42.047635493972166], [-93.65814001136722, 42.04790567388581], [-93.65814280023231, 42.048175853786546], [-93.6581455891356, 42.04844603367435], [-93.65850808200234, 42.0484439544109], [-93.65887336684398, 42.04871205383841], [-93.65923865475729, 42.04898015206903], [-93.65960394574229, 42.04924824910271], [-93.65996644306347, 42.04924616520131], [-93.65996923979904, 42.04951634493945], [-93.65997203657294, 42.04978652466467], [-93.65997483338518, 42.05005670437696], [-93.65997763023573, 42.050326884076355], [-93.65998042712461, 42.05059706376283], [-93.65998322405181, 42.05086724343638], [-93.65998602101735, 42.05113742309701], [-93.6599888180212, 42.051407602744725], [-93.66035132759168, 42.051405517541426], [-93.66071383712381, 42.05140343119324], [-93.6610791482679, 42.051671523276035], [-93.66144165925931, 42.05166943461842], [-93.66180697497317, 42.05193752433949], [-93.66217229375918, 42.05220561286336], [-93.6625376156174, 42.05247370019001], [-93.66290294054785, 42.0527417863194], [-93.66254323155273, 42.05301405906798], [-93.6621835194853, 42.05328633069812], [-93.6618238043455, 42.05355860120977]]}}, {"type": "Feature", "properties": {}, "geometry": {"type": "LineString", "coordinates": [[-93.6618238043455, 42.05355860120977], [-93.6621891325791, 42.053826689537985], [-93.66219193918369, 42.05409686893855], [-93.66219474582675, 42.05436704832619], [-93.66256008028226, 42.05463513539186]]}}, {"type": "Feature", "properties": {}, "geometry": {"type": "LineString", "coordinates": [[-93.58163922271672, 42.12613486775435], [-93.58200463639746, 42.12640320748202]]}}, {"type": "Feature", "properties": {}, "geometry": {"type": "LineString", "coordinates": [[-93.5865231471123, 42.18339055957836], [-93.586888913514, 42.18365887888533], [-93.58725468300861, 42.183927196994205], [-93.58725718339278, 42.184197374108074], [-93.58725968381124, 42.18446755120903], [-93.587262184264, 42.184737728297115], [-93.58726468475108, 42.18500790537231], [-93.58726718527245, 42.18527808243461], [-93.58726968582813, 42.185548259484015], [-93.5872721864181, 42.185818436520535], [-93.58691140397856, 42.18609047271954], [-93.58654812088045, 42.186092330744614], [-93.58618733376665, 42.18636436468257], [-93.58582654355949, 42.18663639749226], [-93.58546575025893, 42.18690842917363], [-93.58510495386491, 42.187180459726676], [-93.5847441543774, 42.18745248915135], [-93.58438335179636, 42.18772451744762], [-93.58402254612174, 42.18799654461546]]}}, {"type": "Feature", "properties": {}, "geometry": {"type": "LineString", "coordinates": [[-93.6257252885871, 42.069432424457524], [-93.62572794210092, 42.06970260505742], [-93.6257305956511, 42.06997278564442], [-93.62537063004292, 42.070244942795476], [-93.62501066135965, 42.070517098825206], [-93.62465068960124, 42.07078925373356], [-93.62429071476762, 42.071061407520496], [-93.62393073685881, 42.07133356018599], [-93.62357075587471, 42.07160571173003], [-93.6232107718153, 42.071877862152554], [-93.62284814314087, 42.07187983082113], [-93.62248551443025, 42.071881798343995], [-93.62212288568345, 42.07188376472113], [-93.62176025690049, 42.071885729952534], [-93.6213976280814, 42.0718876940382], [-93.62140026347028, 42.07215787474466], [-93.62140289889527, 42.072428055438216], [-93.6214055343564, 42.072698236118875], [-93.62140816985364, 42.07296841678664], [-93.62141080538701, 42.07323859744148], [-93.6214134409565, 42.07350877808345], [-93.62141607656211, 42.07377895871251], [-93.62141871220385, 42.07404913932867], [-93.6210587051865, 42.074321283038266], [-93.6210613393626, 42.07459146364711], [-93.6210639735748, 42.07486164424306], [-93.62106660782312, 42.075131824826116], [-93.62106924210754, 42.07540200539626], [-93.62107187642806, 42.07567218595351], [-93.6210745107847, 42.07594236649786], [-93.62107714517742, 42.076212547029314], [-93.62107977960628, 42.07648272754786], [-93.62108241407124, 42.076752908053514], [-93.6210850485723, 42.07702308854626], [-93.62108768310947, 42.07729326902612], [-93.62109031768274, 42.07756344949308], [-93.62073028956671, 42.07783559214784], [-93.62037025837438, 42.078107733680696], [-93.62037288997963, 42.07837791414589], [-93.62037552162096, 42.078648094598186], [-93.62037815329836, 42.07891827503759], [-93.62038078501183, 42.0791884554641], [-93.62038341676138, 42.0794586358777], [-93.62074872207606, 42.07972685509438], [-93.62075135543606, 42.07999703546371], [-93.62039131222645, 42.0802691770411], [-93.62039394412028, 42.08053935740311], [-93.62039657605018, 42.08080953775222], [-93.62076188923697, 42.08107775681205], [-93.62076452277745, 42.081347937116895], [-93.62040447205638, 42.08162007872215], [-93.62040710413059, 42.08189025901965], [-93.62040973624089, 42.08216043930427], [-93.62041236838725, 42.082430619575966], [-93.62041500056971, 42.082700799834775], [-93.62078032477835, 42.082969018675016], [-93.62114565206409, 42.08323723631924], [-93.62114828743194, 42.08350741650239], [-93.6207855924008, 42.08350937909119], [-93.62042552966031, 42.08378152074101], [-93.62006546384261, 42.084053661268655], [-93.61970539494766, 42.08432580067411], [-93.61970802430535, 42.08459598087953], [-93.61934795083043, 42.08486811916827], [-93.6193505787215, 42.08513829936634], [-93.61971591259467, 42.08540652141839], [-93.61971854209652, 42.08567670157222], [-93.61972117163442, 42.08594688171315], [-93.62008651173471, 42.08621510250644], [-93.62008914288351, 42.086485282603114], [-93.62009177406838, 42.08675546268689]]}}, {"type": "Feature", "properties": {}, "geometry": {"type": "LineString", "coordinates": [[-93.64244627273852, 42.10932875802301], [-93.64208615872808, 42.10960096678514], [-93.6420888854546, 42.10987114463185], [-93.64172876685969, 42.1101433522783], [-93.64136592146349, 42.11014538094371], [-93.64136864518349, 42.1104155588028], [-93.64137136894081, 42.11068573664898], [-93.64137409273549, 42.11095591448225], [-93.6413768165675, 42.11122609230262], [-93.64137954043686, 42.111496270110074], [-93.64138226434356, 42.111766447904614], [-93.64138498828761, 42.11203662568625], [-93.64138771226902, 42.112306803454985], [-93.64139043628776, 42.112576981210786], [-93.64139316034385, 42.11284715895369], [-93.6413958844373, 42.11311733668367], [-93.64139860856808, 42.11338751440077], [-93.64140133273622, 42.11365769210493], [-93.64140405694171, 42.11392786979619], [-93.64176964969279, 42.114196018522584], [-93.64177237551395, 42.11446619616892], [-93.64213797292531, 42.114734343664736], [-93.64250084444076, 42.11473231237971], [-93.64286644643772, 42.1150004575104], [-93.6428691769941, 42.11527063506062]]}}, {"type": "Feature", "properties": {}, "geometry": {"type": "LineString", "coordinates": [[-93.6428691769941, 42.11527063506062], [-93.64323205151673, 42.11526860144244], [-93.64359765967785, 42.11553674417581], [-93.64396327092109, 42.115804885710496], [-93.6443288852465, 42.11607302604644], [-93.6446945026541, 42.116341165183634]]}}, {"type": "Feature", "properties": {}, "geometry": {"type": "LineString", "coordinates": [[-93.53962688075178, 42.17956788597203], [-93.53926592774505, 42.17983977360007], [-93.53890497164586, 42.18011166009729], [-93.53854171977757, 42.180113365908156], [-93.53818075900823, 42.180385250140475], [-93.53818305017002, 42.18065542969916], [-93.53782208479326, 42.18092731280373], [-93.53745882819187, 42.180929015212335], [-93.5370978581448, 42.18120089605183], [-93.53673459993432, 42.181202596176156], [-93.53637134169252, 42.18120429515032], [-93.53601036539743, 42.18147617259048], [-93.53564710554664, 42.181477869280315], [-93.53528612458122, 42.18174974445518], [-93.53492286312151, 42.18175143886064], [-93.53456187748571, 42.18202331177014], [-93.53419861441716, 42.18202500389116], [-93.53383762411097, 42.182296874535204], [-93.53347663071196, 42.18256874404799], [-93.53311563422005, 42.182840612429516], [-93.53275463463524, 42.18311247967972], [-93.53239363195743, 42.18338434579859], [-93.53203262618665, 42.18365621078609], [-93.5320348914346, 42.18392639046151], [-93.53203715671366, 42.18419657012405], [-93.53167614481882, 42.18446843398612], [-93.53167840861342, 42.18473861363878], [-93.53204395273725, 42.18500710903448], [-93.53204621814061, 42.185277288645544], [-93.53204848357504, 42.185547468243755], [-93.53241403394765, 42.18581596238708], [-93.53241630099093, 42.186086141943676], [-93.53205528006482, 42.186358006961136], [-93.53169425604523, 42.18662987084709], [-93.5320598112134, 42.18689836604171], [-93.53206207683434, 42.18716854556269], [-93.53206434248634, 42.18743872507081], [-93.53242990390387, 42.18770721901298], [-93.5324321711649, 42.1879773984795], [-93.53243443845703, 42.18824757793313], [-93.53207340540517, 42.18851944297458], [-93.53207567121258, 42.18878962241835], [-93.53171463355105, 42.189061486331184], [-93.5313535927956, 42.18933334911239], [-93.53135585560231, 42.189603528549256], [-93.53135811844007, 42.18987370797325], [-93.53136038130887, 42.19014388738438], [-93.53099933291153, 42.190415749042806], [-93.53100159429538, 42.190685928444026], [-93.53100385571022, 42.19095610783238], [-93.53064280118663, 42.191227968365], [-93.5306450611164, 42.19149814774343], [-93.53064732107717, 42.191768327108996], [-93.53064958106896, 42.19203850646171], [-93.53065184109174, 42.19230868580154], [-93.53065410114552, 42.19257886512851], [-93.53065636123033, 42.19284904444262], [-93.53065862134613, 42.193119223743835], [-93.53102420984007, 42.193387721748465], [-93.5310264715652, 42.19365790100813], [-93.53102873332135, 42.19392808025493], [-93.53066766211946, 42.19419994082006], [-93.53030658782285, 42.194471800253304], [-93.52994325322439, 42.194473479298956], [-93.52957991859496, 42.19447515719393], [-93.5292188380469, 42.1947470132254], [-93.52885775440406, 42.19501886812488], [-93.52849666766636, 42.19529072189231], [-93.52813557783377, 42.19556257452768], [-93.52777448490625, 42.19583442603092], [-93.5274111423543, 42.19583609710038], [-93.52704779977152, 42.19583776701911], [-93.52668445715794, 42.195839435787086], [-93.52632335640055, 42.196111282753066], [-93.52596001217793, 42.19611294923524], [-93.52559666792457, 42.196114614566646], [-93.52523556091568, 42.19638645813022], [-93.52523779822154, 42.196656637500276], [-93.52487668660069, 42.19692847993431], [-93.5245155718847, 42.197200321236], [-93.52451780618745, 42.19747050059875], [-93.52415668685929, 42.19774234077081], [-93.52415891967568, 42.19801252012346], [-93.52379779573522, 42.19828435916584], [-93.52343666869936, 42.198556197075746], [-93.52307553856812, 42.19882803385315], [-93.52271217859342, 42.19882969013438], [-93.52235104378842, 42.199101524643936]]}}, {"type": "Feature", "properties": {}, "geometry": {"type": "LineString", "coordinates": [[-93.62009177406838, 42.08675546268689], [-93.6204571203961, 42.08702368222136], [-93.62045975319198, 42.087293862260864], [-93.62046238602395, 42.087564042287475], [-93.62046501889199, 42.08783422230119], [-93.62083037302246, 42.088102440545356], [-93.62083300750166, 42.0883726205148], [-93.62083564201696, 42.088642800471334], [-93.62083827656839, 42.088912980414975], [-93.62084091115592, 42.08918316034571], [-93.62120627466477, 42.089451377268105], [-93.6215663658121, 42.089179233245375], [-93.62192909308597, 42.08917726797558], [-93.62229446110346, 42.089445481403196], [-93.62265718984399, 42.08944351382203], [-93.62301991854831, 42.089441545094445], [-93.62338529264957, 42.08970975499574], [-93.62375066982898, 42.08997796370058], [-93.62375331687379, 42.09024814343153], [-93.62411869870678, 42.090516350908416], [-93.62412134736331, 42.090786530595], [-93.62412399605617, 42.09105671026867], [-93.62448938411838, 42.09132491648605], [-93.62449203442304, 42.09159509611534]]}}, {"type": "Feature", "properties": {}, "geometry": {"type": "LineString", "coordinates": [[-93.52235104378842, 42.199101524643936], [-93.52271663211997, 42.199370048848735], [-93.52235549428053, 42.19964188336373], [-93.52235771957238, 42.19991206270432], [-93.52199657712009, 42.2001838960894], [-93.52163543157211, 42.200455728341815], [-93.52127428292843, 42.20072755946154], [-93.52127650369876, 42.20099773879734], [-93.52127872449954, 42.20126791812029], [-93.5212809453308, 42.201538097430365], [-93.52128316619255, 42.201808276727576], [-93.52128538708476, 42.202078456011925], [-93.52092200838322, 42.20208010672526], [-93.52056084747794, 42.202351935590144], [-93.52019968347665, 42.20262376332219], [-93.51983851637928, 42.20289558992138], [-93.51984073120116, 42.20316576921635], [-93.5198429460534, 42.20343594849845], [-93.51984516093606, 42.203706127767695], [-93.51984737584908, 42.203976307024064], [-93.5198495907925, 42.20424648626758], [-93.51985180576632, 42.204516665498225], [-93.51985402077052, 42.204786844716004], [-93.51985623580514, 42.205057023920915], [-93.51985845087012, 42.20532720311296], [-93.51949505346957, 42.20532884940824], [-93.51913165603862, 42.2053304945524], [-93.51877046902796, 42.20560231777107], [-93.51840927892077, 42.205874139856654], [-93.51841148788377, 42.20614431907203], [-93.51805029316202, 42.20641614002711]]}}, {"type": "Feature", "properties": {}, "geometry": {"type": "LineString", "coordinates": [[-93.66256008028226, 42.05463513539186], [-93.66292260801778, 42.054633041937805], [-93.66328513571477, 42.05463094733873], [-93.66364766337325, 42.05462885159465], [-93.6640101909932, 42.05462675470555], [-93.66437553451233, 42.05489483591487], [-93.6647380635914, 42.05489273671599], [-93.66509777362153, 42.05462045716821], [-93.66545748057908, 42.0543481765021], [-93.66581718446412, 42.05407589471766], [-93.66581436249722, 42.053805715514635], [-93.66581154056897, 42.05353553629869], [-93.66617406181223, 42.0535334326188], [-93.66653658301679, 42.05353132779395], [-93.66689910418266, 42.05352922182413], [-93.66726162530979, 42.05352711470934], [-93.66762414639815, 42.0535250064496], [-93.66798666744775, 42.053522897044886], [-93.66834918845855, 42.05352078649521], [-93.66870887525148, 42.05324849573053], [-93.66906855897209, 42.05297620384775], [-93.66943107679403, 42.05297408990301], [-93.66942823962039, 42.052703910846915], [-93.66942540248561, 42.05243373177791], [-93.66942256538972, 42.05216355269598], [-93.66941972833271, 42.05189337360113], [-93.66977940141716, 42.05162107950328], [-93.66977656290186, 42.051350900402504], [-93.66977372442547, 42.05108072128881], [-93.66977088598799, 42.05081054216222], [-93.66976804758937, 42.05054036302269], [-93.67012771161339, 42.05026806783492], [-93.67012487175667, 42.049997888689475], [-93.67012203193883, 42.049727709531126], [-93.67011919215992, 42.04945753035983], [-93.67047884862116, 42.04918523407524], [-93.6708385020107, 42.04891293667284], [-93.67119815232857, 42.04864063815265], [-93.67155779957483, 42.048368338514706], [-93.6719174437495, 42.04809603775904], [-93.6719145965253, 42.04782585861003], [-93.67154926250942, 42.047557801007756], [-93.67154641689893, 42.047287621812934], [-93.67154357132743, 42.04701744260519], [-93.67154072579494, 42.046747263384525], [-93.67153788030143, 42.046477084150936], [-93.67153503484691, 42.04620690490442], [-93.67153218943139, 42.04593672564501], [-93.67152934405486, 42.04566654637266], [-93.67188897326284, 42.045394245687596], [-93.67224859939971, 42.04512194388495], [-93.67260822246554, 42.04484964096475], [-93.67296784246031, 42.04457733692703], [-93.67332745938413, 42.04430503177181], [-93.67368707323699, 42.04403272549916], [-93.6740523957615, 42.04430077654156], [-93.67441772135695, 42.04456882638637], [-93.67478305002335, 42.044836875033525], [-93.67514838176078, 42.045104922483006], [-93.67551371656927, 42.045372968734775], [-93.67587905444884, 42.0456410137888], [-93.6758819182524, 42.045911192820675], [-93.67624726077796, 42.046179236643894], [-93.6766097394215, 42.0461771003035], [-93.67697508651462, 42.046445141764124], [-93.6769779550428, 42.04671532069686], [-93.67734330678216, 42.04698336092654], [-93.67770866159286, 42.047251399958306]]}}, {"type": "Feature", "properties": {}, "geometry": {"type": "LineString", "coordinates": [[-93.62316848750412, 42.067554970576275], [-93.62352844754322, 42.06728282024413], [-93.62388840450771, 42.067010668790665], [-93.62424835839758, 42.06673851621589], [-93.62460830921292, 42.06646636251983], [-93.62496825695372, 42.06619420770256], [-93.62532820162008, 42.065922051764055], [-93.625688143212, 42.065649894704386], [-93.62568549024364, 42.06537971391097], [-93.6260454272604, 42.06510755573588], [-93.62640801717275, 42.06510557722165], [-93.62676794954169, 42.06483341679865], [-93.62712787883635, 42.06456125525461]]}}, {"type": "Feature", "properties": {}, "geometry": {"type": "LineString", "coordinates": [[-93.56192854413564, 42.19567220745785], [-93.56193093767513, 42.195942385216725], [-93.56193333124745, 42.19621256296272], [-93.56193572485262, 42.19648274069583], [-93.56193811849063, 42.19675291841606], [-93.56230385942595, 42.19702131565051], [-93.5623062546772, 42.19729149332822], [-93.56230864996131, 42.197561670993046], [-93.56194529960167, 42.19756345149947], [-93.56158434143099, 42.197835408540556], [-93.56195008717326, 42.19810380682401], [-93.56195248100832, 42.198373984466954], [-93.56159151829323, 42.19864594151965], [-93.5615939106463, 42.19891611915359], [-93.56123294332097, 42.1991880750799], [-93.56087197290023, 42.19946002987595], [-93.56051099938401, 42.19973198354169], [-93.56051338722507, 42.20000216117428], [-93.56015240909828, 42.20027411371351], [-93.56015479545707, 42.20054429133706], [-93.55979381271959, 42.20081624274972], [-93.55979619759599, 42.201086420364206], [-93.55943521024767, 42.20135837065025], [-93.55943759364162, 42.20162854825565], [-93.55943997706827, 42.20189872584818], [-93.5598057374288, 42.20216713069332], [-93.56017150088525, 42.202435534341205], [-93.56053726743764, 42.20270393679183], [-93.560903037086, 42.20297233804512], [-93.56126641850013, 42.202970560656496], [-93.56163219275975, 42.203238959544706], [-93.56199797011543, 42.203507357235516], [-93.56200036460747, 42.20377753462083], [-93.56200275913237, 42.20404771199328], [-93.56200515369012, 42.204317889352836], [-93.56200754828073, 42.204588066699515], [-93.56164655071912, 42.20486002384123], [-93.56164894382727, 42.205130201178896], [-93.56165133696825, 42.20540037850369], [-93.56201712697174, 42.20566877595741], [-93.56238292007166, 42.20593717221363], [-93.56274871626808, 42.206205567272285], [-93.56311451556103, 42.206473961133355], [-93.56348031795055, 42.206742353796805], [-93.56384612343669, 42.207010745262615], [-93.56421193201949, 42.20727913553073], [-93.56457774369898, 42.20754752460113], [-93.5649435584752, 42.20781591247379], [-93.56494596588021, 42.208086089518574], [-93.56494837331826, 42.20835626655048], [-93.5653141943542, 42.208624653165884], [-93.56568001848706, 42.208893038583454], [-93.56568242912115, 42.20916321554299], [-93.56568483978836, 42.20943339248965], [-93.56568725048862, 42.20970356942343], [-93.56532623994761, 42.209975537983496], [-93.56532864916547, 42.210245714908375], [-93.56496763401181, 42.21051768234196], [-93.56497004174717, 42.21078785925792], [-93.56460902198071, 42.211059825564966], [-93.56424799911696, 42.21133179074147], [-93.56425040385409, 42.21160196765246], [-93.56425280862422, 42.21187214455057], [-93.56425521342732, 42.2121423214358], [-93.56462105357481, 42.21241070997134], [-93.5649868968198, 42.212679097308936], [-93.56535274316232, 42.212947483448545], [-93.56571618147211, 42.21294569162385], [-93.56608203242796, 42.21321407539716], [-93.5660844451402, 42.213484252133696], [-93.56608685788555, 42.21375442885734], [-93.56572582619195, 42.21402639861172], [-93.56572823745464, 42.21429657532649], [-93.5657306487504, 42.21456675202837], [-93.56573306007925, 42.21483692871736], [-93.56573547144119, 42.21510710539347], [-93.56610133505292, 42.21537548892869], [-93.56610374803005, 42.215645665562164], [-93.56610616104027, 42.215915842182746], [-93.56647203091424, 42.21618422446027], [-93.56647444553974, 42.2164544010382], [-93.56684032009402, 42.21672278208772], [-93.5668427363349, 42.21699295862299], [-93.56648168961509, 42.21726493069468], [-93.566120639797, 42.2175369016357], [-93.56612305303902, 42.217807078166096], [-93.56612546631418, 42.218077254683614], [-93.56576441036563, 42.21834922450191], [-93.56540335131864, 42.21862119318945], [-93.56503988044643, 42.21862298421672], [-93.56467640954118, 42.21862477409236], [-93.5643129386029, 42.21862656281636], [-93.56394946763159, 42.21862835038872], [-93.56358599662731, 42.21863013680944], [-93.56322252559004, 42.218631922078515], [-93.56286145395107, 42.21890388282634], [-93.56249798129868, 42.21890566580892], [-93.56213450861338, 42.21890744763986], [-93.5617710358952, 42.218909228319134], [-93.56140516990996, 42.218640831149315], [-93.56104169867533, 42.21864260950856], [-93.56067822740789, 42.21864438671616], [-93.56031236755399, 42.21837598601159], [-93.5599488977702, 42.21837776089919], [-93.55958542795366, 42.21837953463516], [-93.55922195810439, 42.2183813072195], [-93.55885848822241, 42.21838307865222], [-93.55849501830772, 42.2183848489333], [-93.55813154836038, 42.218386618062745], [-93.55776807838036, 42.21838838604056], [-93.55740698452749, 42.21866032976061], [-93.55704588757611, 42.21893227234938], [-93.55668241439979, 42.21893403690551], [-93.55631894119091, 42.218935800309985], [-93.5559578379773, 42.21920773949733]]}}, {"type": "Feature", "properties": {}, "geometry": {"type": "LineString", "coordinates": [[-93.58200463639746, 42.12640320748202], [-93.58200710944189, 42.126673387567514], [-93.58237252778254, 42.12694172606947], [-93.58273794920724, 42.1272100633759], [-93.58274042543752, 42.12748024338804], [-93.58274290170175, 42.127750423387305], [-93.58274537799994, 42.12802060337368], [-93.5827478543321, 42.12829078334716], [-93.58311328514515, 42.12855911933704], [-93.58347871904252, 42.12882745413127], [-93.58384415602423, 42.12909578772984], [-93.58420959609033, 42.129364120132706], [-93.5845725550278, 42.129362271517685], [-93.5849355139312, 42.129360421754626], [-93.58529847280053, 42.129358570843515], [-93.58566143163574, 42.12935671878435], [-93.58602439043682, 42.12935486557714], [-93.58638485731376, 42.129082831474044], [-93.58675030793653, 42.129351155718574], [-93.58711576164373, 42.12961947876721], [-93.5874787218503, 42.12961762095031], [-93.58784418014997, 42.12988594163747], [-93.58820964153414, 42.130154261128645], [-93.58857260472246, 42.13015239983253], [-93.58857510600286, 42.13042257942382], [-93.58894057355616, 42.13069089652296], [-93.58894307644746, 42.13096107607094], [-93.58930854866205, 42.131229391943556], [-93.58967402396135, 42.13149770662007], [-93.5900395023454, 42.131766020100436], [-93.59040247461601, 42.13176415295845], [-93.59076544685223, 42.131762284668326], [-93.591128419054, 42.131760415230055], [-93.59149390504678, 42.132028724017005], [-93.59185687872204, 42.13202685226483], [-93.59222236930756, 42.13229515868971], [-93.59258534445625, 42.13229328462358], [-93.59294831957038, 42.1322914094093], [-93.59295083963455, 42.13256158868632], [-93.59331633789779, 42.132829891552674], [-93.59368183924596, 42.133098193222594], [-93.59404734367914, 42.13336649369608], [-93.59441032482482, 42.13336461381836], [-93.59441285119735, 42.13363479297308], [-93.59477836180062, 42.13390309105356], [-93.59514387548901, 42.1341713879375], [-93.59550939226257, 42.13443968362485], [-93.59587237943978, 42.13443779908334], [-93.59623536658226, 42.134435913393574], [-93.59659835369, 42.134434026555574], [-93.59696134076296, 42.13443213856932], [-93.5973268666531, 42.134700428396], [-93.59769239562847, 42.13496871702594], [-93.59805792768913, 42.13523700445912], [-93.59842346283509, 42.1355052906955], [-93.59878900106642, 42.135773575735044], [-93.59915454238315, 42.13604185957774], [-93.59951753846804, 42.13603996344666], [-93.5995200867853, 42.13631014222353], [-93.59988563427295, 42.13657842367238], [-93.60025118484613, 42.136846703924284], [-93.60061418545438, 42.13684480429465], [-93.6009797406209, 42.137113082183326], [-93.60134529887303, 42.13738135887495], [-93.6017083024618, 42.13737945576445], [-93.60207130601549, 42.1373775515056], [-93.60243430953409, 42.13737564609838], [-93.60279731301758, 42.13737373954281], [-93.60316031646592, 42.13737183183888], [-93.6035233198791, 42.137369922986586], [-93.6038863232571, 42.13736801298594], [-93.6042493265999, 42.13736610183693], [-93.60461489999913, 42.137634368000874], [-93.60498047648404, 42.13790263296753], [-93.60534605605467, 42.13817089673687], [-93.60571163871106, 42.13843915930887], [-93.60607722445324, 42.138707420683474], [-93.60644281328128, 42.13897568086067], [-93.60680840519521, 42.139243939840426], [-93.60717400019504, 42.13951219762269], [-93.60753959828085, 42.139780454207454]]}}, {"type": "Feature", "properties": {}, "geometry": {"type": "LineString", "coordinates": [[-93.5559578379773, 42.21920773949733], [-93.5555967316651, 42.219479677553295], [-93.55523562225427, 42.219751614477836], [-93.55487450974476, 42.22002355027093], [-93.55451339413653, 42.22029548493256], [-93.55415227542953, 42.22056741846265], [-93.55379115362372, 42.22083935086121], [-93.5534276693096, 42.22084110516801], [-93.55343002871906, 42.221111282128206], [-93.5530689007155, 42.221383212263575], [-93.55270776961301, 42.2216551412673], [-93.55271012602059, 42.22192531822184], [-93.5527124824605, 42.2221954951635], [-93.55271483893276, 42.22246567209228], [-93.55308069066271, 42.22273409688941]]}}, {"type": "Feature", "properties": {}, "geometry": {"type": "LineString", "coordinates": [[-93.62449203442304, 42.09159509611534], [-93.6248574271392, 42.09186330110465], [-93.62522016947803, 42.091861325331045], [-93.62558556677554, 42.09212952795859], [-93.62594831058084, 42.09212754987332], [-93.62631105434971, 42.092125570641514], [-93.62667379808215, 42.09212359026317], [-93.62703654177812, 42.0921216087383], [-93.62739928543763, 42.092119626066896], [-93.6277593648301, 42.09184746281322], [-93.62811944114411, 42.09157529843749], [-93.62847951437969, 42.09130313293975], [-93.6288395845369, 42.09103096632001], [-93.62920232185687, 42.091028977990845], [-93.62956505914022, 42.09102698851519], [-93.62993046974297, 42.09129517725518], [-93.63029588342411, 42.091563364798276], [-93.63066130018366, 42.09183155114443], [-93.6306639767281, 42.092101730430336], [-93.63102672002167, 42.09209973629362], [-93.63139214293815, 42.0923679202458], [-93.63103207629918, 42.092640094789154], [-93.631034754493, 42.092910274017555], [-93.63103743272355, 42.09318045323307], [-93.63067736000073, 42.09345262666628], [-93.63068003676534, 42.09372280587475], [-93.63068271356663, 42.093992985070315], [-93.63068539040464, 42.09426316425298], [-93.63105082442696, 42.09453134911701], [-93.63105350287778, 42.09480152825508], [-93.63069342113877, 42.09507370172355], [-93.63069609812354, 42.09534388085459], [-93.63106153845057, 42.09561206559188], [-93.63142698185663, 42.09588024913204], [-93.6310668956827, 42.09615242375189], [-93.63070680642961, 42.09642459724973], [-93.63070948359788, 42.096694776316255], [-93.63107493180628, 42.09696296089512], [-93.63071483804451, 42.097235134410575], [-93.63071751532287, 42.09750531343839], [-93.63035474120345, 42.09750730680396], [-93.62999464128305, 42.09777947807522], [-93.62963186555059, 42.097781469166044], [-93.62963453828326, 42.09805164822433], [-93.62927443220403, 42.09832381725125], [-93.6289116533189, 42.09832580608602], [-93.62854887439715, 42.098327793774004], [-93.62818609543883, 42.09832978031521], [-93.62782331644397, 42.098331765709645], [-93.62746053741256, 42.09833374995729], [-93.62710042037234, 42.09860591222158], [-93.62673763972819, 42.09860789419433], [-93.62637485904754, 42.09860987502029], [-93.62601207833046, 42.098611854699456], [-93.62565195348206, 42.09888401245693], [-93.62565460942359, 42.09915419166913]]}}, {"type": "Feature", "properties": {}, "geometry": {"type": "LineString", "coordinates": [[-93.6446945026541, 42.116341165183634], [-93.64505738315356, 42.11633912575141], [-93.645423005147, 42.116607262523104], [-93.64578863022271, 42.11687539809595], [-93.64615425838078, 42.1171435324699], [-93.64651988962122, 42.11741166564494], [-93.64688552394406, 42.11767979762104], [-93.64725116134936, 42.117947928398145], [-93.64761680183715, 42.11821605797625], [-93.64761955287952, 42.118486235121736], [-93.64798519802886, 42.11875436346859], [-93.64798795068798, 42.119024540568965], [-93.64835360049905, 42.11929266768451], [-93.64871925339281, 42.119560793600925], [-93.64872200924792, 42.11983097062395], [-93.64872476514083, 42.12010114763405], [-93.64872752107152, 42.12037132463124], [-93.64873027703999, 42.120641501615516], [-93.64873303304626, 42.120911678586886], [-93.6487357890903, 42.12118185554533], [-93.64910145454226, 42.12144998006915], [-93.64946712307729, 42.1217181033937], [-93.6494698823178, 42.12198828027475], [-93.64983555551531, 42.122256402367746], [-93.65020123179598, 42.12252452326139], [-93.65056691115986, 42.122792642955666], [-93.65093259360697, 42.12306076145053], [-93.65093535920329, 42.12333093818956], [-93.65130104631329, 42.12359905545268], [-93.65166673650666, 42.123867171516316], [-93.65203242978345, 42.12413528638045], [-93.65239812614368, 42.124403400045026], [-93.65276105209271, 42.12440133593264], [-93.65312675304015, 42.12466944723039], [-93.65348968045487, 42.12466738080293], [-93.65385538598956, 42.124935489733765], [-93.65422109460783, 42.1252035974649], [-93.65458680630971, 42.12547170399632], [-93.65495252109527, 42.12573980932798], [-93.6549553040313, 42.12600998572394], [-93.65495808700548, 42.12628016210699], [-93.65496087001785, 42.1265503384771], [-93.65532659262726, 42.12681844251169], [-93.65532937725789, 42.127088618836474], [-93.65496921928387, 42.12736086750998], [-93.65497200244887, 42.12763104382843], [-93.65497478565203, 42.12790122013397], [-93.65497756889334, 42.128171396426595], [-93.65534330098373, 42.12843950026661], [-93.65570624975643, 42.12843742667895], [-93.65607198643478, 42.12870552815155], [-93.65643493667312, 42.128703452248416], [-93.65680067793947, 42.12897155135351], [-93.65716642229002, 42.12923964925857], [-93.65716921497497, 42.12950982536936], [-93.6575349639902, 42.12977792204187], [-93.65717480045974, 42.1300501775522], [-93.6568146338449, 42.13032243194072], [-93.65681742514082, 42.13059260801942], [-93.6564572539376, 42.13086486129276], [-93.65609429136197, 42.13086693735225], [-93.65573411549377, 42.131139188375194], [-93.65609986797608, 42.13140728952326], [-93.65646283363627, 42.131405213424664], [-93.6568285907072, 42.131673312204995], [-93.65719435086275, 42.131941409785185], [-93.65719714393066, 42.132211585766804], [-93.65756290875154, 42.13247968211433], [-93.65792867665718, 42.132747777261635], [-93.65829444764759, 42.133015871208706], [-93.65829724549599, 42.13328604707987], [-93.65830004338274, 42.13355622293812], [-93.65793986195771, 42.133828480798876], [-93.65757967744776, 42.13410073753773], [-93.65721669647846, 42.13410281727638], [-93.65685650730268, 42.13437507176468]]}}, {"type": "Feature", "properties": {}, "geometry": {"type": "LineString", "coordinates": [[-93.62565460942359, 42.09915419166913], [-93.62565726540151, 42.09942437086843], [-93.62602270832859, 42.09969257144792], [-93.6260253659192, 42.099962750602785], [-93.62602802354624, 42.100232929744735]]}}, {"type": "Feature", "properties": {}, "geometry": {"type": "LineString", "coordinates": [[-93.6439073893867, 42.038529539634204], [-93.64426709775837, 42.03825732462423], [-93.64462953371607, 42.03825528959063], [-93.64498923744523, 42.03798307233651], [-93.64534893810439, 42.037710853963496], [-93.64570863569355, 42.037438634471606], [-93.64607106689647, 42.03743659491816], [-93.64643075984326, 42.037164373182314], [-93.64679044972013, 42.036892150327695], [-93.64715287774061, 42.03689010737974], [-93.64751530572352, 42.036888063287456], [-93.64787498938558, 42.03661583706398], [-93.64823466997784, 42.03634360972182], [-93.64859434750036, 42.03607138126103], [-93.64895402195314, 42.03579915168162], [-93.64931644360843, 42.03579710194501], [-93.64967886522604, 42.03579505106413], [-93.64967611341903, 42.03552487012207], [-93.64967336164975, 42.03525468916711], [-93.65003302689364, 42.03498245623208], [-93.65039544383141, 42.03498040312068], [-93.65075786073143, 42.03497834886503], [-93.65112027759369, 42.03497629346516], [-93.65147993505047, 42.034704056037015], [-93.65183958943774, 42.034431817490486], [-93.65219924075558, 42.034159577825605], [-93.652558889004, 42.0338873370424], [-93.65291853418306, 42.03361509514092], [-93.65327817629277, 42.033342852121166], [-93.65327540947875, 42.03307267125668], [-93.65327264270266, 42.03280249037927], [-93.65326987596445, 42.03253230948895], [-93.65362951051486, 42.03226006537055], [-93.65398914199616, 42.031987820134], [-93.65435154163644, 42.03198575465004], [-93.6543487704084, 42.031715573779316], [-93.6547083957516, 42.031443326306544], [-93.65506801802584, 42.031171077715705], [-93.65542763723111, 42.03089882800684], [-93.6557872533675, 42.030626577179966], [-93.65578447619163, 42.03035639632261], [-93.6557816990538, 42.03008621545234], [-93.65577892195402, 42.02981603456916]]}}, {"type": "Feature", "properties": {}, "geometry": {"type": "LineString", "coordinates": [[-93.69058058934634, 42.097701055219396], [-93.69021781848906, 42.09770323783449], [-93.68985504759162, 42.09770541930287], [-93.68948934987846, 42.097437423806], [-93.68912658044036, 42.09743960296044], [-93.68876381096216, 42.09744178096818], [-93.6884039636006, 42.09771413370928], [-93.68804411315985, 42.09798648533173], [-93.68768134048224, 42.09798865994031], [-93.6873185677646, 42.09799083340218], [-93.68695579500698, 42.09799300571731], [-93.68659302220938, 42.097995176885725], [-93.68623024937183, 42.09799734690741], [-93.68586747649434, 42.09799951578238], [-93.68550179369717, 42.09773150747988], [-93.68513611397923, 42.097463497976925], [-93.68477334406131, 42.09746566337093], [-93.68477043734049, 42.09719548727354], [-93.68440766892232, 42.09719765150046], [-93.68404199686248, 42.096929638429614], [-93.68367922990426, 42.09693180034278], [-93.68331646290623, 42.09693396110927], [-93.68295369586846, 42.096936120729076], [-93.68259382623451, 42.09720845543462], [-93.68223395352138, 42.097480789021176], [-93.68187118328528, 42.09748294524153], [-93.68150552014501, 42.09721492403476], [-93.68113986008392, 42.09694690162778], [-93.68113696883829, 42.09667672530123], [-93.6807713134355, 42.0964087016609], [-93.68040854919907, 42.09641085321337], [-93.68004578492307, 42.09641300361917], [-93.67968302060748, 42.096415152878315], [-93.67968013559918, 42.09614497644488], [-93.6793144893543, 42.095876948070554], [-93.67894884618838, 42.09560891849621], [-93.67894596437762, 42.095338741983554], [-93.67858032586956, 42.09507071117609], [-93.67821756909329, 42.09507285574758], [-93.67785193516403, 42.09480482257338], [-93.67748917984827, 42.09480696483147], [-93.67748630431358, 42.09453678819928], [-93.6774834288183, 42.094266611554175], [-93.67711780262538, 42.09399857594715], [-93.67675217951113, 42.09373053914029], [-93.67638655947552, 42.09346250113368], [-93.67602381169895, 42.0934646387047], [-93.67566106388307, 42.09346677512918], [-93.67530118216904, 42.09373908721178], [-93.67493843273523, 42.093741221363246], [-93.67457568326218, 42.09374335436815], [-93.67421293374986, 42.09374548622649], [-93.67385018419833, 42.09374761693826], [-93.67349029309136, 42.09401992339562], [-93.67313039890571, 42.094292228733565], [-93.67313325592849, 42.0945624056199], [-93.67313611299043, 42.09483258249331], [-93.67313897009154, 42.095102759353814], [-93.67314182723182, 42.09537293620137], [-93.67278192396638, 42.09564524044833], [-93.67242201762198, 42.09591754357576], [-93.6720621081986, 42.09618984558366], [-93.67170219569618, 42.096462146471985], [-93.6713422801147, 42.096734446240696], [-93.67134512979213, 42.09700462311078], [-93.67134797950864, 42.09727479996795], [-93.670985209631, 42.09727692176692], [-93.67062528639065, 42.097549219303374], [-93.67026251489533, 42.097551338828886], [-93.66990258699708, 42.09782363411885], [-93.66953981388413, 42.09782575137086], [-93.66917704073222, 42.09782786747615], [-93.66917988132799, 42.098098044414265], [-93.66918272196268, 42.098368221339456], [-93.66882278482643, 42.09864051327003], [-93.66846284461074, 42.09891280408073], [-93.6684656822828, 42.09918298100698], [-93.66810573748678, 42.09945527070476], [-93.66774578961122, 42.099727559282606], [-93.66811140994577, 42.09999562453243], [-93.66847703335995, 42.10026368858276], [-93.66811708256027, 42.10053597830843], [-93.66811991892585, 42.10080615517704], [-93.6681227553303, 42.10107633203273]]}}, {"type": "Feature", "properties": {}, "geometry": {"type": "LineString", "coordinates": [[-93.66405311313413, 42.09353453533084], [-93.66369318091506, 42.093806811361326], [-93.66332761489157, 42.093538731360404], [-93.66296205194672, 42.09327065016051], [-93.66259930426828, 42.093272745289156], [-93.66223374590278, 42.09300466172403], [-93.66186819061585, 42.09273657696003], [-93.66150263840741, 42.09246849099718], [-93.66149983095293, 42.09219831337181], [-93.66113428340068, 42.09193022617753], [-93.66077154322596, 42.09193231547503]]}}, {"type": "Feature", "properties": {}, "geometry": {"type": "LineString", "coordinates": [[-93.63833563746117, 42.025050824784984], [-93.63870070313938, 42.02531899101207], [-93.63906577188564, 42.025587156044416], [-93.63943084370003, 42.02585531988198], [-93.63979320955258, 42.0258533006003], [-93.64015557536801, 42.025851280174756], [-93.6405179411463, 42.02584925860533], [-93.64052065324445, 42.02611944049168], [-93.64088573418908, 42.02638759961371], [-93.64125081820195, 42.02665575754082], [-93.64161047169618, 42.02638355067919], [-93.64197012212217, 42.02611134269892], [-93.64232976948, 42.02583913360002], [-93.64268941376969, 42.02556692338256], [-93.64304905499127, 42.02529471204654], [-93.6434086931448, 42.02502249959201], [-93.64340596892329, 42.02475231780675], [-93.64340324473912, 42.024482136008594], [-93.64303816431584, 42.024213984803204], [-93.64303544174024, 42.023943802960105], [-93.64303271920193, 42.02367362110409], [-93.64339507241051, 42.023671590536665], [-93.64375470001299, 42.0233993769948], [-93.6441143245477, 42.02312716233453], [-93.64447394601471, 42.0228549465559], [-93.64483629447228, 42.02285291147083], [-93.64520137452195, 42.02312105702181], [-93.6455664576393, 42.02338920137777], [-93.64592880905232, 42.023387162823035], [-93.64629389673385, 42.023655304820906], [-93.64665898748318, 42.02392344562365], [-93.64702134185151, 42.023921403599125], [-93.64738369618233, 42.023919360430796], [-93.64774605047559, 42.02391731611867], [-93.64810840473127, 42.023915270662755], [-93.64847075894936, 42.02391322406304], [-93.64883036604903, 42.02364099477083], [-93.64918997008093, 42.023368764360534], [-93.64955232111832, 42.02336671436805], [-93.64991192051095, 42.023094481715205], [-93.65027151683586, 42.022822247944355], [-93.65063111009313, 42.02255001305552], [-93.6509934563782, 42.022547958546006], [-93.6509907002828, 42.022277777048714], [-93.6513502874049, 42.02200553992399], [-93.65170987145947, 42.02173330168138], [-93.6520722130299, 42.021731243798804], [-93.65243179244544, 42.02145900331402], [-93.65279136879356, 42.021186761711434], [-93.65315094207429, 42.02091451899107], [-93.65351327889218, 42.02091245659196], [-93.65387561567218, 42.02091039304918], [-93.65423518274241, 42.02063814696261]]}}, {"type": "Feature", "properties": {}, "geometry": {"type": "LineString", "coordinates": [[-93.65577892195402, 42.02981603456916], [-93.6557761448923, 42.02954585367306], [-93.6557733678686, 42.02927567276405]]}}, {"type": "Feature", "properties": {}, "geometry": {"type": "LineString", "coordinates": [[-93.65577892195402, 42.02981603456916], [-93.6561385305326, 42.02954378264411], [-93.65649813604249, 42.02927152960117], [-93.65685773848374, 42.02899927544035], [-93.65721733785638, 42.02872702016168], [-93.65757971874136, 42.02872494461533], [-93.6579448857415, 42.028993048742635], [-93.65831005581022, 42.029261151673886], [-93.65867522894759, 42.02952925340907], [-93.65904040515362, 42.02979735394816], [-93.65940558442837, 42.030065453291115], [-93.65977076677189, 42.030333551437906], [-93.66013595218418, 42.0306016483885], [-93.66049834350378, 42.030599563552855], [-93.66086073478505, 42.03059747757315], [-93.66122312602796, 42.0305953904494], [-93.66158271550609, 42.03032312163766], [-93.66194510513783, 42.03032103224548], [-93.6623074947312, 42.03031894170926], [-93.66266988428613, 42.030316850029], [-93.66303227380261, 42.03031475720471], [-93.66339466328063, 42.030312663236366], [-93.66375705272014, 42.030310568123994], [-93.66412225458842, 42.030578652273526], [-93.66448745952552, 42.0308467352266], [-93.66484985191826, 42.03084463664257], [-93.66521224427242, 42.03084253691449], [-93.665574636588, 42.03084043604234], [-93.66593702886495, 42.030838334026136], [-93.66629942110326, 42.03083623086587], [-93.66665899005618, 42.03056394630702], [-93.66702138068273, 42.03056184087848], [-93.66701855594027, 42.030291660630866]]}}, {"type": "Feature", "properties": {}, "geometry": {"type": "LineString", "coordinates": [[-93.63480879293446, 42.03479747189854], [-93.63481148170261, 42.03506765366245], [-93.63445175043191, 42.03533983934131], [-93.63409201609157, 42.03561202390075]]}}, {"type": "Feature", "properties": {}, "geometry": {"type": "LineString", "coordinates": [[-93.64862456962663, 42.03904337126662], [-93.64898700973913, 42.03904132244271], [-93.64934944981397, 42.03903927247442], [-93.64971188985112, 42.03903722136172], [-93.65007432985055, 42.039035169104615], [-93.65043401448261, 42.03876293495467], [-93.65079369604454, 42.038490699686115], [-93.65115337453639, 42.03821846329899], [-93.65151304995818, 42.03794622579331], [-93.65187272230999, 42.037673987169136], [-93.65223239159182, 42.037401747426486], [-93.65259205780374, 42.03712950656538], [-93.65295172094581, 42.036857264585876], [-93.65331414832491, 42.036855202184626], [-93.6536738068243, 42.03658295796187], [-93.65403346225392, 42.03631071262077], [-93.65439588644944, 42.03630864682551], [-93.65475553723647, 42.036036399241326], [-93.65511518495383, 42.03576415053888], [-93.65547482960152, 42.03549190071822], [-93.65583724904047, 42.03548983040433], [-93.65619966844137, 42.03548775894618], [-93.65656208780419, 42.03548568634378], [-93.6569245071289, 42.03548361259714], [-93.6572869264155, 42.03548153770624], [-93.65764934566393, 42.03547946167109], [-93.6580117648742, 42.035477384491685], [-93.6583741840463, 42.03547530616803], [-93.65873660318016, 42.035473226700134], [-93.65910181398806, 42.03574132652403], [-93.6594670278656, 42.03600942515153], [-93.65982944995436, 42.036007342211654], [-93.6598322448128, 42.03627752258262], [-93.66019746482974, 42.03654561881728], [-93.66056268791644, 42.03681371385545]]}}, {"type": "Feature", "properties": {}, "geometry": {"type": "LineString", "coordinates": [[-93.67770866159286, 42.047251399958306], [-93.67807114622173, 42.04724925895861], [-93.67843650560013, 42.047517295627536], [-93.67880186804997, 42.04778533109847], [-93.67916723357129, 42.04805336537137], [-93.6795326021641, 42.0483213984462], [-93.67989797382846, 42.04858943032293], [-93.68025758327404, 42.04831710369327], [-93.68062007376977, 42.04831495459969], [-93.68097967856853, 42.04804262572834], [-93.68134216744946, 42.04804047436553], [-93.68170465629079, 42.04803832185799], [-93.68206425486744, 42.047765989620565], [-93.68242674209385, 42.047763834843856], [-93.6827863360237, 42.04749150036496], [-93.68314882163513, 42.04748934331912], [-93.6835113072069, 42.04748718512856], [-93.68387379273898, 42.0474850257933], [-93.68423337887127, 42.047212686824274], [-93.6845929619322, 42.04694034673832], [-93.68459006111593, 42.04667016824377], [-93.6842246810294, 42.04640215127954], [-93.68422178182823, 42.04613197273876], [-93.68458135890559, 42.04585963268256], [-93.6845784582483, 42.04558945413629], [-93.68493803075873, 42.045317112970665], [-93.68529760019808, 42.04504477068824], [-93.6856571665664, 42.04477242728904], [-93.68565426146166, 42.04450224875221], [-93.68565135639673, 42.04423207020245], [-93.68601091670278, 42.04395972570146], [-93.68600801018205, 42.04368954714625], [-93.68600510370113, 42.043419368578114], [-93.68600219726004, 42.04314918999705], [-93.68563973653502, 42.04315135587416], [-93.68528017914055, 42.04342369922858], [-93.6849206186753, 42.0436960414663], [-93.68456105513924, 42.04396838258729], [-93.68419858964894, 42.04397054394732], [-93.68383612411893, 42.043972704162776], [-93.6834707627764, 42.04370468453588], [-93.68310540450467, 42.04343666371086], [-93.68310251034659, 42.0431664849669], [-93.68309961622816, 42.04289630621002], [-93.68309672214939, 42.04262612744021], [-93.68309382811026, 42.042355948657466], [-93.68272847920925, 42.04208792650136], [-93.6823631333788, 42.04181990314723], [-93.68199779061888, 42.0415518785951], [-93.68163533866903, 42.04155403176061], [-93.6812728866796, 42.04155618378166], [-93.68091043465063, 42.04155833465822], [-93.68054798258211, 42.04156048439031], [-93.68018553047412, 42.04156263297793], [-93.67982019826323, 42.041294601404196], [-93.6794548691228, 42.041026568632645], [-93.67908954305277, 42.04075853466329], [-93.6790866661781, 42.040488355567255], [-93.67908378934285, 42.040218176458275], [-93.67871846949232, 42.03995014122493], [-93.67871559427101, 42.039679962069926]]}}, {"type": "Feature", "properties": {}, "geometry": {"type": "LineString", "coordinates": [[-93.64354767794492, 42.0388017535252], [-93.6439101170475, 42.03879972074205], [-93.64427255611271, 42.03879768681451], [-93.64463772590888, 42.03906583279919], [-93.64500289877522, 42.0393339775882], [-93.64536807471181, 42.03960212118153], [-93.64573051823264, 42.039600082618826], [-93.64609569873716, 42.0398682238528], [-93.646460882312, 42.040136363890994], [-93.6468260689572, 42.040404502733374], [-93.64719125867279, 42.040672640379924], [-93.64755645145881, 42.040940776830595], [-93.64791890243036, 42.040938731305026], [-93.6482840997845, 42.041206865396056], [-93.64828684624234, 42.041477046144195], [-93.64828959273783, 42.041747226879444], [-93.64829233927094, 42.04201740760177], [-93.64829508584168, 42.04228758831118], [-93.64866029255815, 42.042555721077456], [-93.64866304073955, 42.042825901741764], [-93.64866578895858, 42.04309608239316], [-93.64903100189191, 42.043364213898975], [-93.6493962178961, 42.04363234420869], [-93.64976143697116, 42.04390047332228], [-93.65012665911716, 42.04416860123973], [-93.65049188433414, 42.04443672796097], [-93.65085711262213, 42.044704853486], [-93.65121958474975, 42.04470279738908], [-93.65158481760652, 42.04497092055386], [-93.65158757841132, 42.045241100947266], [-93.65122786255748, 42.04551333862744], [-93.65159310013442, 42.04578146169535], [-93.65159586105271, 42.046051642050024], [-93.65159862200885, 42.046321822391775], [-93.65196386580398, 42.046589944198764], [-93.65196662837145, 42.04686012449532], [-93.65160690510423, 42.047132363339614], [-93.6516096662117, 42.04740254362973], [-93.65197491630103, 42.0476706653075], [-93.65161518854013, 42.04794290417122]]}}, {"type": "Feature", "properties": {}, "geometry": {"type": "LineString", "coordinates": [[-93.62712787883635, 42.06456125525461], [-93.6274878050568, 42.064289092589554], [-93.6278477282031, 42.0640169288035], [-93.62820764827528, 42.063744763896516], [-93.62856756527339, 42.0634725978686], [-93.62893014570804, 42.06347061144845], [-93.62929005805856, 42.06319844317299], [-93.62928739004752, 42.06292826245017], [-93.62964729782365, 42.06265609305971], [-93.63000720252587, 42.062383922548456], [-93.63036710415425, 42.06211175091645], [-93.6307270027088, 42.06183957816372], [-93.63072432873307, 42.061569397451365], [-93.63072165479397, 42.06129921672611], [-93.63071898089154, 42.06102903598794], [-93.63071630702575, 42.060758855236884], [-93.63035106985075, 42.06049066641362], [-93.62998583574932, 42.060222476394685], [-93.62998316506696, 42.0599522955674], [-93.62998049442119, 42.05968211472721], [-93.62997782381204, 42.059411933874124], [-93.62997515323946, 42.059141753008134], [-93.62960992850475, 42.058873561666985], [-93.62960725954201, 42.05860338075645], [-93.62960459061588, 42.058333199833015], [-93.62924203945383, 42.05833518818811], [-93.62887948825521, 42.05833717539802], [-93.62851693702007, 42.058339161462754], [-93.6281543857484, 42.058341146382304], [-93.62779183444026, 42.05834313015667], [-93.62742928309564, 42.05834511278586], [-93.62706673171459, 42.058347094269855], [-93.6267041802971, 42.05834907460868], [-93.62670152370036, 42.058078893522826], [-93.62633631875936, 42.057810691580436], [-93.62597377034227, 42.05781266959163], [-93.62597111689149, 42.0575424884427], [-93.62596846347708, 42.057272307280876], [-93.62596581009903, 42.05700212610616], [-93.62632569902829, 42.05672996698186], [-93.62668558488456, 42.05645780673681], [-93.62668292854268, 42.05618762556065], [-93.62704546766788, 42.056185645371045], [-93.62740534737831, 42.055913482884584], [-93.62776522401586, 42.05564131927746], [-93.62812775995889, 42.05563933568992], [-93.62812509758062, 42.05536915454972], [-93.62812243523882, 42.05509897339663], [-93.62848230423094, 42.05482680755408], [-93.62847964042578, 42.054556626393875], [-93.62847697665714, 42.05428644522076], [-93.6281117862365, 42.05401824865521], [-93.62810912407713, 42.0537480674376], [-93.62846898557018, 42.05347590162402], [-93.62882884399079, 42.05320373468992], [-93.62918869933894, 42.052931566635365], [-93.6295485516147, 42.05265939746039]]}}, {"type": "Feature", "properties": {}, "geometry": {"type": "LineString", "coordinates": [[-93.67770866159286, 42.047251399958306], [-93.67771153331039, 42.047521578811974], [-93.67807689276755, 42.04778961661269], [-93.67844225529618, 42.04805765321544], [-93.6784451302033, 42.04832783198999], [-93.67808263947087, 42.048329974215086], [-93.67772302057402, 42.04860229409742], [-93.67736339860556, 42.04887461286239], [-93.67700377356547, 42.04914693050996], [-93.67700664248677, 42.04941710931347], [-93.67700951144738, 42.04968728810406], [-93.6770123804473, 42.049957466881715], [-93.67701524948653, 42.05022764564646], [-93.67701811856509, 42.05049782439827], [-93.67702098768295, 42.05076800313716], [-93.67702385684014, 42.05103818186311], [-93.67738923378195, 42.051306221563706], [-93.67775461379576, 42.05157426006621], [-93.67739497536496, 42.05184657891074], [-93.67739784621547, 42.05211675756486], [-93.67740071710533, 42.05238693620607], [-93.67740358803452, 42.05265711483434], [-93.67740645900305, 42.0529272934497], [-93.67740933001095, 42.05319747205214], [-93.67741220105817, 42.053467650641636], [-93.67777759367563, 42.05373568887949], [-93.67778046633775, 42.054005867422994], [-93.6781458636032, 42.05427390442954], [-93.67851126394113, 42.05454194023782], [-93.67887666735159, 42.05480997484782], [-93.6792420738346, 42.0550780082595], [-93.67960748339021, 42.05534604047281], [-93.67997289601847, 42.055614071487746], [-93.68033542802723, 42.05561192299264], [-93.680700845225, 42.05587995164387], [-93.68106337869106, 42.055877800838424], [-93.68142591211756, 42.05587564888794], [-93.6817884455045, 42.055873495792405], [-93.68215097885181, 42.055871341551835], [-93.6825135121595, 42.055869186166206], [-93.68287315098095, 42.055596851465864], [-93.68323278672972, 42.05532451564819], [-93.68359531684575, 42.05532235686809], [-93.68395784692208, 42.055320196942965], [-93.68432327751093, 42.05558821397408], [-93.6846858090441, 42.05558605173856], [-93.6850483405375, 42.055583888357994], [-93.68541087199112, 42.055581723832404], [-93.68577631014229, 42.05584973616858], [-93.6861388430526, 42.055847569332514], [-93.68650428577298, 42.05611557930446], [-93.6868697315661, 42.05638358807758], [-93.68723226742954, 42.05638141776551]]}}, {"type": "Feature", "properties": {}, "geometry": {"type": "LineString", "coordinates": [[-93.6618238043455, 42.05355860120977], [-93.66182660937542, 42.053828780642945], [-93.66182941444377, 42.05409896006321], [-93.66183221955056, 42.05436913947054], [-93.66147249684491, 42.054641408883995], [-93.66111277106668, 42.05491367717888], [-93.66075304221582, 42.05518594435516], [-93.66039331029229, 42.0554582104128], [-93.66039610944584, 42.055728389834236], [-93.66039890863776, 42.055998569242746], [-93.66040170786803, 42.056268748638345], [-93.66040450713666, 42.056538928021034], [-93.6600447661482, 42.056811192986906], [-93.65968502208683, 42.05708345683405], [-93.65932248017825, 42.057085540159584], [-93.65896273146912, 42.05735780176244], [-93.65860297968698, 42.05763006224648]]}}, {"type": "Feature", "properties": {}, "geometry": {"type": "LineString", "coordinates": [[-93.66256008028226, 42.05463513539186], [-93.66256288853855, 42.05490531473398], [-93.66256569683328, 42.055175494063164], [-93.66256850516653, 42.05544567337943], [-93.66257131353825, 42.055715852682795], [-93.66257412194848, 42.055986031973234], [-93.66257693039718, 42.05625621125075], [-93.66257973888436, 42.05652639051536], [-93.66222000734507, 42.056798662233746], [-93.66222281437277, 42.057068841492224], [-93.66222562143892, 42.057339020737786], [-93.66259097321797, 42.0576071074446], [-93.66295632807008, 42.05787519295395], [-93.66332168599524, 42.05814327726579], [-93.66368704699353, 42.0584113603801], [-93.664052411065, 42.058679442296835]]}}, {"type": "Feature", "properties": {}, "geometry": {"type": "LineString", "coordinates": [[-93.62712787883635, 42.06456125525461], [-93.6274904655652, 42.064559273341345], [-93.6278530522576, 42.06455729028265], [-93.62821563891353, 42.06455530607853], [-93.62857822553295, 42.064553320728976], [-93.62894081211583, 42.06455133423399], [-93.62930606689261, 42.064819527238974], [-93.62967132474361, 42.06508771904818], [-93.63003658566892, 42.06535590966155], [-93.63039917671688, 42.065353918528594], [-93.63076176772822, 42.06535192625017], [-93.63112703472889, 42.065620113339236], [-93.63148962720406, 42.06561811875111], [-93.63185221964255, 42.06561612301751], [-93.63221481204431, 42.06561412613844], [-93.63257472223468, 42.065341947676174], [-93.63293731302576, 42.065339948524986], [-93.63329990378008, 42.06533794822835], [-93.63366249449761, 42.065335946786256], [-93.6340250851783, 42.0653339441987], [-93.63438767582215, 42.06533194046569], [-93.63474757506836, 42.06505975524971], [-93.6351074712403, 42.06478756891314], [-93.63546736433801, 42.06451538145605], [-93.63582725436156, 42.06424319287842], [-93.63618983867244, 42.06424118349383]]}}, {"type": "Feature", "properties": {}, "geometry": {"type": "LineString", "coordinates": [[-93.6769109841294, 42.074545821149535], [-93.67690811308712, 42.074275643527805], [-93.67690524208419, 42.07400546589316], [-93.67653973573529, 42.07373742663917], [-93.6765368663488, 42.07346724895854], [-93.67653399700166, 42.073197071264985], [-93.6765311276938, 42.072926893558495], [-93.6765282584253, 42.072656715839095], [-93.67652538919612, 42.07238653810677], [-93.67652252000626, 42.07211636036151], [-93.67651965085572, 42.07184618260333], [-93.67615415862127, 42.07157814191905], [-93.67578866946201, 42.07131010003592], [-93.67542318337787, 42.07104205695398], [-93.67505770036884, 42.070774012673255], [-93.67469222043488, 42.0705059671938], [-93.67432674357592, 42.07023792051562], [-93.67396698605702, 42.07051022860445], [-93.67360722546312, 42.07078253557482], [-93.67324460663875, 42.070784663436086], [-93.67288198777526, 42.07078679015171], [-93.67251651683144, 42.0705187376781], [-93.67215389942727, 42.070520862082425], [-93.67179128198401, 42.07052298534111], [-93.67143151193038, 42.07079528555773], [-93.67107173880166, 42.07106758465573], [-93.67071196259784, 42.0713398826351], [-93.6703493403859, 42.071342001371086], [-93.669986718135, 42.0713441189614], [-93.66998387677857, 42.07107394080383], [-93.6699810354611, 42.07080376263334], [-93.66961557650536, 42.07053570083478], [-93.66925295878924, 42.07053781607399], [-93.66888750440717, 42.07026975191146], [-93.66852205310008, 42.070001686550576], [-93.66815943834231, 42.07000379831308]]}}, {"type": "Feature", "properties": {}, "geometry": {"type": "LineString", "coordinates": [[-93.68719023216273, 42.08610308031329], [-93.68718731634398, 42.085832903815806], [-93.6871844005652, 42.08556272730539], [-93.68754418520435, 42.0852903782819], [-93.68790396676619, 42.0850180281402], [-93.6882666655255, 42.08501585336811], [-93.68862644243147, 42.08474350098251], [-93.68898621626022, 42.08447114747877], [-93.68898329298842, 42.0842009710061], [-93.68898036975668, 42.0839307945205]]}}, {"type": "Feature", "properties": {}, "geometry": {"type": "LineString", "coordinates": [[-93.6257252885871, 42.069432424457524], [-93.62609055818423, 42.06970062737204], [-93.62609321327193, 42.069970807940415], [-93.62645848751798, 42.07023900962758], [-93.62682376483913, 42.07050721011891], [-93.62718904523543, 42.070775409414374], [-93.62755432870688, 42.071043607513914], [-93.62791695229582, 42.071041624006945], [-93.62828224034361, 42.07130981974617], [-93.62864486539713, 42.071307833929126], [-93.62900749041412, 42.07130584696638], [-93.62937011539456, 42.07130385885793], [-93.6297327403384, 42.07130186960379], [-93.63009536524565, 42.07129987920395], [-93.63045799011627, 42.0712978876584], [-93.63082329024559, 42.07156607521501], [-93.63118591658053, 42.0715640813593], [-93.63154854287879, 42.07156208635787], [-93.63191116914034, 42.07156009021074], [-93.63227111391927, 42.07128791274523], [-93.63263105562298, 42.071015734158756], [-93.63299099425147, 42.07074355445134], [-93.6333509298048, 42.07047137362302], [-93.63371354973211, 42.07046937182276], [-93.63407348063593, 42.070197188746754], [-93.63443609895201, 42.07019518467405], [-93.63479871723118, 42.070193179455686], [-93.63516133547347, 42.070191173091665], [-93.635521258579, 42.0699189855146], [-93.63588387520991, 42.0699169768782], [-93.63624379366594, 42.06964478705367], [-93.63660370904701, 42.06937259610848], [-93.63696362135315, 42.06910040404266], [-93.63732623322366, 42.069098390880576], [-93.63768614088042, 42.06882619656751], [-93.63804875113941, 42.0688241811332], [-93.6384113613613, 42.068822164553296], [-93.63877126279421, 42.068549966866485], [-93.63913387140448, 42.06854794801441], [-93.63949647997761, 42.068545928016746], [-93.63985908851356, 42.06854390687351], [-93.64022169701232, 42.068541884584675], [-93.64058430547388, 42.06853986115027], [-93.64094963187456, 42.068808016417364], [-93.64131496135008, 42.06907617048782], [-93.64167485168626, 42.06880396378248], [-93.64203746153618, 42.068801935746656], [-93.64240007134879, 42.06879990656523], [-93.64276268112405, 42.06879787623822], [-93.64312801810014, 42.069066024485174], [-93.6434906293381, 42.06906399184784], [-93.64349335815108, 42.06933417153533], [-93.64385597088909, 42.06933213773324], [-93.64385870127694, 42.06960231738867], [-93.6438614317022, 42.069872497031184], [-93.6438641621649, 42.07014267666079], [-93.64350427377703, 42.070414890156194], [-93.64314438231406, 42.07068710253133], [-93.64278448777598, 42.07095931378617], [-93.64242459016272, 42.071231523920666], [-93.64242731466207, 42.07150170356229], [-93.64279266588689, 42.07176985265365], [-93.64315802018699, 42.072038000548126], [-93.64316074787372, 42.07230818011276], [-93.64280084433406, 42.07258039140494], [-93.64280357055785, 42.072850570962885], [-93.64244366244239, 42.07312278114088], [-93.64208102802843, 42.07312481062809], [-93.64172111526236, 42.07339701855901], [-93.6417238369849, 42.07366719813556], [-93.64172655874474, 42.07393737769921], [-93.64172928054187, 42.07420755724996], [-93.6417320023763, 42.07447773678779], [-93.64209736792624, 42.07474588785667], [-93.6421000913732, 42.07501606734959], [-93.64210281485745, 42.07528624682959], [-93.64174289008714, 42.07555845481004], [-93.64138296224093, 42.07583066166994], [-93.64138568276124, 42.07610084114941], [-93.64138840331883, 42.07637102061598], [-93.64139112391372, 42.076641200069645], [-93.6410311884894, 42.07691340582744], [-93.64067124998897, 42.077185610464575], [-93.64067396761956, 42.07745578991767], [-93.6406766852874, 42.07772596935784], [-93.64067940299249, 42.07799614878512], [-93.64104478451911, 42.07826430293298], [-93.64141016912205, 42.07853245588382], [-93.64177283436993, 42.07853042830629], [-93.6421354995805, 42.07852839958278], [-93.64249543928334, 42.07825619040731], [-93.64285810288105, 42.07825415941097], [-93.64322076644139, 42.07825212726866], [-93.64358616004924, 42.07852027322896], [-93.64395155673343, 42.078788417992065], [-93.64395428843137, 42.07905859719567], [-93.64395702016677, 42.07932877638635], [-93.6443224230787, 42.07959691988806], [-93.64468782906715, 42.0798650621925], [-93.64505323813215, 42.08013320329962], [-93.64505597463224, 42.08040338238112], [-93.64542138834966, 42.08067152225878], [-93.64542412646311, 42.08094170129526], [-93.64578954483312, 42.081209839943405], [-93.64615496627988, 42.081477977394115], [-93.64615770758276, 42.08174815635342], [-93.64616044892321, 42.082018335299814], [-93.64580050396607, 42.082290555831705], [-93.6458032438432, 42.082560734771505], [-93.64580598375787, 42.082830913698395], [-93.6458087237101, 42.083101092612374], [-93.6458114636999, 42.083371271513435], [-93.64581420372726, 42.083641450401586], [-93.64581694379216, 42.08391162927683], [-93.64545698675215, 42.08418384872596], [-93.64509702663493, 42.0844560670544]]}}, {"type": "Feature", "properties": {}, "geometry": {"type": "LineString", "coordinates": [[-93.66077154322596, 42.09193231547503], [-93.66076873892683, 42.09166213778447], [-93.66040319753134, 42.091394048192655], [-93.66003765921414, 42.091125957402134], [-93.65967212397523, 42.09085786541293], [-93.65930659181454, 42.09058977222507], [-93.65894106273205, 42.0903216778386], [-93.65857553672771, 42.090053582253546], [-93.65821001380148, 42.089785485469946], [-93.658207220583, 42.089515307538626], [-93.65784170231213, 42.089247209524004], [-93.65747618711923, 42.0889791103109]]}}, {"type": "Feature", "properties": {}, "geometry": {"type": "LineString", "coordinates": [[-93.62009177406838, 42.08675546268689], [-93.62009440528932, 42.08702564275777], [-93.62009703654633, 42.08729582281574], [-93.6200996678394, 42.08756600286082], [-93.62010229916854, 42.08783618289299], [-93.61974220923527, 42.08810832237616], [-93.61937948790076, 42.08811028069366], [-93.61938211622412, 42.088380460736936], [-93.6190193933146, 42.0883824179265], [-93.61865667036908, 42.08838437396968], [-93.61829657113003, 42.0886565089521], [-93.61793646881299, 42.08892864281202], [-93.61757374268159, 42.08893059545281], [-93.61721101651425, 42.088932546947184], [-93.61684829031103, 42.08893449729514], [-93.61648818019115, 42.08920662664841], [-93.61612545237716, 42.08920857472189], [-93.61576533760432, 42.08948070182445], [-93.61540521975337, 42.089752827804325], [-93.61504509882424, 42.09002495266151], [-93.61468497481691, 42.09029707639594], [-93.61432484773133, 42.090569199007604], [-93.61396471756744, 42.090841320496466], [-93.61360458432522, 42.09111344086249]]}}, {"type": "Feature", "properties": {}, "geometry": {"type": "LineString", "coordinates": [[-93.66077154322596, 42.09193231547503], [-93.6604088030128, 42.09193440362602], [-93.66004606276123, 42.091936490630516], [-93.65968332247124, 42.09193857648851], [-93.65931778400049, 42.091670483430846], [-93.65895504517296, 42.091672566976214], [-93.6585923063071, 42.091674649375086], [-93.65822677391641, 42.091406552786566], [-93.65786403651312, 42.09140863287286], [-93.65750129907154, 42.09141071181268], [-93.65713856159174, 42.09141278960602]]}}, {"type": "Feature", "properties": {}, "geometry": {"type": "LineString", "coordinates": [[-93.62449203442304, 42.09159509611534], [-93.62449468476404, 42.09186527573173], [-93.62413194235255, 42.09186724921228], [-93.62377184720357, 42.09213940118694], [-93.62340910318022, 42.092141372393], [-93.62304900337719, 42.09241352211738], [-93.62268625774205, 42.09241549104892], [-93.6223235120707, 42.0924174588339], [-93.62196076636313, 42.092419425472336], [-93.62196340603808, 42.09268960517988], [-93.62160329692686, 42.092961750403425], [-93.62124318473698, 42.093233894504515], [-93.62088306946842, 42.09350603748311], [-93.62088570466996, 42.093776217194545], [-93.62052558481938, 42.094048359056174], [-93.62016546188997, 42.09432049979525], [-93.620168094121, 42.094590679504925], [-93.62053348613084, 42.09485889812981], [-93.62089624583743, 42.09485693591127], [-93.62126164242957, 42.09512515217453], [-93.62162440360338, 42.095123187644205], [-93.62198980477784, 42.09539140154576], [-93.62235520903134, 42.0956596142507], [-93.6227206163639, 42.09592782575902], [-93.62272325958844, 42.09619800526179], [-93.6227259028492, 42.096468184751664], [-93.62236577584363, 42.09674033231014], [-93.62236841763725, 42.097010511792746], [-93.622008286049, 42.097282658234256]]}}, {"type": "Feature", "properties": {}, "geometry": {"type": "LineString", "coordinates": [[-93.62602802354624, 42.100232929744735], [-93.62639347270566, 42.10050112906413], [-93.6267589249449, 42.10076932718645], [-93.62712438026398, 42.101037524111675], [-93.62748717473035, 42.101035540824064], [-93.62748983866298, 42.101305719839765], [-93.62785530014192, 42.1015739143707], [-93.62822076470083, 42.10184210770442]]}}, {"type": "Feature", "properties": {}, "geometry": {"type": "LineString", "coordinates": [[-93.62565460942359, 42.09915419166913], [-93.62529182555409, 42.09915616909195], [-93.6249316945465, 42.09942832460449], [-93.62456890906444, 42.09943029975228], [-93.62420877340102, 42.09970245301405], [-93.6238486346579, 42.09997460515325], [-93.62348849283504, 42.100246756169845], [-93.62312834793238, 42.100518906063805], [-93.6231309933129, 42.100789085328714], [-93.62313363872971, 42.10105926458072], [-93.62313628418276, 42.101329443819814], [-93.62349908058941, 42.10132747312944], [-93.62350172761873, 42.10159765233709], [-93.62350437468433, 42.101867831531834], [-93.62314422075954, 42.10213998145972], [-93.62278406375468, 42.10241213026488], [-93.62242126111542, 42.10241409873559], [-93.62206109945413, 42.10268624528957], [-93.62169829520236, 42.102688211484896]]}}, {"type": "Feature", "properties": {}, "geometry": {"type": "LineString", "coordinates": [[-93.6681227553303, 42.10107633203273], [-93.66775996354544, 42.101078443789696], [-93.66739717172172, 42.10108055439979], [-93.66703721168274, 42.101352840765436], [-93.66667441824141, 42.10135494910167], [-93.66631162476132, 42.10135705629102], [-93.66595165848503, 42.1016293392825], [-93.66558886338743, 42.10163144419793], [-93.66522889245255, 42.101903724942176], [-93.66486609573755, 42.101905827583636], [-93.66450329898386, 42.101907929078195], [-93.66450612014405, 42.10217810608057], [-93.66450894134292, 42.10244828307003], [-93.66451176258047, 42.10271846004656], [-93.66415178090425, 42.10299073743696], [-93.66379179614792, 42.103263013707036], [-93.66343180831143, 42.10353528885676], [-93.66343462508337, 42.103805465840914], [-93.66307463266514, 42.1040777398771], [-93.6627118233978, 42.10407983579504], [-93.66234901409187, 42.104081930566004], [-93.6619862047474, 42.10408402418998], [-93.6619833940974, 42.10381384713981], [-93.66161777718318, 42.103545762514315], [-93.66125777837316, 42.103818030907405], [-93.66089497045327, 42.10382012107074], [-93.66053216249495, 42.103822210087095], [-93.66016655158727, 42.10355412079499], [-93.65980374509218, 42.103556207497746], [-93.6594381387664, 42.10328811583984]]}}, {"type": "Feature", "properties": {}, "geometry": {"type": "LineString", "coordinates": [[-93.57781098599771, 42.104268562178355], [-93.57781343932038, 42.10453874351033], [-93.57817871193518, 42.10480709729791], [-93.57854398763058, 42.10507544989109], [-93.57890926640663, 42.10534380128986], [-93.57927454826336, 42.105612151494185], [-93.5796373720081, 42.10561031932262], [-93.58000265845217, 42.1058786671681], [-93.58036548366978, 42.10587683268506], [-93.58073077470124, 42.106145178171616], [-93.58109360139164, 42.106143341377056], [-93.5814539591198, 42.10587132235327], [-93.58145149022523, 42.105601141258305], [-93.58181184336614, 42.1053291211136], [-93.58217219342637, 42.105057099843556], [-93.58253254040596, 42.10478507744823], [-93.5828953592253, 42.1047832350048], [-93.5832581780107, 42.10478139141431], [-93.58362099676215, 42.10477954667675], [-93.58398381547961, 42.10477770079213], [-93.5843466341631, 42.10477585376044], [-93.58471193546832, 42.10504418655907], [-93.58507475562405, 42.10504233721583], [-93.58543757574571, 42.105040486725514], [-93.58580039583332, 42.10503863508812], [-93.58616321588681, 42.10503678230366]]}}, {"type": "Feature", "properties": {}, "geometry": {"type": "LineString", "coordinates": [[-93.6681227553303, 42.10107633203273], [-93.66848838505956, 42.101344395951784], [-93.66849122308173, 42.10161457276173], [-93.668131264777, 42.10188686252228], [-93.66777130339236, 42.102159151162795], [-93.66777413845124, 42.102429327973766], [-93.667776973549, 42.102699504771806], [-93.66777980868562, 42.102969681556935], [-93.6681454479659, 42.10323774641309], [-93.66814828472033, 42.10350792315249], [-93.66815112151366, 42.10377809987895], [-93.6677911496208, 42.104050388568226], [-93.66779398495176, 42.10432056528875], [-93.6677968203216, 42.10459074199634], [-93.66743684234584, 42.10486302957937], [-93.66707402892253, 42.10486513932072], [-93.66671404628732, 42.105137424656405], [-93.66671687715306, 42.10540760138483], [-93.66671970805764, 42.10567777810034], [-93.66672253900101, 42.10594795480293], [-93.66636254878098, 42.10622023903913], [-93.6667282010042, 42.10648830816934], [-93.666731032064, 42.10675848483316]]}}, {"type": "Feature", "properties": {}, "geometry": {"type": "LineString", "coordinates": [[-93.68667172877804, 42.105289923173586], [-93.68630600032509, 42.10502191810628], [-93.6859431874098, 42.105024087512305], [-93.68557746353748, 42.10475608007677], [-93.68521465208256, 42.10475824716838], [-93.68485474842453, 42.105030588848344], [-93.68448902905307, 42.10476257791059], [-93.68412621747856, 42.10476474156121], [-93.68376050268779, 42.10449672825542], [-93.6833976925738, 42.10449888959169], [-93.68303488242006, 42.10450104978097], [-93.68267207222655, 42.10450320882326], [-93.6823092619933, 42.10450536671856], [-93.68194645172032, 42.10450752346688], [-93.68158653534311, 42.10477985499956], [-93.68158942931824, 42.105050030917994], [-93.68122950836015, 42.105322361338686], [-93.68086958432161, 42.10559469064001], [-93.68123529342829, 42.10586271315149], [-93.68123818602184, 42.10613288903848], [-93.68087825748145, 42.10640521836185], [-93.68051832586045, 42.10667754656576], [-93.6805212154923, 42.10694772245453], [-93.68052410516377, 42.10721789833037], [-93.68016416746062, 42.10749022542946]]}}, {"type": "Feature", "properties": {}, "geometry": {"type": "LineString", "coordinates": [[-93.62602802354624, 42.100232929744735], [-93.62603068120973, 42.100503108873795], [-93.62603333890964, 42.100773287989945], [-93.62603599664598, 42.10104346709319], [-93.62603865441875, 42.10131364618353], [-93.6256785145358, 42.10158580399831], [-93.62568117084145, 42.10185598308147], [-93.62568382718351, 42.10212616215175], [-93.62604928587425, 42.1023943624159], [-93.62605194382921, 42.102664541441726], [-93.62605460182061, 42.10293472045465], [-93.62605725984845, 42.103204899454674], [-93.62605991791273, 42.103475078441804], [-93.62606257601345, 42.10374525741602], [-93.62570242259764, 42.10401741528236], [-93.62570507923104, 42.104287594249406], [-93.62570773590087, 42.10455777320356], [-93.62571039260712, 42.104827952144795], [-93.6257130493498, 42.10509813107313], [-93.6257157061289, 42.10536830998856], [-93.62535554211352, 42.105640466760846], [-93.6249953750175, 42.105912622410415], [-93.6249980288252, 42.10618280132437], [-93.62463785714455, 42.10645495585685], [-93.6246405094846, 42.10672513476362], [-93.62464316186102, 42.10699531365748], [-93.6246458142738, 42.10726549253843], [-93.6242829840915, 42.10726746707852], [-93.62392015387286, 42.10726944047148], [-93.62355732361787, 42.10727141271728], [-93.62319713961395, 42.10754356275833], [-93.62283695252908, 42.10781571167641], [-93.6228395973485, 42.10808589061151], [-93.62247940567842, 42.10835803841226], [-93.62211656911643, 42.10836000614363], [-93.62175637278852, 42.10863215169269], [-93.62139617337954, 42.10890429611868]]}}, {"type": "Feature", "properties": {}, "geometry": {"type": "LineString", "coordinates": [[-93.57674212781707, 42.10643548849489], [-93.5767445767875, 42.10670566977535], [-93.57710985747396, 42.10697402681523], [-93.57747514124135, 42.107242382660694], [-93.57784042808971, 42.10751073731171], [-93.5782057180191, 42.107779090768275], [-93.57856855418854, 42.10777726190026], [-93.57893384870586, 42.10804561299787], [-93.57929914630428, 42.10831396290094], [-93.57966444698384, 42.10858231160941], [-93.57966690854775, 42.108852492649085], [-93.57966937014542, 42.10912267367588], [-93.58003467705494, 42.10939102112943], [-93.5803999870458, 42.10965936738829], [-93.58076530011799, 42.109927712452446], [-93.58113061627158, 42.11019605632187], [-93.58149346603656, 42.11019421812057], [-93.58185631576768, 42.110192378771984], [-93.58222163801643, 42.1104607191174], [-93.58258696334664, 42.11072905826796], [-93.58294981605755, 42.110727215442814], [-93.58331514597613, 42.110995552233824], [-93.58368047897625, 42.111263887829885], [-93.58404581505798, 42.11153222223099], [-93.58441115422134, 42.111800555437085], [-93.58477649646638, 42.112068887448146], [-93.58477898004132, 42.11233906807761], [-93.5847814636503, 42.11260924869419], [-93.58514681212696, 42.11287757944957], [-93.58550967692655, 42.11287572845386], [-93.58550719020168, 42.11260554788502], [-93.58586756519459, 42.112333515195076], [-93.58622793710575, 42.112061481379776], [-93.58659079718029, 42.11205962699429], [-93.58695116443472, 42.11178759092376], [-93.58731402290009, 42.11178573426105], [-93.58767937719894, 42.112054056953696], [-93.5880447345795, 42.1123223784511], [-93.58840759602391, 42.11232051831132], [-93.58877045743408, 42.112318657024176], [-93.58913331880997, 42.11231679458967], [-93.58949367654535, 42.112044750605605], [-93.589854031199, 42.111772705496406]]}}, {"type": "Feature", "properties": {}, "geometry": {"type": "LineString", "coordinates": [[-93.68311319897194, 42.11179579319565], [-93.68275324681566, 42.11206812830827], [-93.68239329157792, 42.112340462301326], [-93.68203333325863, 42.112612795174805], [-93.68167047673184, 42.11261495138513], [-93.68130762016534, 42.11261710644816], [-93.68094476355918, 42.112619260363864], [-93.68058479741691, 42.1128915887366], [-93.68022482819303, 42.113163915989645], [-93.68022771723497, 42.11343409158839], [-93.68059346916532, 42.113702115472094], [-93.68059635982739, 42.11397229102474], [-93.68023638459852, 42.11424461830709], [-93.67987640628782, 42.11451694446964], [-93.67951065261857, 42.114248918350235], [-93.67914778656925, 42.11425106665074]]}}, {"type": "Feature", "properties": {}, "geometry": {"type": "LineString", "coordinates": [[-93.64244627273852, 42.10932875802301], [-93.64208343203893, 42.10933078892553], [-93.64172059130193, 42.10933281868086], [-93.64135775052758, 42.10933484728896], [-93.64099490971589, 42.109336874749864], [-93.6406293483774, 42.109068723114646], [-93.64026650903168, 42.109070748262056], [-93.63990366964866, 42.10907277226226], [-93.63953811439785, 42.10880461709627], [-93.63917527648091, 42.10880663878303], [-93.63881243852676, 42.108808659322605], [-93.63844960053541, 42.10881067871499], [-93.63808676250689, 42.10881269696018], [-93.63772392444122, 42.10881471405817], [-93.63736108633843, 42.10881673000898], [-93.63699824819852, 42.108818744812595], [-93.63663541002153, 42.108820758469015], [-93.63627257180748, 42.108822770978236], [-93.63590973355639, 42.10882478234027], [-93.63554689526828, 42.10882679255511], [-93.63518405694315, 42.10882880162275], [-93.63518675428699, 42.10909897986947], [-93.63518945166781, 42.10936915810328], [-93.63519214908561, 42.10963933632417], [-93.63519484654041, 42.10990951453218], [-93.63519754403217, 42.110179692727264], [-93.63520024156092, 42.11044987090944], [-93.63520293912666, 42.11072004907872], [-93.63556848737957, 42.11098821801609], [-93.63557118656, 42.111258396140634], [-93.63593673947211, 42.11152656384813], [-93.63630229546573, 42.11179473035756], [-93.63630499783876, 42.1120649084055], [-93.63630770024885, 42.11233508644054], [-93.63631040269598, 42.112605264462665], [-93.63631310518018, 42.11287544247189], [-93.63631580770142, 42.11314562046819], [-93.63595564581625, 42.11341781013563], [-93.63559278133575, 42.11341982067228], [-93.63523261479082, 42.113692008088826], [-93.6352353128004, 42.113962186103215], [-93.63523801084698, 42.114232364104694], [-93.63524070893055, 42.11450254209326], [-93.6352434070511, 42.11477272006892], [-93.635608978972, 42.11504088852889], [-93.63524610520865, 42.11504289803168], [-93.6348859280618, 42.115315084355785], [-93.63452574783285, 42.11558726955734], [-93.63416556452174, 42.11585945363632], [-93.63380268598733, 42.11586145860597], [-93.63380537812843, 42.11613163659267], [-93.63380807030643, 42.116401814566466], [-93.63417364567913, 42.11666998750107], [-93.63453922413416, 42.116938159237485], [-93.63417903330205, 42.11721034334637]]}}, {"type": "Feature", "properties": {}, "geometry": {"type": "LineString", "coordinates": [[-93.57681561153755, 42.114540921304936], [-93.57717848636148, 42.11453909659619], [-93.57754136115176, 42.11453727073998], [-93.57790423590842, 42.11453544373631], [-93.57826956677363, 42.11480379641037], [-93.57827202294953, 42.11507397722267], [-93.57827447915909, 42.115344158022104], [-93.57827693540233, 42.11561433880864], [-93.57791650925067, 42.11588634781949], [-93.57791896402009, 42.11615652859748], [-93.57792141882317, 42.11642670936258], [-93.5779238736599, 42.116696890114795], [-93.5782892171237, 42.116965242548076], [-93.57865456367, 42.117233593786466], [-93.5790174537373, 42.11723176316805], [-93.57938280487369, 42.117500112046706], [-93.57974815909269, 42.11776845973039], [-93.58011351639429, 42.11803680621908], [-93.58011598068106, 42.118306986790536], [-93.5801184450016, 42.118577167349116], [-93.5804838085362, 42.118845512582425], [-93.5808491751536, 42.119113856620665]]}}, {"type": "Feature", "properties": {}, "geometry": {"type": "LineString", "coordinates": [[-93.6446945026541, 42.116341165183634], [-93.64469724110336, 42.11661134257346], [-93.64469997959017, 42.11688151995036], [-93.64470271811454, 42.11715169731435], [-93.64470545667643, 42.117421874665425], [-93.6447081952759, 42.1176920520036], [-93.6447109339129, 42.117962229328846], [-93.64471367258744, 42.118232406641205], [-93.64435351843287, 42.1185046223789], [-93.64435625564121, 42.11877479968462], [-93.64399609690024, 42.11904701430649], [-93.6439988326423, 42.11931719160556], [-93.64400156842186, 42.11958736889172], [-93.64400430423895, 42.11985754616497], [-93.64400704009354, 42.12012772342531], [-93.64400977598562, 42.12039790067274], [-93.64401251191525, 42.120668077907254], [-93.64401524788238, 42.120938255128856], [-93.64438089220526, 42.12120639485501]]}}, {"type": "Feature", "properties": {}, "geometry": {"type": "LineString", "coordinates": [[-93.6428691769941, 42.11527063506062], [-93.64287190758793, 42.11554081259793], [-93.64287463821918, 42.11581099012233], [-93.64251448970458, 42.11608320016196], [-93.6425172188696, 42.11635337767968], [-93.64215706576906, 42.11662558660341], [-93.64179690958622, 42.11689779440498], [-93.6414340256673, 42.116899823547996], [-93.64143675032102, 42.11717000108434], [-93.6414394750121, 42.11744017860776], [-93.64107931116065, 42.11771238417107], [-93.6410820343852, 42.11798256168777], [-93.64071914422674, 42.11798458861211], [-93.64035897421029, 42.11825679193084], [-93.64036169442694, 42.11852696945988], [-93.63999880111129, 42.118528994127225], [-93.63963862492969, 42.11880119520124], [-93.63927572999819, 42.11880321759247], [-93.63891554915536, 42.119075416415534], [-93.63855536522983, 42.11934761411613], [-93.63819517822158, 42.119619810694225], [-93.63783498813056, 42.11989200614981], [-93.63783769778105, 42.12016218373462], [-93.6374775031029, 42.12043437807373], [-93.6378431171935, 42.120702538865515], [-93.63784582695546, 42.12097271641159], [-93.63748562776432, 42.12124491076894], [-93.63748833605905, 42.12151508830819], [-93.63785395646426, 42.121783248972385], [-93.63785666637484, 42.12205342646683]]}}, {"type": "Feature", "properties": {}, "geometry": {"type": "LineString", "coordinates": [[-93.57470671502195, 42.12211690850283], [-93.57470915669063, 42.12238708913897], [-93.57471159839278, 42.12265726976222], [-93.57435111728661, 42.122929267579465], [-93.573990633097, 42.12320126427023], [-93.5736301458239, 42.12347325983449], [-93.5732672197983, 42.12347507363211], [-93.57290429373928, 42.12347688628192], [-93.57254380023234, 42.12374887845813], [-93.57218330364181, 42.12402086950773], [-93.57218573475213, 42.12429105017323], [-93.57182523356947, 42.12456304010035], [-93.57182766320459, 42.124833220757125], [-93.57183009287301, 42.12510340140103], [-93.57146715742965, 42.12510520956169], [-93.571104221953, 42.12510701657447], [-93.57074128644305, 42.12510882243936], [-93.5707437115191, 42.125379003121424], [-93.57038319800135, 42.125650988541594], [-93.57002268139975, 42.12592297283495], [-93.57002510349159, 42.12619315351234], [-93.57002752561667, 42.126463334176854]]}}, {"type": "Feature", "properties": {}, "geometry": {"type": "LineString", "coordinates": [[-93.58200463639746, 42.12640320748202], [-93.58236757857576, 42.12640136594605], [-93.58273299684855, 42.126669703312956], [-93.58309594050095, 42.126667859463765], [-93.58345888411938, 42.12666601446663], [-93.58382430849224, 42.12693434830734], [-93.58418725358467, 42.12693250099692], [-93.58454771477062, 42.12666047258757], [-93.58454523093224, 42.126390292623675], [-93.58490817287257, 42.126388443052186], [-93.58527111477882, 42.126386592332764], [-93.58563156822075, 42.12611456054091], [-93.5859945085168, 42.12611270754308], [-93.5863599402929, 42.12638103328692], [-93.58672537515297, 42.12664935783503], [-93.587090813097, 42.12691768118734], [-93.58745375788234, 42.12691582354536], [-93.58781670263345, 42.12691396475544], [-93.5881796473503, 42.126912104817556], [-93.58854259203288, 42.12691024373173], [-93.58890553668118, 42.126908381497955], [-93.58926848129515, 42.126906518116236], [-93.58962892041421, 42.12663447388036], [-93.58999186341751, 42.126632608220305], [-93.59035229787624, 42.12636056172836], [-93.59071272925101, 42.12608851411077], [-93.59107315754189, 42.12581646536756], [-93.59143609578165, 42.125814595168585], [-93.59179903398697, 42.12581272382172], [-93.5921619721578, 42.12581085132693], [-93.59252742798716, 42.126079157288295], [-93.59289036763091, 42.12607728248006], [-93.59325582805158, 42.126345586079744], [-93.5936212915562, 42.12661388848329], [-93.5939842341802, 42.12661201019594], [-93.59434970227618, 42.12688031023765], [-93.59435222781741, 42.12715048970176], [-93.59471770057407, 42.12741878851665], [-93.59472022772663, 42.12768896793727], [-93.59508570514414, 42.12795726552526], [-93.59545118564581, 42.12822556191693], [-93.59581666923174, 42.12849385711225], [-93.59618215590193, 42.12876215111116], [-93.59654764565641, 42.129030443913656], [-93.59691313849525, 42.129298735519704], [-93.59727863441849, 42.129567025929255], [-93.59764413342614, 42.12983531514228], [-93.59800963551828, 42.13010360315876], [-93.59837514069494, 42.13037188997865], [-93.59874064895614, 42.13064017560192], [-93.59910616030194, 42.13090846002854], [-93.59947167473237, 42.13117674325848], [-93.59947422242072, 42.131446922267415], [-93.599476770144, 42.13171710126346], [-93.59984229081374, 42.13198538323517], [-93.60020526369033, 42.13198348507559], [-93.60056823653194, 42.13198158576785], [-93.60093120933855, 42.13197968531198], [-93.60129673761534, 42.1322479625888], [-93.60166226897697, 42.132516238668764], [-93.60202780342348, 42.13278451355182], [-93.60239334095493, 42.133052787237936], [-93.60275888157133, 42.133321059727095], [-93.60312186187976, 42.13331915229257], [-93.60348740708854, 42.133587422418564], [-93.60385295538235, 42.1338556913475], [-93.60421593867031, 42.1338537804324], [-93.60457892192302, 42.13385186836909], [-93.60494190514052, 42.13384995515756], [-93.60530488832275, 42.133848040797815], [-93.60566787146972, 42.13384612528986], [-93.60603085458136, 42.133844208633676]]}}, {"type": "Feature", "properties": {}, "geometry": {"type": "LineString", "coordinates": [[-93.65685650730268, 42.13437507176468], [-93.65649352471429, 42.13437714922651], [-93.65613054208764, 42.13437922554014], [-93.65577034666524, 42.13465147664913], [-93.65540457671962, 42.13438337472279], [-93.65504159397831, 42.134385447591804], [-93.65467582862208, 42.13411734329758], [-93.65431284734694, 42.1341194138507], [-93.65394986603367, 42.13412148325562], [-93.65358966263148, 42.13439372758584], [-93.65322667969949, 42.13439579471384], [-93.65286369672941, 42.13439786069363], [-93.6525007137213, 42.13439992552522]]}}, {"type": "Feature", "properties": {}, "geometry": {"type": "LineString", "coordinates": [[-93.56505677643136, 42.138916772328834], [-93.56469376169437, 42.138918559537586], [-93.56433314592323, 42.13919052592735], [-93.56397252706608, 42.1394624911894], [-93.56397012957743, 42.13919231085602], [-93.56360471728597, 42.13892391427318], [-93.56324170241743, 42.13892569688815], [-93.56287868751606, 42.138927478354674], [-93.56251328133088, 42.13865907824651], [-93.56215026790686, 42.138660857399394], [-93.5617848663178, 42.13839245493122], [-93.56142185437123, 42.138394231770505], [-93.56105884239193, 42.13839600746136], [-93.5606934469092, 42.13812760146814], [-93.5603280545123, 42.13785919428023], [-93.5599650455208, 42.13786096649243]]}}, {"type": "Feature", "properties": {}, "geometry": {"type": "LineString", "coordinates": [[-93.65685650730268, 42.13437507176468], [-93.65649631504186, 42.134647325130985], [-93.65613611969594, 42.134919577375285], [-93.65613890855745, 42.13518975327347], [-93.65614169745722, 42.135459929158735], [-93.65650747673476, 42.13572802861973], [-93.65687046703603, 42.1357259510601], [-93.65687325909755, 42.13599612688043], [-93.65723904454565, 42.1362642239408], [-93.65724183822643, 42.13653439971573], [-93.65760483307908, 42.136532319800835], [-93.6579706246979, 42.136800414460495], [-93.65833362101657, 42.13679833222942], [-93.65869941722514, 42.13706642452073], [-93.65906521651918, 42.137334515611585], [-93.65906801806702, 42.1376046912368], [-93.65907081965328, 42.1378748668491], [-93.65871061732224, 42.138147127074284], [-93.65835041190559, 42.13841938617743], [-93.65799020340326, 42.13869164415853], [-93.65762719624675, 42.13869372537846], [-93.65726698307749, 42.138965981108676], [-93.65690676682247, 42.13923823571673], [-93.65654654748165, 42.13951048920262], [-93.65618632505497, 42.1397827415663], [-93.65582331153539, 42.13978481712253], [-93.65546029797754, 42.13978689153033], [-93.65510006930262, 42.140059140513976], [-93.65473983754177, 42.14033138837531], [-93.65474262099626, 42.140601564093245], [-93.65437960269492, 42.14060363511429], [-93.65401658435542, 42.14060570498688], [-93.65365356597779, 42.14060777371102], [-93.65329332488264, 42.14088001706965], [-93.6529330807014, 42.14115225930582], [-93.65293585655509, 42.1414224350824], [-93.65257560778272, 42.1416946762026], [-93.65220981027501, 42.141426564608125], [-93.65184678707791, 42.14142862764826]]}}, {"type": "Feature", "properties": {}, "geometry": {"type": "LineString", "coordinates": [[-93.60753959828085, 42.139780454207454], [-93.60790519945266, 42.14004870959467], [-93.60827080371052, 42.14031696378431], [-93.60863641105449, 42.14058521677633], [-93.60900202148457, 42.140853468570725], [-93.60936245381602, 42.14058136303735], [-93.6097254751435, 42.14057943444513], [-93.61008849643545, 42.14057750470444], [-93.61044892252355, 42.14030539578538], [-93.61081453891262, 42.14057364177759], [-93.6111775600978, 42.140571708591445], [-93.61154058124734, 42.140569774256825], [-93.61190100102074, 42.14029766081667], [-93.61226402055591, 42.14029572420332], [-93.61262443566451, 42.140023608508024], [-93.61298745358525, 42.14002166961599], [-93.61335047147024, 42.1400197295755], [-93.61371348931948, 42.14001778838655], [-93.61407650713294, 42.14001584604914], [-93.6144395249106, 42.140013902563275], [-93.61479992903926, 42.13974178009227], [-93.61516294520226, 42.13973983432781], [-93.61552334466607, 42.13946770960198], [-93.61588897742062, 42.139735939353564], [-93.6162493737267, 42.13946381236754], [-93.61660976694685, 42.1391916842569], [-93.61697277984437, 42.13918973278696], [-93.61733579270596, 42.13918778016861], [-93.61769880553153, 42.139185826401835], [-93.6180618183211, 42.139183871486644], [-93.61842483107463, 42.13918191542302], [-93.61878784379213, 42.13917995821099], [-93.61915348853053, 42.139448177492454], [-93.6191561206236, 42.13971835512149], [-93.61952177002703, 42.139986573173395], [-93.61988742251646, 42.140254790027036], [-93.62025044126146, 42.14025282814744], [-93.62061609834383, 42.14052104263583], [-93.62098175851229, 42.14078925592589], [-93.62134742176687, 42.14105746801756], [-93.62171308810764, 42.1413256789108], [-93.62171573125525, 42.141595856320144], [-93.62208140226163, 42.14186406598351]]}}, {"type": "Feature", "properties": {}, "geometry": {"type": "LineString", "coordinates": [[-93.6660273160227, 42.14350871814662], [-93.6660273160227, 42.14350871814662]]}}, {"type": "Feature", "properties": {}, "geometry": {"type": "LineString", "coordinates": [[-93.60753959828085, 42.139780454207454], [-93.60754218103386, 42.14005063240826], [-93.60754476382228, 42.14032081059617], [-93.60754734664611, 42.14059098877118], [-93.60791295255336, 42.1408592440654], [-93.60791553699114, 42.14112942219652], [-93.60791812146435, 42.14139960031473], [-93.60792070597303, 42.14166977842006], [-93.6082863197022, 42.141938032423624], [-93.60828890582494, 42.14220821048504], [-93.60865452421912, 42.142476463259904], [-93.60902014569973, 42.142744714837036], [-93.60938577026681, 42.14301296521642], [-93.60974880548274, 42.14301103646078], [-93.61011443464405, 42.14327928447563], [-93.6104800668919, 42.14354753129265], [-93.61048266248729, 42.14381770916775], [-93.61084570222634, 42.14381577691179], [-93.61121134064742, 42.14408402133303], [-93.61157698215516, 42.14435226455633], [-93.61194262674962, 42.14462050658166], [-93.61230827443084, 42.144888747408984], [-93.61267392519888, 42.145156987038284], [-93.61303697244074, 42.14515504779938], [-93.61340001964686, 42.14515310741181], [-93.61376306681721, 42.145151165875575], [-93.61412611395178, 42.14514922319068], [-93.61448916105054, 42.145147279357126], [-93.61485482244358, 42.14541551195357], [-93.61521787101408, 42.14541356580437], [-93.61558091954869, 42.145411618506486], [-93.61594658704375, 42.14567984757072], [-93.61631225762571, 42.14594807543668], [-93.61667793129462, 42.1462163021043], [-93.61704360805052, 42.146484527573584], [-93.61740928789347, 42.14675275184449], [-93.61777497082349, 42.14702097491697], [-93.61813802836738, 42.14701901946794], [-93.61850371589203, 42.14728724017482], [-93.61886940650386, 42.14755545968322], [-93.61923510020287, 42.147823677993074], [-93.61923773341518, 42.148093855222136], [-93.61924036666359, 42.14836403243831], [-93.61960606660939, 42.14863224948687], [-93.61960870147374, 42.14890242665878], [-93.61997440608677, 42.14917064247737], [-93.62034011378725, 42.14943885709729], [-93.62070582457521, 42.14970707051852]]}}, {"type": "Feature", "properties": {}, "geometry": {"type": "LineString", "coordinates": [[-93.56872802424455, 42.1434918974831], [-93.56836498360424, 42.1434936964642], [-93.56800435792242, 42.143765674238495], [-93.56764372915389, 42.14403765088511], [-93.56728068532749, 42.14403944645415], [-93.56691764146801, 42.144041240874536], [-93.56655459757549, 42.144043034146264], [-93.56619155364993, 42.14404482626936], [-93.56583091548887, 42.1443167972612], [-93.5654678699539, 42.14431858710384], [-93.56510722712966, 42.14459055583603], [-93.56474658121854, 42.144862523440345], [-93.56438593222053, 42.14513448991674], [-93.56402288192349, 42.14513627521517], [-93.56366222826216, 42.14540823943174], [-93.56330157151385, 42.14568020252029], [-93.5633039667047, 42.14595038257814], [-93.56294330535864, 42.14622234454258], [-93.5629456990716, 42.14649252459145], [-93.5629480928174, 42.146762704627456], [-93.56295048659601, 42.14703288465057], [-93.5625898176305, 42.147304845498574], [-93.56222914557772, 42.147576805218456], [-93.56223153636748, 42.14784698523647], [-93.56223392719002, 42.14811716524159], [-93.56223631804535, 42.14838734523382], [-93.56187563837246, 42.148659303837135], [-93.56151495561205, 42.1489312613122], [-93.56114949715213, 42.148662857638506], [-93.56078404177971, 42.14839445276966], [-93.56042097263149, 42.14839622678154], [-93.56005790345057, 42.148397999644615], [-93.559694834237, 42.148399771358854], [-93.55933176499079, 42.148401541924265], [-93.55896869571197, 42.14840331134085], [-93.5586032509824, 42.14813489944941], [-93.55824018318211, 42.14813666655171], [-93.55787474305112, 42.14786825229982], [-93.55751167672945, 42.14787001708787], [-93.55714861037525, 42.14787178072711], [-93.55678554398857, 42.147873543217536], [-93.55642247756941, 42.14787530455916], [-93.55606177569744, 42.14814724504029], [-93.5556987076697, 42.14814900410085], [-93.55533563960955, 42.148150762012605], [-93.55497493149791, 42.148422699100614], [-93.55461422029877, 42.14869463506001], [-93.55425350601212, 42.148966569890725], [-93.55389278863791, 42.14923850359274], [-93.55353206817608, 42.149510436166025], [-93.55316899220308, 42.14951218726728], [-93.5528059161978, 42.14951393721966], [-93.55244049085665, 42.149245505634084], [-93.55207741633073, 42.149247253272264], [-93.55171668798862, 42.149519180183546], [-93.55135361185451, 42.14952092554042], [-93.55099053568824, 42.14952266974842], [-93.55062980110651, 42.14979459326591], [-93.55026906343707, 42.15006651565444], [-93.5499083226799, 42.15033843691399], [-93.54954757883493, 42.15061035704452], [-93.54918683190213, 42.150882276046005], [-93.54882608188147, 42.15115419391841], [-93.54846532877289, 42.151426110661696], [-93.54846766135043, 42.151696291128175], [-93.54846999395998, 42.151966471581794], [-93.5484723266015, 42.15223665202252], [-93.54847465927504, 42.152506832450385], [-93.54847699198055, 42.15277701286538], [-93.54847932471806, 42.1530471932675], [-93.54811855944907, 42.15331910890241], [-93.54775779109183, 42.15359102340809], [-93.547760120837, 42.15386120380425], [-93.54776245061413, 42.15413138418752], [-93.54812788467036, 42.15439983039597], [-93.54776478042321, 42.15440156455793], [-93.54740400444092, 42.15467347794466], [-93.54704322537015, 42.15494539020205], [-93.54704555218655, 42.15521557056646], [-93.54704787903488, 42.155485750918004], [-93.5470502059151, 42.15575593125667], [-93.54705253282725, 42.15602611158244], [-93.54669174461834, 42.156298022724165], [-93.54669407004994, 42.1565682030405], [-93.54633095332069, 42.156569932736424], [-93.54596783655957, 42.156571661283195], [-93.54560471976659, 42.1565733886808], [-93.54524160294179, 42.15657511492924], [-93.54487616837545, 42.156306659630864], [-93.54487385069751, 42.15603647922033], [-93.54451073689785, 42.15603820313798], [-93.54414762306641, 42.1560399259065], [-93.54378450920323, 42.15604164752587], [-93.54342139530831, 42.1560433679961], [-93.5430582813817, 42.156045087317175], [-93.54269516742342, 42.15604680548912], [-93.54233205343347, 42.156048522511924], [-93.54196893941187, 42.156050238385575], [-93.54160582535867, 42.15605195311008], [-93.5412450135082, 42.1563238472578], [-93.54088189784747, 42.15632555970014], [-93.54051878215516, 42.15632727099334], [-93.54015796406411, 42.15659916174517], [-93.53979714288425, 42.15687105136716], [-93.53979484676438, 42.15660087075614], [-93.53942943488914, 42.15633239797797], [-93.53906861207045, 42.156604285330566]]}}, {"type": "Feature", "properties": {}, "geometry": {"type": "LineString", "coordinates": [[-93.64487975128067, 42.17037842830933], [-93.64451381921572, 42.17011029442758], [-93.64414789024144, 42.16984215934488], [-93.64378196435781, 42.16957402306122], [-93.64341604156476, 42.16930588557668], [-93.64341330350895, 42.16903571060892], [-93.6434105654907, 42.168765535628246], [-93.64340782750999, 42.168495360634665], [-93.64340508956684, 42.16822518562817], [-93.64340235166124, 42.16795501060875], [-93.6433996137932, 42.16768483557643], [-93.6430337035872, 42.1674166966985], [-93.64303096733939, 42.16714652162117], [-93.6430282311291, 42.16687634653095], [-93.64302549495635, 42.166606171427794], [-93.64302275882112, 42.16633599631174], [-93.64302002272343, 42.166065821182755], [-93.64301728666327, 42.16579564604088], [-93.64301455064063, 42.16552547088607], [-93.64301181465552, 42.16525529571835], [-93.64300907870795, 42.16498512053773], [-93.64264318583506, 42.16471698017039], [-93.64227729605201, 42.164448838602404], [-93.64227456330678, 42.16417866334474], [-93.64190867819586, 42.16391052054411], [-93.64154279617466, 42.1636423765429], [-93.64154006663152, 42.16337220120824], [-93.64117418928222, 42.163104055974486], [-93.64080831502253, 42.162835909540235], [-93.64044244385235, 42.16256776190553], [-93.64007929898614, 42.162569788533105], [-93.63971615408255, 42.16257181401133], [-93.63935300914163, 42.162573838340215], [-93.6389898641634, 42.16257586151976], [-93.63862400211245, 42.16230770801105], [-93.63826085860441, 42.162309728872884], [-93.63789500115038, 42.16204157299553], [-93.6375318591126, 42.162043591539685], [-93.63716871703762, 42.16204560893452], [-93.63680286568805, 42.161777449520294], [-93.63643701742785, 42.1615092889059], [-93.636071172257, 42.161241127091344], [-93.63570803466747, 42.16124313983204], [-93.63570533017545, 42.160972964076684], [-93.63533949118319, 42.160704799861946], [-93.63497365528012, 42.160436634447166], [-93.63460782246625, 42.16016846783238], [-93.63460512275628, 42.159898291968595], [-93.63460242308335, 42.159628116091916], [-93.63459972344744, 42.15935794020233], [-93.63459702384856, 42.15908776429982], [-93.63459432428668, 42.158817588384416], [-93.63495474701712, 42.15854540335243], [-93.63495204598487, 42.15827522743012], [-93.63494934498968, 42.15800505149488]]}}, {"type": "Feature", "properties": {}, "geometry": {"type": "LineString", "coordinates": [[-93.61676710596946, 42.15540232766876], [-93.61676972938356, 42.15567250466546], [-93.61677235283365, 42.15594268164928], [-93.61641186613853, 42.156214810098845], [-93.61677759984175, 42.15648303557819], [-93.61714333663357, 42.15675125985877], [-93.61750907651405, 42.157019482940534], [-93.61714858694629, 42.15729161367349], [-93.61715121215664, 42.15756179056152], [-93.617153837403, 42.15783196743663], [-93.61715646268536, 42.158102144298844], [-93.61679334172968, 42.1581040970553], [-93.6164328429675, 42.15837622554864], [-93.61606972039544, 42.1583781760251], [-93.61570659778741, 42.15838012535237], [-93.61534347514349, 42.15838207353045], [-93.61498296855125, 42.15865419750587], [-93.61462245887006, 42.15892632035587], [-93.61426194609989, 42.15919844208035], [-93.6142645592061, 42.15946861902484], [-93.61390404183817, 42.159740739629214], [-93.61426978552602, 42.1600089728751]]}}, {"type": "Feature", "properties": {}, "geometry": {"type": "LineString", "coordinates": [[-93.57900394019148, 42.15559912123421], [-93.57936458501064, 42.15532710932156], [-93.57972769257356, 42.15532527512218], [-93.58008833272613, 42.15505326095026], [-93.58045143867714, 42.15505142446998], [-93.58081207416318, 42.1547794080389], [-93.58117517850225, 42.15477756927777], [-93.5815382828074, 42.15477572936757], [-93.58190138707863, 42.1547738883083], [-93.58226449131593, 42.154772046099964], [-93.58262759551924, 42.15477020274256], [-93.58299069968855, 42.15476835823609], [-93.58335380382388, 42.15476651258055], [-93.58371939071003, 42.15503484443887], [-93.58408249632149, 42.1550329964678], [-93.58444808780627, 42.155301325962895], [-93.58481368237952, 42.15556965426117], [-93.58517679097717, 42.15556780280801], [-93.5855423901491, 42.155836128742905], [-93.58590550022274, 42.15583427497409], [-93.58626861026221, 42.15583242005617], [-93.58662922502623, 42.15556038550437], [-93.58699233345297, 42.155558528305725], [-93.58735794017528, 42.15582684840776], [-93.5877210500778, 42.15582498889341], [-93.58808415994604, 42.15582312822995], [-93.5884497727769, 42.156091444801746], [-93.58881288412078, 42.156089581822535], [-93.5891734893448, 42.15581753934493], [-93.58953910670549, 42.15608585241676], [-93.58990472715479, 42.15635416429144], [-93.5902703506927, 42.15662247496895], [-93.59063597731932, 42.15689078444927], [-93.59063848971984, 42.15716096267665], [-93.5906410021548, 42.15743114089115], [-93.59064351462422, 42.157701319092766], [-93.59064602712812, 42.157971497281494], [-93.59064853966646, 42.15824167545732], [-93.59065105223928, 42.15851185362026], [-93.59029043823055, 42.15878390067104], [-93.59029294932776, 42.1590540788258], [-93.58993233071992, 42.15932612475433], [-93.58993484034144, 42.15959630290089], [-93.58957421713433, 42.15986834770713], [-93.589213590838, 42.16014039138635], [-93.58921609747352, 42.16041056952938], [-93.58921860414344, 42.160680747659505], [-93.58922111084775, 42.16095092577675], [-93.58922361758643, 42.161221103881104], [-93.58922612435948, 42.161491281972566], [-93.5895917748771, 42.161759594404884], [-93.58995742848423, 42.162027905639825], [-93.59032308518088, 42.16229621567736], [-93.59068623187731, 42.16229434654788], [-93.59105189317388, 42.16256265422101], [-93.59141755756004, 42.16283096069665], [-93.59178322503588, 42.16309926597476], [-93.5921488956014, 42.163367570055314], [-93.59215141500862, 42.163637747902825], [-93.59215393445037, 42.16390792573745], [-93.59251961126458, 42.16417622855933], [-93.5925221323204, 42.16444640635052], [-93.59288781380401, 42.16471470794419], [-93.59325349837756, 42.16498300834018], [-93.59361918604112, 42.16525130753845], [-93.59362171187036, 42.16552148522505], [-93.59362423773422, 42.16579166289875], [-93.59398740420365, 42.165789783194974], [-93.59435057063838, 42.16578790234169], [-93.59435309962703, 42.16605807996711], [-93.59471879814058, 42.1663263755414], [-93.59508196759609, 42.16632449235366], [-93.59544513701685, 42.16632260801639], [-93.59580830640287, 42.1663207225296], [-93.59617147575413, 42.16631883589329], [-93.59653464507058, 42.16631694810746], [-93.59689781435222, 42.16631505917211]]}}, {"type": "Feature", "properties": {}, "geometry": {"type": "LineString", "coordinates": [[-93.54861701287794, 42.168987814204996], [-93.54825149216366, 42.16871937073959], [-93.54788597454005, 42.16845092607896], [-93.54752278993314, 42.16845265994045], [-93.54715727691351, 42.16818421291872], [-93.54679409378801, 42.16818594446463], [-93.54643091063058, 42.16818767486092], [-93.5460654037283, 42.16791922431225], [-93.54570454422009, 42.16819113220462], [-93.54534368162126, 42.16846303896702], [-93.54498281593179, 42.16873494459942], [-93.54498513510433, 42.16900512440491], [-93.54498745430867, 42.169275304197534], [-93.54462658250138, 42.16954720870662], [-93.54462890022393, 42.16981738848974], [-93.54463121797829, 42.170087568259966], [-93.54463353576442, 42.17035774801733], [-93.54427034005288, 42.17035947164566], [-93.54390714430956, 42.17036119412428], [-93.54354626171596, 42.17063309524631], [-93.54318306436367, 42.170634815441694], [-93.54282217710191, 42.170906714299996], [-93.5424612867491, 42.17117861202803], [-93.54210039330522, 42.17145050862579]]}}, {"type": "Feature", "properties": {}, "geometry": {"type": "LineString", "coordinates": [[-93.5755319957199, 42.17317899830271], [-93.57553444527132, 42.17344917648664], [-93.57517368183059, 42.17372117623371], [-93.57481291529847, 42.17399317485234], [-93.57444970065986, 42.17399499414583], [-93.57408648598772, 42.17399681228947], [-93.57372571320562, 42.174268807514174], [-93.57336249692072, 42.17427062337522], [-93.57299928060236, 42.17427243808642], [-93.57263606425053, 42.17427425164775], [-93.57227284786528, 42.17427606405924], [-93.5719096314466, 42.17427787532087], [-93.57154884767705, 42.17454986375307], [-93.57118562964587, 42.17455167273202], [-93.57082484120565, 42.17482365890269], [-93.570461621562, 42.17482546559891], [-93.57009840188505, 42.17482727114525], [-93.5697351821748, 42.17482907554171], [-93.56936953899012, 42.174560700378734], [-93.56900632075914, 42.17456250245847], [-93.56864068217853, 42.174294124931976], [-93.5682774654269, 42.17429592469502], [-93.56791183145036, 42.17402754480511], [-93.56754861617814, 42.17402934225152], [-93.56718540087279, 42.17403113854809], [-93.56682459808881, 42.17430311224866], [-93.5664613811715, 42.17430490626242], [-93.56609816422112, 42.17430669912632], [-93.56573494723769, 42.17430849084035], [-93.56537173022122, 42.17431028140453], [-93.56500851317173, 42.17431207081885], [-93.56464529608928, 42.1743138590833], [-93.56428207897385, 42.1743156461979]]}}, {"type": "Feature", "properties": {}, "geometry": {"type": "LineString", "coordinates": [[-93.5723337522411, 42.18103051735239], [-93.57197049717209, 42.18103232904035], [-93.57160967558664, 42.181304317576505], [-93.57124885090859, 42.18157630498372], [-93.57088316218915, 42.18130793523584], [-93.57088073176479, 42.181037757203455], [-93.5705174765623, 42.181039564290906], [-93.57015422132652, 42.18104137022822], [-93.56979096605741, 42.18104317501542], [-93.56942771075504, 42.18104497865248], [-93.5690644554194, 42.181046781139415], [-93.56906203275975, 42.1807766030092], [-93.56869635785698, 42.18050822616899], [-93.56833068604668, 42.18023984813188], [-93.56832826657914, 42.17996966992911], [-93.56832584714479, 42.17969949171346], [-93.56796018158568, 42.17943111241986], [-93.56759451911887, 42.17916273192945], [-93.56723127444076, 42.179164528547346], [-93.56686802972952, 42.179166324015185], [-93.56650478498516, 42.17916811833297], [-93.56613913014971, 42.178899733144945], [-93.56577588688533, 42.17890152514575], [-93.56541505055371, 42.17917349438598], [-93.56505180567716, 42.17917528410354], [-93.5646885607676, 42.179177072671045]]}}, {"type": "Feature", "properties": {}, "geometry": {"type": "LineString", "coordinates": [[-93.51384708274188, 42.181037204702285], [-93.51421034133944, 42.18103557705355], [-93.51457359990698, 42.18103394825465], [-93.51457579062009, 42.18130412880749]]}}, {"type": "Feature", "properties": {}, "geometry": {"type": "LineString", "coordinates": [[-93.5865231471123, 42.18339055957836], [-93.58688641474488, 42.18338870172819], [-93.5872496823432, 42.18338684272781], [-93.5876104480795, 42.183114805442194], [-93.58797121072297, 42.182842767028525], [-93.58833197027363, 42.18257072748684], [-93.58869272673151, 42.182298686817134], [-93.58905348009668, 42.182026645019484], [-93.58941423036917, 42.1817546020939], [-93.58977748844865, 42.18175273514751], [-93.59014074649369, 42.181750867050965], [-93.59050400450427, 42.18174899780428], [-93.59086726248034, 42.18174712740745], [-93.59086474694182, 42.18147695035315], [-93.59122548628679, 42.18120490177423], [-93.5915862225392, 42.18093285206755], [-93.59194695569914, 42.18066080123313], [-93.59230768576661, 42.18038874927101], [-93.59266841274169, 42.18011669618122], [-93.59302913662438, 42.17984464196378], [-93.59302661205048, 42.179574464925125], [-93.59302408751122, 42.17930428787357], [-93.59302156300659, 42.17903411080911], [-93.59338227926253, 42.17876205547845], [-93.59374551995383, 42.17876017607511], [-93.59410623153688, 42.17848811848458], [-93.59446947061274, 42.17848623679891], [-93.59483017752294, 42.178214176948615], [-93.5951934149833, 42.17821229298066], [-93.59555665240892, 42.1782104078627], [-93.59592242656883, 42.17847869855612], [-93.59628566547092, 42.1784768111204], [-93.59665144423417, 42.1787450994476], [-93.59701468461266, 42.178743209694076], [-93.59737792495628, 42.17874131879053], [-93.59774116526499, 42.17873942673696], [-93.59810440553882, 42.17873753353338], [-93.59846509815141, 42.178465462355895], [-93.59882833680929, 42.17846356687012], [-93.5991890247488, 42.17819149343327], [-93.59955226179068, 42.178189595665344], [-93.59991549879756, 42.17818769674743], [-93.60027873576942, 42.178185796679514], [-93.60064197270621, 42.17818389546161], [-93.60100265122944, 42.177911816369175], [-93.60136332666065, 42.177639736149686], [-93.60172656040017, 42.17763783151766], [-93.60208723115831, 42.17736574903912], [-93.60244789882455, 42.17709366543362], [-93.60281112936667, 42.17709175738759], [-93.6031769274225, 42.17736002484718], [-93.60354272857023, 42.17762829110795], [-93.60390853280992, 42.17789655616986], [-93.6042743401416, 42.178164820032904], [-93.60427691246947, 42.17843499658287], [-93.60427948483265, 42.17870517311995], [-93.6042820572311, 42.178975349644126], [-93.60428462966483, 42.17924552615541], [-93.60465044641403, 42.17951378869588], [-93.60465302046447, 42.179783965163345], [-93.60465559455022, 42.180054141617916], [-93.6046581686713, 42.18032431805958], [-93.60466074282769, 42.18059449448836], [-93.60466331701939, 42.18086467090424], [-93.6046658912464, 42.18113484730722], [-93.60466846550872, 42.1814050236973], [-93.60430778315653, 42.18167711417655], [-93.60394709771175, 42.181949203528795], [-93.60358640917435, 42.182221291754], [-93.6035889789389, 42.18249146814652], [-93.6035915487387, 42.18276164452613], [-93.60323085408638, 42.18303373163446], [-93.60323342241027, 42.18330390800627], [-93.6032359907694, 42.18357408436519], [-93.60323855916377, 42.183844260711204]]}}, {"type": "Feature", "properties": {}, "geometry": {"type": "LineString", "coordinates": [[-93.61676710596946, 42.15540232766876], [-93.61713283644025, 42.15567055207446], [-93.6174985699995, 42.15593877528142], [-93.6178616785284, 42.15593682037385], [-93.61786430664728, 42.15620699728958], [-93.6182300463836, 42.15647521809891], [-93.61859578920854, 42.15674343770939], [-93.61896153512211, 42.15701165612097], [-93.61896416801821, 42.157281832929804], [-93.61896680095045, 42.15755200972575], [-93.61896943391878, 42.15782218650878], [-93.61897206692323, 42.158092363278904], [-93.61933782224754, 42.158360580366164], [-93.61970358066077, 42.15862879625441], [-93.6200693421629, 42.15889701094364], [-93.62007197994532, 42.159167187606776], [-93.62007461776389, 42.15943736425701], [-93.62007725561865, 42.15970754089434], [-93.6200798935096, 42.159977717518764], [-93.62008253143672, 42.16024789413029], [-93.62008516940001, 42.16051807072891], [-93.62008780739951, 42.160788247314635], [-93.62009044543518, 42.161058423887454], [-93.62009308350703, 42.16132860044736], [-93.62045886232521, 42.16159681365505], [-93.6208246442328, 42.16186502566353], [-93.62119042922981, 42.16213323647278], [-93.62155621731632, 42.162401446082775], [-93.62192200849235, 42.16266965449348], [-93.6222851552002, 42.162667685333425], [-93.62265095097426, 42.162935891376875], [-93.62265360011311, 42.16320606771685], [-93.62301674983793, 42.16320409622096], [-93.62338255179124, 42.16347229986562], [-93.62374835683423, 42.16374050231083], [-93.6237510107167, 42.16401067855637], [-93.62411682043071, 42.164278879770606], [-93.62448263323455, 42.16454707978531], [-93.62484844912821, 42.164815278600464], [-93.62521160790386, 42.16481330009655], [-93.62557476664304, 42.164811320443185], [-93.6259379253457, 42.16480933964038], [-93.6263037488546, 42.16507753375168], [-93.62630641373393, 42.16534770980231], [-93.62666957545342, 42.16534572666328], [-93.62703540514224, 42.16561391837517], [-93.62740123792105, 42.16588210888732], [-93.62776707378991, 42.16615029819967], [-93.6277697449957, 42.16642047412393], [-93.62813558553638, 42.16668866220485], [-93.62849875479799, 42.16668667322489], [-93.62886459993726, 42.16695485893769], [-93.62886727588833, 42.16722503476705], [-93.62923312569967, 42.1674932192483], [-93.62959897860131, 42.16776140252957], [-93.62960165775286, 42.168031578282715], [-93.62960433694114, 42.168301754022956], [-93.6296070161662, 42.16857192975027], [-93.6299728769041, 42.16884011173653], [-93.63033874073253, 42.16910829252273], [-93.63070192368033, 42.16910629647658], [-93.6307046076515, 42.16937647210884], [-93.63107047766105, 42.16964465049482], [-93.63107316325117, 42.16991482608246], [-93.63143635076126, 42.16991282768065], [-93.63180222695213, 42.170181003666286], [-93.63180491570668, 42.17045117919047], [-93.63217079657053, 42.17071935394416], [-93.63217348694425, 42.17098952942369], [-93.63217617735486, 42.17125970489032], [-93.6321788678024, 42.171529880344046], [-93.63181836003258, 42.1718020566178], [-93.63182104900842, 42.17207223206454], [-93.63218693936638, 42.172340406627754], [-93.63255283281539, 42.17260857999062], [-93.63218962996152, 42.17261058202983], [-93.63219232059357, 42.172880757418994], [-93.63219501126252, 42.173150932795274], [-93.632560909459, 42.17341910606289], [-93.6325636017474, 42.17368928139449], [-93.63256629407273, 42.17395945671317], [-93.6329321985256, 42.17422762871686], [-93.63293489247049, 42.17449780399087], [-93.63293758645231, 42.17476797925197], [-93.6329402804711, 42.175038154500164], [-93.63294297452686, 42.175308329735444], [-93.6325824488003, 42.17558050835422], [-93.63258514138418, 42.175850683582546], [-93.63294836274922, 42.17584868016729], [-93.63331427978972, 42.176116850779835], [-93.63331697553912, 42.176387025944614], [-93.63331967132551, 42.17665720109648], [-93.63332236714886, 42.17692737623543], [-93.63332506300921, 42.17719755136149], [-93.63332775890653, 42.17746772647463], [-93.63333045484083, 42.17773790157485], [-93.63369638447033, 42.178006070796094], [-93.63406231719175, 42.17827423881669], [-93.63442825300514, 42.17854240563659], [-93.63443095372546, 42.1788125806285], [-93.63443365448282, 42.17908275560751], [-93.63443635527722, 42.17935293057359], [-93.63443905610868, 42.179623105526765], [-93.63444175697717, 42.179893280467034], [-93.63408121193014, 42.18016546371163], [-93.63408391132658, 42.18043563864499], [-93.6340866107601, 42.18070581356543], [-93.63372605960247, 42.18097799569684], [-93.63336550535243, 42.181250176703045], [-93.63300494800995, 42.181522356584004], [-93.63264438757498, 42.18179453533968], [-93.63228382404746, 42.182066712970034], [-93.63192056704948, 42.182068714518856], [-93.63155999884619, 42.182340889892586], [-93.63119942755024, 42.1826130641409], [-93.63083348157316, 42.18234488727722], [-93.63046753868872, 42.182076709212865], [-93.63010428150642, 42.182078705011044], [-93.62974370538738, 42.18235087472811], [-93.62938312617571, 42.182623043319666], [-93.62938580580297, 42.182893218381636], [-93.62902522198901, 42.183165385853506], [-93.62902790014341, 42.183435560908414], [-93.62866731172701, 42.18370772726054], [-93.62830672021778, 42.183979892487045], [-93.62794612561564, 42.18425205658788], [-93.62758552792056, 42.18452421956303], [-93.62721958595793, 42.18425603123158], [-93.62685364708823, 42.1839878416996], [-93.62648771131143, 42.18371965096712], [-93.62612177862748, 42.183451459034195], [-93.62575851327321, 42.18345344112407], [-93.62539524788237, 42.183455422063766], [-93.62503198245501, 42.18345740185327], [-93.62466871699115, 42.18345938049257], [-93.6243054514908, 42.1834613579817], [-93.623942185954, 42.18346333432063], [-93.62357892038072, 42.183465309509366], [-93.62321300135899, 42.183197108194385], [-93.62284708543002, 42.18292890567916], [-93.62248117259381, 42.18266070196373], [-93.62247852238362, 42.18239052653435], [-93.62211526285029, 42.18239249704813], [-93.62175200328062, 42.18239446641176], [-93.6213913892458, 42.182666610110225], [-93.62103077211827, 42.18293875268269], [-93.62066750934703, 42.18294071863288], [-93.62030160557114, 42.18267250790528], [-93.61993570488798, 42.18240429597765], [-93.61956980729748, 42.18213608284999], [-93.61920918527733, 42.18240821975296], [-93.61884592541773, 42.18241017991539], [-93.61848529872243, 42.18268231456049], [-93.61812466893441, 42.182954448079414], [-93.61776403605364, 42.1832265804721], [-93.61740340008006, 42.18349871173854], [-93.61704276101366, 42.183770841878676], [-93.6170453882089, 42.18404101752066], [-93.61704801544018, 42.18431119314973], [-93.6170506427075, 42.18458136876591], [-93.61705327001087, 42.18485154436918], [-93.6174191728548, 42.18511976536389], [-93.61742180177679, 42.18538994092296], [-93.61778770929646, 42.18565816068639], [-93.6177903398372, 42.18592833620123], [-93.61779297041403, 42.186198511703175], [-93.61779560102696, 42.18646868719221], [-93.61779823167595, 42.18673886266835], [-93.61816151638799, 42.18673690566164]]}}, {"type": "Feature", "properties": {}, "geometry": {"type": "LineString", "coordinates": [[-93.56192854413564, 42.19567220745785], [-93.56156520457577, 42.19567398669623], [-93.56120186498306, 42.19567576478389], [-93.56083613649322, 42.195407363898866], [-93.56047041109821, 42.19513896181681], [-93.56010707450203, 42.1951407364189], [-93.5597437378731, 42.19514250987029], [-93.55938040121148, 42.19514428217098], [-93.55901706451718, 42.195146053320975], [-93.5586537277902, 42.19514782332027], [-93.55828801306349, 42.194879414204344], [-93.55792467781862, 42.1948811818856], [-93.55755896770142, 42.1946127704055], [-93.55719563393876, 42.19461453576875], [-93.55682992843107, 42.19434612192456], [-93.5564642260181, 42.19407770688361], [-93.55646185591804, 42.19380752878449], [-93.5564594858505, 42.19353735067249], [-93.55609615817949, 42.193539112517364], [-93.55573046353548, 42.193270695053556], [-93.55572809662746, 42.19300051688264], [-93.55536477198599, 42.19300227639311], [-93.55500381112559, 42.19327421295699], [-93.55464048487198, 42.193275970182775], [-93.55427715858598, 42.19327772625792]]}}, {"type": "Feature", "properties": {}, "geometry": {"type": "LineString", "coordinates": [[-93.58402254612174, 42.18799654461546], [-93.58402503309911, 42.1882667216931], [-93.5840275201106, 42.188536898757846], [-93.58439330596141, 42.18880522566272], [-93.58475909490596, 42.18907355136945], [-93.58512488694431, 42.189341875877965], [-93.5854906820765, 42.18961019918825], [-93.58585648030255, 42.18987852130029], [-93.58622228162254, 42.19014684221403], [-93.58658808603646, 42.19041516192943], [-93.58659058415, 42.1906853387689], [-93.58659308229781, 42.19095551559551], [-93.58659558047991, 42.1912256924092], [-93.58659807869627, 42.19149586921], [-93.58660057694689, 42.19176604599794], [-93.5866030752318, 42.192036222772956], [-93.58696639236156, 42.19203436436305], [-93.58733221087047, 42.192302681529746], [-93.58769803247368, 42.192570997497945], [-93.58806135259478, 42.19256913560132], [-93.58806385717122, 42.19283931226763], [-93.58842968496315, 42.19310762583878], [-93.58843219115553, 42.19337780246177], [-93.5887980236235, 42.19364611480389], [-93.58916385918596, 42.1939144259474], [-93.58916636857606, 42.19418460249662], [-93.5891688780006, 42.19445477903293], [-93.58917138745959, 42.19472495555635], [-93.58917389695299, 42.19499513206689], [-93.58917640648082, 42.19526530856454], [-93.58917891604307, 42.19553548504929], [-93.58954476419079, 42.19580379481136], [-93.58991061543334, 42.196072103374675], [-93.59027646977077, 42.196340410739204], [-93.58991564098872, 42.196612456183615], [-93.58991815381815, 42.19688263256876], [-93.58992066668202, 42.197152808941], [-93.58992317958038, 42.19742298530035], [-93.58992569251322, 42.19769316164681], [-93.59029155634266, 42.197961468828424], [-93.59065490717029, 42.19795959852567], [-93.59102077560797, 42.19822790333998], [-93.5913866471409, 42.19849620695536], [-93.59175252176904, 42.198764509371756], [-93.59211839949252, 42.19903281058915], [-93.59248175633783, 42.19903093446179]]}}, {"type": "Feature", "properties": {}, "geometry": {"type": "LineString", "coordinates": [[-93.52235104378842, 42.199101524643936], [-93.52198545855238, 42.198832999244246], [-93.52162209848609, 42.198834652072875], [-93.52125651786274, 42.198566124311895], [-93.52125429736662, 42.19829594486029], [-93.52088872141684, 42.1980274158761], [-93.52052314856236, 42.19775888569714], [-93.5201575788032, 42.197490354323456], [-93.51979201213926, 42.197221821755065], [-93.51942644857054, 42.19695328799201], [-93.51906309912488, 42.19695493265617], [-93.51869974964889, 42.196956576169526], [-93.51833640014257, 42.196958218532096], [-93.51797525702142, 42.19723003939923], [-93.51761411080504, 42.197501859133574], [-93.51725296149343, 42.19777367773511], [-93.51725516490437, 42.19804385738274], [-93.51689401098, 42.19831567485398], [-93.5168962129037, 42.198585854491306], [-93.51653505436643, 42.198857670832204], [-93.51617389273369, 42.19912948604015], [-93.51581272800543, 42.199401300115134], [-93.51545156018162, 42.19967311305712], [-93.51509038926221, 42.199944924866074], [-93.51509258362803, 42.20021510450314], [-93.51509477802396, 42.20048528412735]]}}, {"type": "Feature", "properties": {}, "geometry": {"type": "LineString", "coordinates": [[-93.51805029316202, 42.20641614002711], [-93.51768688941665, 42.20641778062851], [-93.51732348564103, 42.20641942007873], [-93.51732569001963, 42.2066895993147], [-93.5176913013008, 42.206958139056724], [-93.51733009886757, 42.207229957748055], [-93.51696669041662, 42.207231596093365], [-93.51660328193543, 42.20723323328746], [-93.51660548330797, 42.20750341251568], [-93.5166076847107, 42.20777359173101], [-93.51660988614367, 42.2080437709335], [-93.51624647298699, 42.20804540702259], [-93.51588305980015, 42.20804704196044], [-93.51552184340088, 42.20831885498282], [-93.51516062390465, 42.20859066687184], [-93.51516281923418, 42.20886084609727], [-93.51516501459382, 42.20913102530983], [-93.51480378896375, 42.20940283607044], [-93.51444256023655, 42.20967464569758], [-93.51408132841216, 42.20994645419124], [-93.51408351924646, 42.21021663339839], [-93.51372009349056, 42.210218261551375], [-93.51335666770463, 42.210219888553034], [-93.51299324188868, 42.21022151440336], [-93.51262763140294, 42.20995295983398], [-93.51226420707563, 42.20995458336636], [-93.51190078271837, 42.20995620574742], [-93.51153517836715, 42.2096876476501], [-93.51116957711311, 42.209419088358096], [-93.51080397895623, 42.20915052787144], [-93.51043838389644, 42.20888196619016], [-93.51007496558401, 42.20888358275374], [-93.50971154724175, 42.208885198166044], [-93.50935029945275, 42.20915699188406], [-93.50898687950236, 42.20915860500898], [-93.5086234595222, 42.209160216982625], [-93.50826003951231, 42.20916182780496], [-93.5078966194727, 42.20916343747602], [-93.5075331994034, 42.20916504599579], [-93.5071697793044, 42.20916665336426], [-93.50680635917577, 42.20916825958143], [-93.50644293901749, 42.20916986464732], [-93.50607951882961, 42.20917146856191], [-93.50571609861211, 42.20917307132521], [-93.50535483194366, 42.20944485254777], [-93.50499356217806, 42.2097166326363], [-93.50463228931525, 42.209988411590786], [-93.50463443988527, 42.21025859119287], [-93.50500001853398, 42.210527171397416], [-93.50536560028002, 42.21079575040761], [-93.50536775403593, 42.211065929941], [-93.5053699078214, 42.211336109461534], [-93.50537206163645, 42.21160628896919], [-93.5050107797178, 42.21187806907537], [-93.50501293204314, 42.21214824857238], [-93.50501508439805, 42.21241842805654], [-93.50501723678248, 42.212688607527824], [-93.50501938919645, 42.21295878698625], [-93.5053849851473, 42.21322736574511], [-93.50538713916923, 42.213497545162745], [-93.50538929322072, 42.21376772456753], [-93.50539144730176, 42.214037903959444], [-93.50539360141237, 42.2143080833385], [-93.50539575555251, 42.214578262704705], [-93.50539790972225, 42.214848442058035], [-93.50540006392151, 42.2151186213985], [-93.50540221815037, 42.21538880072612], [-93.50504091496066, 42.21566058086318], [-93.50504306769953, 42.21593076018014]]}}, {"type": "Feature", "properties": {}, "geometry": {"type": "LineString", "coordinates": [[-93.53962688075178, 42.17956788597203], [-93.53962917800413, 42.17983806550507], [-93.53963147528799, 42.180108245025245], [-93.53963377260338, 42.180378424532556], [-93.53963606995028, 42.180648604026985], [-93.5396383673287, 42.18091878350855], [-93.53964066473863, 42.181188962977245], [-93.53927970264328, 42.18146085062454], [-93.5392819985699, 42.18173103008356], [-93.53892103186699, 42.18200291660318], [-93.5389233263102, 42.18227309605253], [-93.53892562078487, 42.18254327548902], [-93.53856464795928, 42.18281516088408], [-93.53856694095043, 42.183085340310875], [-93.53856923397306, 42.183355519724806], [-93.53857152702716, 42.18362569912586], [-93.53857382011269, 42.18389587851404], [-93.5385761132297, 42.18416605788936], [-93.53857840637815, 42.1844362372518], [-93.53858069955807, 42.184706416601365], [-93.53858299276945, 42.18497659593807], [-93.53858528601228, 42.185246775261895], [-93.53858757928658, 42.185516954572854], [-93.53822658821686, 42.18578883886871], [-93.53822888000738, 42.18605901816998], [-93.53859445929825, 42.18632749242848], [-93.53823346368276, 42.186599376733874], [-93.53823575556761, 42.18686955599653], [-93.5382380474839, 42.1871397352463], [-93.53824033943162, 42.187409914483204], [-93.53787933617656, 42.187681797666954], [-93.53788162664033, 42.18795197689416], [-93.53752061877614, 42.188223858949854], [-93.53752290775587, 42.18849403816734], [-93.537525196767, 42.18876421737196], [-93.53752748580955, 42.189034396563706], [-93.53789307943057, 42.1893028728371], [-93.53789537008291, 42.189573051987075], [-93.53789766076665, 42.189843231124165], [-93.53789995148182, 42.1901134102484], [-93.53753893149332, 42.190385292329374], [-93.5375412207243, 42.19065547144389], [-93.53754350998668, 42.19092565054552], [-93.53754579928047, 42.19119582963431], [-93.53718477165079, 42.19146771059337], [-93.53682374092685, 42.19173959042104], [-93.53682602722053, 42.19200976950324], [-93.53682831354557, 42.19227994857255], [-93.53646499188645, 42.19228164820258], [-93.53610395345798, 42.192553525770464], [-93.53574291193506, 42.19282540220682], [-93.53538186731765, 42.19309727751163], [-93.53538414757908, 42.1933674565934], [-93.53502309835113, 42.19363933076973], [-93.53502537712782, 42.1939095098417], [-93.53502765593576, 42.194179688900824], [-93.53466660058105, 42.194451561951674], [-93.53430554213158, 42.19472343387084], [-93.53394448058732, 42.194995304658306], [-93.53394675487807, 42.19526548371375], [-93.53358568872274, 42.19553735337252], [-93.53358796152841, 42.19580753241813], [-93.53359023436528, 42.196077711450876], [-93.53359250723331, 42.19634789047075], [-93.53359478013255, 42.19661806947774], [-93.53359705306295, 42.19688824847187], [-93.53359932602454, 42.19715842745313], [-93.53360159901732, 42.19742860642152], [-93.5336038720413, 42.197698785377035], [-93.53360614509644, 42.19796896431969], [-93.5336084181828, 42.198239143249474], [-93.53361069130031, 42.19850932216639], [-93.53397632349731, 42.198777810263245], [-93.53397859822493, 42.19904798913849], [-93.53398087298378, 42.19931816800087], [-93.53398314777384, 42.1995883468504], [-93.5339854225951, 42.19985852568703], [-93.53398769744757, 42.200128704510796], [-93.53398997233124, 42.2003988833217], [-93.53435561709772, 42.20066737005019], [-93.5343578935917, 42.20093754881942], [-93.53436017011691, 42.20120772757579], [-93.53436244667337, 42.20147790631927], [-93.53436472326105, 42.201748085049886], [-93.53436699987998, 42.20201826376764], [-93.53436927653014, 42.20228844247252], [-93.53437155321154, 42.20255862116451], [-93.53473721212808, 42.20282710649567], [-93.53473949042, 42.20309728514599], [-93.53474176874316, 42.203367463783444], [-93.5347440470976, 42.20363764240803], [-93.53510971384821, 42.20390612645693], [-93.5351119938133, 42.20417630503982], [-93.53547766523958, 42.20444478786404], [-93.5354799468154, 42.20471496640522], [-93.53584562291748, 42.204983448004704], [-93.53584790610411, 42.205253626504174], [-93.53621358688216, 42.20552210687887], [-93.53657927075666, 42.20579058605757], [-93.53694266980226, 42.205788885627385], [-93.53730835829016, 42.20605736244293], [-93.53731064779528, 42.206327540826905], [-93.53767404987464, 42.2063258380624], [-93.53803745192255, 42.20632413414672], [-93.538400853939, 42.20632242907989], [-93.53876655165375, 42.20659090116882], [-93.53913225246515, 42.20685937206158], [-93.53949795637324, 42.20712784175813], [-93.53913454980629, 42.2071295503267], [-93.53877343903211, 42.207401436012375], [-93.53877573488789, 42.20767161426781], [-93.5387780307752, 42.20794179251038], [-93.538780326694, 42.20821197074007], [-93.53878262264429, 42.20848214895689], [-93.53842150270556, 42.20875403352338], [-93.53806037966984, 42.209025916957856], [-93.53806267261761, 42.20929609516818], [-93.53806496559685, 42.20956627336562], [-93.53770383642991, 42.209838155674376], [-93.53770612792349, 42.21010833386212], [-93.53807184472332, 42.21037680788072], [-93.5384375646204, 42.21064528070302], [-93.53880328761473, 42.210913752329006], [-93.5391690137064, 42.21118222275864], [-93.53880788017698, 42.21145410849231], [-93.53881017650535, 42.21172428655466], [-93.53881247286525, 42.211994464604146], [-93.53845133320394, 42.21226634921211], [-93.53845362807806, 42.2125365272519], [-93.5384559229837, 42.212806705278815], [-93.53882165861992, 42.21307517667331], [-93.53882395513737, 42.213345354658415], [-93.53882625168633, 42.213615532630655], [-93.5388285482668, 42.21388571059001], [-93.53883084487879, 42.21415588853651], [-93.53846969307877, 42.21442777317], [-93.53810853818085, 42.21469965667125], [-93.5377450881254, 42.214701361084195], [-93.53738392854916, 42.214973242317704], [-93.53702276587494, 42.21524512241889], [-93.53665931262724, 42.21524682340937], [-93.53629585934813, 42.21524852324833], [-93.53629814527461, 42.21551870124268], [-93.53630043123245, 42.21578887922417], [-93.53630271722166, 42.21605905719278], [-93.53630500324223, 42.216329235148514], [-93.5363072892942, 42.21659941309138], [-93.53630957537752, 42.21686959102137], [-93.53631186149221, 42.2171397689385], [-93.53631414763827, 42.21740994684275], [-93.5363164338157, 42.21768012473412], [-93.53668218879471, 42.217948602613674], [-93.53668447658413, 42.218218780463296]]}}, {"type": "Feature", "properties": {}, "geometry": {"type": "LineString", "coordinates": [[-93.58402254612174, 42.18799654461546], [-93.5836617373535, 42.18826857065483], [-93.58366422281814, 42.188538747736985], [-93.58330340944346, 42.18881077265236], [-93.58294259297502, 42.1890827964392], [-93.58294507544814, 42.189352973517465], [-93.58294755795531, 42.18962315058284], [-93.58258673536733, 42.18989517325007], [-93.58258921639565, 42.19016535030705], [-93.58259169745801, 42.19043552735112], [-93.5825941785544, 42.1907057043823], [-93.58223334833355, 42.19097772593435], [-93.5818725150186, 42.19124974635768], [-93.58150920205223, 42.1912515886077], [-93.58114588905188, 42.1912534297072], [-93.58078504948068, 42.1915254467354], [-93.58078752297774, 42.19179562380175], [-93.58042667879917, 42.19206763970557], [-93.58042915081695, 42.192337816763455], [-93.58043162286864, 42.19260799380845], [-93.5807974173053, 42.19287633193826], [-93.58079989097203, 42.19314650894016], [-93.5808023646727, 42.19341668592918], [-93.58080483840732, 42.19368686290531], [-93.58080731217586, 42.19395703986855], [-93.58080978597835, 42.19422721681891], [-93.58081225981478, 42.194497393756365], [-93.58117806683317, 42.194765730506795], [-93.58118054228483, 42.19503590740116], [-93.58118301777046, 42.19530608428264], [-93.58118549329006, 42.19557626115123], [-93.58082462950603, 42.19584827825036], [-93.58046129013451, 42.19585011734308], [-93.58010042167426, 42.19612213217983], [-93.57973955011909, 42.19639414588756], [-93.57937867546899, 42.19666615846622], [-93.57938114342086, 42.19693633535688], [-93.57901779772386, 42.1969381699158], [-93.57865691688372, 42.197210180236276], [-93.57829603294847, 42.19748218942758], [-93.5779351459181, 42.19775419748971], [-93.57757425579258, 42.19802620442262], [-93.57721336257184, 42.19829821022628], [-93.57685246625583, 42.19857021490066], [-93.57685492361114, 42.19884039182177], [-93.57722073928073, 42.199108740937966], [-93.57758655804571, 42.199377088856025], [-93.57795237990611, 42.19964543557588], [-93.578318204862, 42.199913781097514], [-93.57868403291337, 42.20018212542091], [-93.57904493040549, 42.199910115052354], [-93.57940582480211, 42.19963810355457], [-93.57940335651159, 42.1993679267928], [-93.57940088825495, 42.19909775001813], [-93.57976177652844, 42.19882573739993], [-93.58012760430898, 42.19909407717142], [-93.58049343518492, 42.19936241574458], [-93.58085926915624, 42.19963075311937], [-93.58122510622304, 42.199899089295776], [-93.58159094638533, 42.20016742427376], [-93.58159342406414, 42.20043760089301], [-93.58159590177695, 42.20070777749938], [-93.58159837952375, 42.20097795409286], [-93.58160085730455, 42.20124813067344], [-93.58123996331499, 42.20152014899933], [-93.58124243961589, 42.20179032557149], [-93.58124491595078, 42.20206050213074], [-93.58088401583757, 42.202332519336316], [-93.58088649069245, 42.20260269588714], [-93.5808889655813, 42.20287287242505], [-93.58089144050409, 42.203143048950075], [-93.58089391546085, 42.20341322546222], [-93.58089639045156, 42.20368340196147], [-93.58089886547624, 42.20395357844784], [-93.58090134053488, 42.20422375492131], [-93.58090381562747, 42.20449393138189], [-93.58090629075402, 42.2047641078296], [-93.58090876591453, 42.20503428426439], [-93.580911241109, 42.20530446068632], [-93.58091371633746, 42.205574637095346], [-93.58055279495879, 42.205846653224846], [-93.58055526870693, 42.20611682962542], [-93.58019434271753, 42.206388844629956], [-93.57983341363159, 42.20666085850507], [-93.57983588438498, 42.20693103490158], [-93.57947495068807, 42.20720304765163], [-93.57911401389451, 42.207475059272184], [-93.57875307400424, 42.2077470697632], [-93.5787555402481, 42.208017246159976], [-93.57875800652579, 42.20828742254386], [-93.57876047283733, 42.208557598914865], [-93.57839952530658, 42.20882960828942], [-93.57840199013734, 42.209099784651904], [-93.5784044550019, 42.20936996100149], [-93.5784069199003, 42.2096401373382], [-93.57840938483251, 42.20991031366201], [-93.57841184979856, 42.21018048997294], [-93.57841431479842, 42.21045066627097], [-93.57805335508246, 42.21072267454203], [-93.57805581860136, 42.210992850831545], [-93.57769485427335, 42.21126485797722], [-93.5776973163112, 42.21153503425818], [-93.57733634737099, 42.211807040278444], [-93.57697537533342, 42.212079045168885], [-93.57661440019841, 42.21235104892948], [-93.57625342196594, 42.2126230515602], [-93.57661931528564, 42.212891401478686], [-93.57662177287983, 42.213161577733956], [-93.57662423050776, 42.213431753976344], [-93.5766266881694, 42.21370193020584], [-93.57662914586477, 42.21397210642246], [-93.57626815854172, 42.214244109079004], [-93.57627061475564, 42.21451428528703], [-93.57627307100327, 42.21478446148217], [-93.57627552728461, 42.21505463766442], [-93.57627798359965, 42.21532481383379], [-93.57628043994839, 42.21559498999027], [-93.57664635067667, 42.21586333957788], [-93.57701226450295, 42.216131687966694], [-93.57737572033032, 42.216129859090465], [-93.57774163876995, 42.21639820511169], [-93.57810756030769, 42.21666654993401], [-93.57847101913178, 42.2166647175687], [-93.5788369452829, 42.216933060023294], [-93.5792028745322, 42.217201401278906], [-93.57956880687975, 42.21746974133551], [-93.57957127744048, 42.217739917233764], [-93.57957374803512, 42.21801009311912]]}}, {"type": "Feature", "properties": {}, "geometry": {"type": "LineString", "coordinates": [[-93.5559578379773, 42.21920773949733], [-93.55559436315406, 42.21920950061507], [-93.55523088829831, 42.21921126058115], [-93.55486977882252, 42.219483196366895], [-93.55450866624808, 42.219755131021174], [-93.55414518819633, 42.21975688756531], [-93.55378171011215, 42.21975864295776], [-93.55342059127553, 42.220030574210206], [-93.55305946934016, 42.220302504331094], [-93.55269598806014, 42.220304256301446], [-93.55233250674776, 42.22030600712009], [-93.55196902540307, 42.22030775678701], [-93.55160554402612, 42.220309505302225], [-93.55124206261686, 42.220311252665724], [-93.55087623270867, 42.2200428217634], [-93.55051040589923, 42.21977438966365], [-93.55014458218848, 42.21950595636649], [-93.54977876157639, 42.21923752187194], [-93.5494129440629, 42.218969086180046], [-93.54904947020715, 42.21897082655134]]}}, {"type": "Feature", "properties": {}, "geometry": {"type": "LineString", "coordinates": [[-93.51805029316202, 42.20641614002711], [-93.5184159059007, 42.20668467746418], [-93.5187793111338, 42.20668303454497], [-93.51914271633656, 42.206681390474564], [-93.51950612150897, 42.206679745252984], [-93.51987174189837, 42.20694827799506], [-93.52023514855837, 42.20694663045559], [-93.52023736538449, 42.20721680954208], [-93.52023958224106, 42.207486988615685], [-93.52024179912803, 42.20775716767643], [-93.52024401604542, 42.208027346724315], [-93.52024623299323, 42.20829752575932], [-93.52024844997146, 42.20856770478147], [-93.52025066698012, 42.20883788379076], [-93.5202528840192, 42.20910806278717], [-93.5202551010887, 42.20937824177073], [-93.52062074030293, 42.20964677189555], [-93.52098638261431, 42.20991530082515], [-93.5213520280229, 42.2101838285595], [-93.52171545314303, 42.21018217622862], [-93.52207887823265, 42.21018052274642], [-93.52244452977469, 42.2104490469517], [-93.52281018441404, 42.2107175699616], [-93.52281241250678, 42.21098774875909], [-93.52281464063012, 42.211257927543706], [-93.522816868784, 42.21152810631544], [-93.52281909696849, 42.21179828507432], [-93.52282132518353, 42.21206846382034], [-93.52282355342916, 42.21233864255349], [-93.52282578170536, 42.21260882127376], [-93.52282801001215, 42.21287899998118], [-93.52283023834948, 42.21314917867572], [-93.52283246671743, 42.213419357357395], [-93.52319814024774, 42.213687878887264], [-93.52320037022574, 42.213958057527606], [-93.52320260023433, 42.21422823615508], [-93.52320483027353, 42.21449841476969], [-93.52320706034332, 42.21476859337143], [-93.52320929044372, 42.21503877196031], [-93.52321152057472, 42.21530895053631], [-93.52285029476172, 42.215580786347594], [-93.52248906585066, 42.21585262102564], [-93.52212783384145, 42.21612445457045], [-93.52176659873408, 42.21639628698197], [-93.52140313799006, 42.2163979396706], [-93.52104189820484, 42.216669769812775], [-93.52068065532136, 42.21694159882156], [-93.52068287482246, 42.21721177741648], [-93.52032162732193, 42.21748360529453], [-93.52032384533473, 42.217753783879225], [-93.51996259321703, 42.21802561062648], [-93.51960133800085, 42.218297436240235], [-93.51923786622986, 42.218299082127864], [-93.51887660633551, 42.21857090547193], [-93.5185153433426, 42.218842727682414], [-93.51815186838196, 42.21884437014601], [-93.51779060071081, 42.21911619008665], [-93.51742932994101, 42.21938800889365], [-93.51743153577202, 42.2196581875121], [-93.51779722285191, 42.21992672589568]]}}, {"type": "Feature", "properties": {}, "geometry": {"type": "LineString", "coordinates": [[-93.55308069066271, 42.22273409688941], [-93.55344654549182, 42.223002520488855], [-93.55381240342014, 42.22327094289058], [-93.55417826444769, 42.22353936409457], [-93.55454412857449, 42.22380778410077], [-93.55490999580063, 42.224076202909146], [-93.55527586612612, 42.22434462051968], [-93.55564173955102, 42.22461303693235], [-93.55600761607538, 42.22488145214709], [-93.5563734956992, 42.2251498661639], [-93.55673937842253, 42.22541827898272], [-93.55710526424546, 42.22568669060354], [-93.55710763973597, 42.22595686716626], [-93.55747353024096, 42.226225277559536], [-93.55783704519018, 42.22622351025101], [-93.55820056010677, 42.22622174179054], [-93.55856169326822, 42.225949795694845], [-93.55892282333005, 42.22567784846765], [-93.55928395029225, 42.225405900109]]}}, {"type": "Feature", "properties": {}, "geometry": {"type": "LineString", "coordinates": [[-93.55308069066271, 42.22273409688941], [-93.55308304874924, 42.223004273775935], [-93.55308540686812, 42.22327445064959], [-93.55272190854356, 42.223276202801344], [-93.55236076523865, 42.22354813069502], [-93.5519972652998, 42.22354988055958], [-93.55163376532866, 42.2235516292723], [-93.5512726157606, 42.22382355376342], [-93.55091146309317, 42.22409547712269], [-93.5505503073264, 42.22436739935008], [-93.5501891484602, 42.22463932044556], [-93.54982798649456, 42.2249112404091], [-93.54946447858158, 42.22491298229272], [-93.54946682142942, 42.22518315924067], [-93.54910331193452, 42.225184899988776], [-93.5487398024075, 42.225186639584976], [-93.54837629284837, 42.225188378029266], [-93.54801278325716, 42.22519011532164], [-93.54764693853485, 42.22492167443233], [-93.5472834304293, 42.22492340940455], [-93.54691992229172, 42.224925143224866], [-93.54655641412212, 42.22492687589328], [-93.54619290592055, 42.2249286074098], [-93.54582939768702, 42.2249303377744], [-93.54546588942154, 42.224932066987115], [-93.54510238112415, 42.224933795047924], [-93.54473887279487, 42.22493552195682], [-93.5443776855848, 42.225207424890165], [-93.54401185604068, 42.22493897231891], [-93.54364834761584, 42.2249406957721], [-93.54328483915918, 42.22494241807339], [-93.54292133067074, 42.22494413922277], [-93.54255782215051, 42.22494585922024], [-93.54219662545103, 42.22521775533939], [-93.54183311531757, 42.22521947304923], [-93.5414696051524, 42.22522118960714], [-93.54110840219036, 42.225493082322295], [-93.54074489041204, 42.225494796592514], [-93.5403813786021, 42.2254965097108], [-93.54002016937756, 42.225768399021824], [-93.53965895705335, 42.22604028720025], [-93.53929544204894, 42.226041996894935]]}}]}